12.2500,8.7650,13.5200,552.4000,0.0451,4.1530,4.8000,0.0311
13.2800,8.8660,14.3530,551.6000,0.0418,4.0670,4.2900,0.0295
12.3100,8.8310,14.0030,551.7000,0.0524,4.1260,11.2500,0.0286
11.7200,8.7240,13.1820,556.5000,0.0562,4.0650,16.0100,0.0356
11.4600,8.7020,12.9990,558.2000,0.0565,4.1090,16.0400,0.0327
11.8100,8.7380,13.3550,557.3000,0.0461,3.9250,5.5200,0.0273
13.4700,8.8220,14.2680,556.1000,0.0556,4.0230,10.5300,0.0581
14.0800,8.9530,14.9590,553.7000,0.0437,3.9590,5.6700,0.0260
13.3900,8.8740,14.1340,554.5000,0.0525,3.8350,13.6300,0.0329
12.6900,8.8220,13.9430,556.4000,0.0553,3.9940,16.9100,0.0302
12.4900,8.7480,13.3830,558.9000,0.0550,3.8670,15.1300,0.0350
12.8300,8.7930,13.4970,557.0000,0.0503,3.7560,11.0000,0.0301
14.5900,8.8280,14.1800,542.1000,0.0489,3.8060,10.4600,0.0365
15.3600,9.0260,15.7770,553.2000,0.0536,3.8050,7.1100,0.0264
14.6900,8.9530,15.0840,544.9000,0.0546,3.7410,13.4400,0.0376
14.1300,8.8840,14.2450,547.8000,0.0554,3.6400,15.8200,0.0435
13.7900,8.8710,14.2190,546.5000,0.0546,3.7540,15.2100,0.0375
13.9800,8.9370,15.0070,544.8000,0.0536,3.6110,8.6400,0.0291
15.4300,9.0280,16.0310,545.4000,0.0614,3.7710,12.8900,0.0324
16.4000,9.0390,15.4840,539.4000,0.0621,3.6030,14.2600,0.0442
14.7300,9.0210,14.9830,527.7000,0.0659,3.4960,19.2500,0.0400
13.6000,8.8460,13.1190,530.3000,0.0659,3.4960,18.7300,0.0400
12.7400,8.8500,13.0900,536.5000,0.0594,3.4340,16.3900,0.0348
12.7400,8.8330,13.0010,537.1000,0.0516,3.3690,11.5400,0.0251
14.5300,8.9120,14.0260,534.4000,0.0542,3.2860,11.7700,0.0350
14.7000,8.9860,14.8090,527.3000,0.0582,3.1330,13.7000,0.0375
14.0600,8.9180,13.8770,526.6000,0.0584,3.1880,17.4300,0.0439
13.5100,8.7780,12.6830,526.6000,0.0628,3.1760,19.8100,0.0598
12.8400,8.7670,12.3350,522.8000,0.0598,3.1380,17.5300,0.0526
12.7300,8.8300,12.8700,518.9000,0.0586,3.0630,13.4900,0.0398
14.2300,8.8270,13.6740,534.5000,0.0606,3.0010,14.6000,0.0513
14.5500,8.9690,14.8340,528.6000,0.0586,2.9800,14.6400,0.0484
13.8500,8.9480,14.1500,531.1000,0.0583,2.9770,14.8100,0.0483
13.2600,8.8800,13.3680,530.0000,0.0588,2.9400,17.0600,0.0498
12.8200,8.7900,12.5200,530.3000,0.0575,2.8660,16.0900,0.0520
12.9500,8.8050,12.5630,528.2000,0.0595,2.8290,13.6600,0.0454
15.3300,8.8190,13.2480,523.9000,0.0549,2.7780,13.2000,0.0577
16.4600,8.8140,14.0210,506.3000,0.0510,2.7090,12.3000,0.0605
15.1900,8.8550,13.2420,516.7000,0.0557,2.6330,13.9500,0.0722
14.1800,8.8770,13.0090,518.2000,0.0588,2.6410,16.1500,0.0521
13.5900,8.8200,12.3480,519.1000,0.0579,2.7070,15.0100,0.0452
13.4100,8.7780,12.0380,519.3000,0.0574,2.6170,14.4200,0.0458
14.5400,8.8950,13.4220,515.9000,0.0567,2.5480,14.0200,0.0464
16.1200,8.7980,13.5330,506.7000,0.0649,2.4790,18.5900,0.0688
14.8400,8.8950,13.0310,511.9000,0.0605,2.4810,16.5400,0.0510
14.2400,8.8690,12.6270,509.1000,0.0592,2.5250,16.8500,0.0461
13.7700,8.7160,11.4900,510.6000,0.0574,2.5860,16.3900,0.0556
13.6300,8.7250,11.4800,510.7000,0.0555,2.4770,15.4700,0.0477
14.0000,8.8300,12.4990,508.9000,0.0549,2.3930,13.5900,0.0435
14.2400,8.8390,13.0340,505.3000,0.0556,2.4030,15.1800,0.0500
13.8200,8.7840,12.1920,505.3000,0.0527,2.4020,14.9500,0.0507
13.4200,8.6890,11.4860,503.7000,0.0527,2.4020,15.8400,0.0507
13.1500,8.6050,10.9360,505.0000,0.0514,2.3870,15.0600,0.0549
13.1900,8.5930,10.8630,505.4000,0.0535,2.2650,14.1000,0.0509
14.3200,8.7160,11.9520,508.4000,0.0521,2.1930,13.3200,0.0481
15.8900,8.7370,12.7160,498.4000,0.0543,2.1840,16.2600,0.0604
14.8700,8.6680,11.7870,494.4000,0.0524,2.2160,15.5000,0.0549
14.2900,8.5230,10.4790,479.3000,0.0536,2.1140,17.1900,0.0683
13.7600,8.4420,10.1720,467.0000,0.0501,2.0890,14.3600,0.0608
14.0400,8.3110,9.4860,474.0000,0.0572,1.9750,16.2300,0.0676
14.9900,8.5210,10.7740,479.8000,0.0606,2.0410,15.9700,0.0547
15.8200,8.5970,11.2800,481.1000,0.0568,2.0450,14.9800,0.0532
14.9800,8.4830,10.5920,480.0000,0.0557,2.0320,14.0300,0.0544
14.4600,8.5720,10.5740,479.2000,0.0559,1.9440,11.7800,0.0476
14.1800,8.5320,10.4010,477.2000,0.0610,2.1200,11.5100,0.0441
14.5300,8.6270,11.0810,475.2000,0.0635,2.1080,11.0200,0.0384
16.4300,8.8190,12.9240,468.4000,0.0698,2.0820,9.9100,0.0378
17.1800,8.9610,13.8120,466.9000,0.0763,2.1390,9.3300,0.0433
15.7400,8.8690,12.6840,468.4000,0.0840,2.1960,11.3400,0.0587
15.3300,8.7840,11.6240,471.1000,0.1178,2.5300,12.3900,0.1067
14.9700,8.5470,9.8580,474.7000,0.1678,3.0560,12.8700,0.2670
15.3200,8.4800,9.6860,475.4000,0.1998,3.2470,11.8900,0.4103
17.3800,8.8170,13.0930,464.2000,0.1735,3.0640,9.6500,0.3098
17.5400,8.8800,13.4750,460.1000,0.1692,3.2200,8.6700,0.3646
16.4800,8.5560,10.2460,469.2000,0.1786,3.1830,11.1900,0.5089
15.5000,8.1890,7.6440,477.5000,0.2102,3.6000,9.0700,0.7574
15.1900,8.0900,7.0690,476.9000,0.2061,3.5810,7.6900,0.7560
15.7000,8.2570,8.2800,475.4000,0.2058,3.5130,7.5500,0.6786
17.9100,8.7740,13.1530,459.9000,0.1730,3.2230,8.7100,0.4806
18.6000,9.0260,15.6120,446.4000,0.1597,3.1510,8.9700,0.3593
17.3400,8.7570,11.5040,462.6000,0.1717,3.1510,11.0600,0.5194
16.7100,8.6350,10.2600,462.1000,0.1717,3.1510,8.6600,0.5194
16.3200,8.4830,9.3140,462.0000,0.1491,3.1290,7.5800,0.4995
16.7100,8.6800,10.7000,459.3000,0.1623,3.0730,8.4700,0.4356
18.3800,8.9170,14.3090,452.7000,0.1544,3.0350,10.9000,0.3582
18.3300,9.0930,16.8200,435.2000,0.1311,2.8040,13.1100,0.2348
17.4500,8.9420,13.9780,441.8000,0.1257,2.6740,11.5500,0.2445
16.9400,8.8120,11.6770,447.6000,0.1208,2.6550,12.9200,0.2542
16.5200,8.5670,9.8160,453.7000,0.1203,2.7300,9.7700,0.3054
16.4600,8.5700,10.1010,454.9000,0.1471,2.8710,11.2100,0.3001
18.3000,8.9040,14.3530,441.1000,0.1231,2.6280,10.8200,0.1991
18.9500,9.0090,15.2200,436.2000,0.1051,2.5960,10.3500,0.1638
17.6600,8.9420,13.4900,437.9000,0.1006,2.5150,9.1400,0.1639
17.0200,8.7860,11.4120,442.8000,0.1008,2.4610,13.3300,0.1801
16.5800,8.5530,9.6550,451.0000,0.1026,2.5530,11.4500,0.2174
17.0400,8.5850,10.2420,454.7000,0.1185,2.5590,11.6800,0.2267
19.0600,8.8580,13.4570,444.0000,0.1123,2.4620,11.0700,0.1684
19.6100,9.0160,14.5480,440.2000,0.1044,2.4710,10.5500,0.1516
17.9200,8.8700,12.8800,438.1000,0.0884,2.5010,10.0100,0.1388
17.0900,8.5880,10.5570,442.0000,0.0900,2.5050,12.7500,0.1572
16.7200,8.4580,9.0700,452.1000,0.0897,2.4290,10.7400,0.1664
17.2700,8.4110,9.1340,458.7000,0.1046,2.5050,10.1400,0.1791
19.2200,8.7750,12.8510,446.4000,0.1039,2.4120,10.2600,0.1393
20.0000,8.9630,13.5360,443.5000,0.0878,2.4120,9.8400,0.1211
18.4300,8.8880,12.2300,442.0000,0.0856,2.3860,10.6900,0.1120
17.4600,8.5010,9.7140,444.9000,0.0821,2.3540,12.5100,0.1365
17.3600,8.3810,8.3560,454.7000,0.0833,2.4340,10.1800,0.1407
17.1300,8.1420,7.6880,459.5000,0.0953,2.3620,11.3100,0.1521
17.8100,8.3800,9.8500,474.0000,0.0999,2.4350,11.9100,0.1211
17.4600,8.4600,10.4370,466.3000,0.0917,2.2660,15.1000,0.1157
16.8700,8.1970,8.3980,469.9000,0.0839,2.2640,11.9400,0.1409
16.7400,8.1630,7.7430,471.3000,0.0807,2.2700,11.5000,0.1362
16.3200,7.9170,6.5290,472.4000,0.0793,2.3280,10.7700,0.1500
15.9900,7.9400,7.1470,476.6000,0.0872,2.2720,12.0300,0.1496
17.4100,8.3140,10.0530,468.3000,0.0857,2.2700,9.8500,0.1226
17.9100,8.3950,10.8650,462.4000,0.0771,2.2670,8.0800,0.1139
16.6300,8.2200,9.4900,462.4000,0.0717,2.2810,7.8500,0.1119
16.1400,8.0260,7.7620,475.9000,0.0789,2.1890,9.8100,0.1333
15.7600,7.8770,6.8880,476.6000,0.0759,2.2520,10.4000,0.1313
15.7600,7.8700,6.9400,478.2000,0.0841,2.2370,10.4600,0.1237
16.8800,8.2280,9.7040,474.5000,0.0854,2.1630,10.5300,0.1119
17.7700,8.6490,13.7450,453.8000,0.0719,2.1820,7.8000,0.0690
16.7400,8.4600,11.3850,456.2000,0.0631,2.1480,9.9300,0.0694
16.2500,8.1730,8.6800,475.7000,0.0757,2.2000,10.6900,0.0950
15.6500,7.8990,7.3780,477.6000,0.0754,2.2010,10.0500,0.0950
16.2200,8.0390,8.3800,477.6000,0.0814,2.1360,10.0400,0.0925
18.1800,8.4020,11.2440,470.5000,0.0783,2.0720,7.9100,0.0775
18.9600,8.5210,11.0200,469.4000,0.0687,2.0250,5.7700,0.0681
17.4700,8.4650,10.4200,465.2000,0.0694,2.0840,6.3800,0.0655
16.6100,8.1730,9.2180,464.8000,0.0627,2.0840,7.7700,0.0705
16.2300,7.9270,7.3140,476.9000,0.0693,2.0520,8.8800,0.0845
16.2200,7.8620,7.0180,478.6000,0.0742,1.9840,10.0000,0.0815
18.5800,8.2830,9.9050,477.9000,0.0781,2.0440,9.0700,0.0728
19.2100,8.4740,10.5680,470.9000,0.0702,2.0220,4.9100,0.0652
17.8100,8.3840,10.0540,465.8000,0.0635,2.0510,4.9700,0.0614
17.0700,8.1160,8.5130,470.6000,0.0656,2.0200,6.2200,0.0730
16.6300,7.9320,7.6620,469.7000,0.0631,2.1020,6.5200,0.0741
16.8300,7.8960,7.5070,475.1000,0.0715,2.0720,8.2500,0.0736
18.7100,8.1550,9.3810,476.2000,0.0781,1.9310,9.5000,0.0816
19.5900,8.5590,11.5840,468.5000,0.0860,2.0510,17.3500,0.0667
18.3400,8.4920,10.2860,467.2000,0.0680,2.0280,6.4600,0.0583
17.0800,8.1620,8.7900,468.0000,0.0646,2.0170,6.7300,0.0679
16.2300,7.8620,6.9820,475.3000,0.0665,2.0540,8.2100,0.0817
16.9100,7.9540,7.2930,486.4000,0.0786,2.0850,6.7500,0.0718
19.0200,8.3480,9.8120,479.0000,0.0805,2.0410,6.4400,0.0584
19.0100,8.4730,10.8540,467.8000,0.0647,2.0380,4.9700,0.0579
17.4700,8.2800,8.7120,476.1000,0.0672,1.9390,5.5500,0.0593
16.1800,8.1080,8.2390,473.5000,0.0621,2.0050,5.5300,0.0597
15.4500,7.9270,7.0640,480.1000,0.0669,2.0590,6.4600,0.0692
16.0000,7.8960,6.9150,487.6000,0.0703,1.9740,7.0000,0.0744
17.9600,8.4260,10.1450,479.6000,0.0778,2.1280,7.3000,0.0495
18.2100,8.5910,11.2870,468.5000,0.0679,2.0900,5.7800,0.0452
17.2600,8.4990,10.1050,472.1000,0.0679,2.0900,7.0300,0.0452
16.4300,8.2850,9.0670,474.5000,0.0633,1.9790,6.6400,0.0497
15.7300,8.0420,7.9840,476.2000,0.0616,1.9390,6.3600,0.0541
16.2200,7.9960,7.7900,477.4000,0.0684,1.9380,6.1500,0.0526
18.4600,8.5650,10.8340,471.5000,0.0718,1.9260,6.3500,0.0370
18.8100,8.6410,11.1340,469.4000,0.0706,2.1060,5.7600,0.0421
17.7400,8.6090,10.4220,465.8000,0.0658,2.0370,5.6800,0.0365
16.7700,8.4270,9.4000,469.7000,0.0630,2.0280,5.5700,0.0438
16.1600,8.1230,8.0510,470.7000,0.0629,2.1040,6.2700,0.0559
16.5700,8.0650,7.6510,479.7000,0.0697,1.9360,7.0100,0.0592
19.1200,8.6120,10.4050,475.3000,0.0822,2.0730,6.2700,0.0608
19.0600,8.5650,9.8490,477.2000,0.0788,2.2120,5.5700,0.0615
18.0700,8.4190,9.0370,479.9000,0.0744,2.1050,5.5700,0.0635
17.2800,8.2640,8.6680,473.1000,0.0653,2.1360,5.0500,0.0619
16.5300,7.9620,7.1920,476.6000,0.0675,2.0840,5.5700,0.0752
17.0400,7.9450,6.9130,484.9000,0.0747,1.9980,5.9700,0.0810
19.7200,8.5260,9.9080,492.1000,0.0854,2.2520,7.5500,0.0722
19.6100,8.4240,9.6090,484.6000,0.0789,2.2520,5.8100,0.0840
18.6200,8.2570,8.3020,485.1000,0.0755,2.2230,5.6800,0.0833
17.7300,8.1020,7.7340,484.6000,0.0661,2.1790,5.8400,0.0778
16.8300,7.8730,6.6160,483.8000,0.0684,2.1950,6.0700,0.0878
17.2900,7.8360,6.2040,491.7000,0.0786,2.0150,6.1200,0.0960
19.4800,8.4890,9.6070,488.9000,0.0831,2.1270,7.3300,0.0798
19.5100,8.3980,10.3250,475.5000,0.0800,2.0930,6.8500,0.0869
18.4700,8.0350,7.1980,487.9000,0.0783,2.1060,6.2300,0.0986
18.1200,7.9110,6.5180,486.8000,0.0746,2.1770,7.3200,0.0979
17.6300,7.7970,5.8510,484.2000,0.0743,2.1210,6.9700,0.1030
17.0300,7.7130,5.4470,480.6000,0.0734,1.9660,6.2200,0.1075
17.0100,7.8440,6.6780,483.4000,0.0766,1.9710,5.9500,0.1132
16.9000,7.9430,7.8120,471.8000,0.0759,2.0790,6.9100,0.1069
16.7200,7.8150,7.0540,470.3000,0.0699,2.0130,5.7000,0.1175
16.3800,7.7140,5.8780,474.3000,0.0719,2.1310,6.6500,0.1285
16.2500,7.6530,4.9820,484.3000,0.0777,2.2950,7.3300,0.1544
16.0500,7.6530,5.2220,479.3000,0.0807,2.2280,6.4400,0.1543
16.6300,7.7450,6.2370,485.2000,0.0839,2.1110,6.3600,0.1580
16.7200,7.8780,8.2340,472.0000,0.0763,2.1140,5.3600,0.1357
16.2000,7.8620,8.1380,466.5000,0.0763,2.1140,5.4000,0.1357
15.9300,7.7230,6.5940,474.7000,0.0709,2.1360,5.1600,0.1401
15.5700,7.6500,5.5760,477.0000,0.0739,2.1810,5.0500,0.1693
15.7800,7.6690,5.7980,480.6000,0.0789,2.1930,6.0400,0.1759
17.6500,7.8980,7.9470,478.9000,0.0865,2.1800,9.0300,0.1611
18.6500,7.9660,8.6250,474.1000,0.0824,2.2560,6.3800,0.1533
17.4100,7.8980,7.3160,476.5000,0.0816,2.2490,6.8500,0.1572
16.6600,7.8050,7.1490,470.4000,0.0729,2.2640,6.6000,0.1334
16.0900,7.6740,5.5110,482.1000,0.0830,2.2550,7.2400,0.1654
16.8300,7.7230,5.6300,488.7000,0.0885,2.1900,7.6200,0.1685
19.3600,8.0470,8.1340,484.1000,0.0905,2.0440,7.3200,0.1407
19.3300,8.1080,8.7460,472.1000,0.0883,2.1730,7.2500,0.1377
17.7900,7.8700,7.0520,473.8000,0.0788,2.1830,6.6800,0.1411
17.1400,7.7940,6.7620,470.2000,0.0748,2.1600,7.1700,0.1288
16.5900,7.6560,5.3200,475.2000,0.0744,2.1370,6.1000,0.1283
17.0300,7.7080,5.2980,485.3000,0.0854,2.1390,5.9700,0.1479
19.5400,8.0610,8.0140,484.2000,0.0942,2.0420,6.8300,0.1394
20.0700,8.2010,9.1840,468.6000,0.0859,2.1250,8.7700,0.1269
18.6600,7.8620,6.5910,476.9000,0.0854,2.1620,7.3300,0.1516
17.8400,7.7450,5.5860,481.7000,0.0872,2.1770,7.6100,0.1603
17.1100,7.6270,4.8530,478.1000,0.0821,2.1510,6.1300,0.1500
17.5400,7.6640,4.9500,486.7000,0.0880,2.0380,6.2100,0.1596
19.5200,7.9350,7.4710,482.7000,0.0948,1.9650,6.5400,0.1444
19.8500,8.0470,7.7560,480.1000,0.0951,2.1420,9.7300,0.1769
18.5500,7.7700,5.4890,486.6000,0.0951,2.1420,6.1100,0.1769
17.8300,7.6610,5.0130,478.7000,0.0823,2.0160,7.4700,0.1570
17.7200,7.5900,4.0380,481.8000,0.0786,2.0000,5.4700,0.1540
18.2600,7.6590,4.5020,490.3000,0.0905,1.9540,6.5000,0.1631
19.6400,7.9580,7.6070,474.5000,0.0897,1.9120,6.5700,0.1262
20.0500,8.0790,7.4340,483.9000,0.0957,1.9950,11.7600,0.1633
18.9300,7.8770,6.1410,484.1000,0.0923,1.9370,6.8300,0.1547
18.1200,7.7500,5.2860,483.0000,0.0829,1.8890,6.4200,0.1410
17.1400,7.5950,3.8850,485.3000,0.0816,1.8440,4.9000,0.1464
17.7800,7.8330,5.6990,490.4000,0.0816,1.8440,6.6900,0.1464
20.1900,8.1680,8.0820,487.4000,0.0986,1.8480,7.5000,0.1224
20.7500,8.2170,7.9210,483.0000,0.0919,1.9040,8.4900,0.1244
19.0800,8.0180,7.0040,476.9000,0.0869,1.9260,6.7000,0.1096
18.3200,7.8540,6.0810,475.9000,0.0811,1.8700,5.4300,0.1035
17.4800,7.6630,4.4430,481.7000,0.0815,1.7710,5.4300,0.1088
18.2800,7.9480,6.2820,485.9000,0.0925,1.7510,6.1700,0.1007
20.2700,8.3290,8.7910,479.2000,0.0967,1.6840,6.6700,0.0880
20.7800,8.2700,7.7520,490.1000,0.1027,1.7750,8.0200,0.1249
19.5600,8.0190,7.0050,473.3000,0.1027,1.7750,10.6600,0.1249
18.7600,7.8520,5.9470,472.5000,0.0904,1.7790,5.2200,0.1098
17.9200,7.6760,4.2160,480.9000,0.0827,1.6340,4.3700,0.1123
18.6000,7.8830,5.7320,485.2000,0.0923,1.6240,5.5700,0.1019
20.8100,8.4970,9.4330,471.2000,0.0911,1.6450,5.6800,0.0775
21.6700,8.6150,8.7200,485.1000,0.0946,1.6430,7.1900,0.0813
20.8400,8.3840,8.0110,468.3000,0.0863,1.6900,5.7800,0.0777
19.1500,8.0000,7.0910,456.3000,0.0863,1.6900,8.0600,0.0777
18.1700,7.6930,4.4300,475.8000,0.0829,1.6010,5.3900,0.0966
18.4200,7.8020,4.8830,486.8000,0.0961,1.6220,5.7700,0.1042
20.1100,8.5990,10.0880,466.4000,0.0987,1.6430,8.7000,0.0615
20.3800,8.6950,10.9590,452.5000,0.0863,1.8500,8.0900,0.0573
18.8300,8.4500,9.0110,455.1000,0.0872,1.7680,10.9700,0.0607
17.7900,8.0260,6.1370,473.3000,0.0874,1.6000,4.9000,0.0713
17.0300,7.7230,3.9750,491.8000,0.0905,1.4310,5.3200,0.0890
18.1900,8.2050,7.3300,487.6000,0.0931,1.4510,8.0700,0.0711
20.7900,8.7770,11.0820,469.6000,0.0915,1.5150,7.9800,0.0542
21.3500,8.7970,11.6940,453.1000,0.0885,1.6860,6.8200,0.0557
19.7300,8.4600,9.4030,453.0000,0.0872,1.7060,6.5400,0.0628
18.8100,8.0300,6.1600,467.7000,0.0847,1.6510,4.6600,0.0751
18.1900,7.7060,3.7610,482.7000,0.0871,1.4550,3.0900,0.0839
18.4300,7.8390,4.9310,490.0000,0.0962,1.2360,4.7900,0.0795
20.5800,8.7600,10.1870,483.2000,0.0980,1.3390,6.6100,0.0587
21.3400,8.8910,12.1610,454.3000,0.0980,1.3390,6.2000,0.0587
20.0500,8.6400,10.5910,447.9000,0.0910,1.7250,6.6400,0.0595
19.0900,8.0580,6.7000,463.7000,0.0910,1.7250,4.7300,0.0595
18.7000,7.6930,3.2620,487.0000,0.0919,1.2790,3.3700,0.0895
18.6200,7.7610,4.4130,490.2000,0.0969,1.2150,5.5200,0.0860
19.2500,8.3040,7.8800,482.4000,0.1020,1.2840,5.9300,0.0794
19.3100,8.6450,9.8150,468.6000,0.1029,1.3970,5.9500,0.0820
18.6100,8.3220,8.8170,459.7000,0.0939,1.5620,4.5000,0.0826
18.2800,7.7320,4.6020,481.1000,0.0987,1.4060,4.5900,0.1182
17.9600,7.5410,2.4260,493.4000,0.1077,1.2960,2.7500,0.1531
18.0200,7.5950,3.4020,492.1000,0.1096,1.2420,4.1300,0.1477
19.3500,8.0290,7.7310,474.5000,0.1034,1.5270,7.2200,0.1477
19.1000,8.1390,8.4420,450.5000,0.1094,1.6880,9.0700,0.1332
18.5200,7.9300,7.1750,450.8000,0.1003,1.6290,5.4000,0.1422
18.0300,7.6460,4.7380,460.0000,0.1015,1.5760,3.9700,0.1599
17.5300,7.4970,2.5800,482.9000,0.1191,1.4470,2.4500,0.2099
17.8100,7.6080,4.3440,480.0000,0.1140,1.4690,3.9700,0.1825
20.3100,8.2020,9.0270,456.4000,0.1076,1.7110,6.0700,0.1260
21.9400,8.4710,9.7520,450.0000,0.1107,1.7570,6.4300,0.1154
20.1100,7.7730,5.0330,490.3000,0.1100,1.4700,8.1700,0.1698
19.0700,7.6840,4.9120,462.1000,0.1036,1.6330,5.6100,0.1507
18.1700,7.6080,4.7550,459.1000,0.1015,1.6490,6.0600,0.1494
18.4900,7.5650,3.9520,475.9000,0.1145,1.4200,4.8200,0.1464
20.1800,7.9830,7.9160,463.3000,0.1154,1.5340,9.4500,0.1272
20.8300,8.2570,8.9160,460.5000,0.1088,1.5770,11.1400,0.1268
19.7600,7.9820,7.4350,455.2000,0.1053,1.6730,12.1900,0.1315
19.2700,7.6210,4.1960,474.1000,0.1108,1.4080,7.3400,0.1645
18.6500,7.5300,3.4230,471.9000,0.1106,1.5110,5.8700,0.1691
18.4900,7.5120,3.2420,476.3000,0.1185,1.4080,4.8700,0.1669
19.9000,7.7390,5.9320,473.8000,0.1242,1.3760,8.2500,0.1470
21.2000,8.1750,8.5540,456.9000,0.1152,1.5640,11.9500,0.1420
20.3000,7.9800,7.2210,456.0000,0.1107,1.5970,12.1600,0.1502
19.6900,7.6010,3.3880,475.5000,0.1227,1.3580,7.2700,0.2002
19.4100,7.5140,2.7550,478.9000,0.1246,1.3520,7.0200,0.1936
19.3800,7.5010,2.7070,483.4000,0.1261,1.2830,6.7800,0.1875
20.5900,7.7490,5.6850,484.4000,0.1360,1.2650,11.9700,0.1602
21.3400,8.1200,7.9340,464.8000,0.1364,1.5040,18.6000,0.1599
20.6400,7.8720,6.1640,471.1000,0.1265,1.4080,16.8300,0.1594
20.2100,7.5980,3.8940,475.1000,0.1241,1.3620,9.7700,0.1845
19.7900,7.4860,2.7110,478.4000,0.1306,1.3690,8.1700,0.2051
20.1100,7.5010,3.0520,489.6000,0.1442,1.2580,8.4600,0.1925
22.0300,8.0260,7.8240,482.3000,0.1438,1.2850,14.2600,0.1512
21.9700,8.3330,9.3560,471.8000,0.1227,1.4030,15.0600,0.1245
21.2600,7.9250,6.6780,479.7000,0.1246,1.4500,16.0700,0.1312
20.7200,7.6370,4.4950,481.8000,0.1203,1.3260,11.5800,0.1540
20.1200,7.5020,2.9600,488.4000,0.1298,1.2570,10.2300,0.1763
19.9900,7.4750,2.7360,493.4000,0.1446,1.1900,10.4800,0.1745
20.7600,7.7610,6.0800,488.8000,0.1523,1.1880,17.1400,0.1489
21.0800,8.0030,7.5790,486.1000,0.1516,1.1600,21.3900,0.1520
20.2100,7.8650,6.6290,478.8000,0.1406,1.2980,25.8300,0.1568
19.6600,7.5590,3.6020,492.1000,0.1355,1.1780,13.2400,0.1787
19.3600,7.4910,2.9260,486.9000,0.1302,1.2470,10.4200,0.1983
19.0300,7.4830,3.1240,477.4000,0.1447,1.2540,10.8200,0.2238
19.2700,7.5800,4.3610,480.2000,0.1563,1.2580,13.9100,0.2161
20.6900,7.7960,6.5910,463.5000,0.1392,1.4840,14.5100,0.2049
19.7900,7.8340,6.5750,467.5000,0.1378,1.5000,22.8100,0.2031
18.7900,7.5360,3.7360,479.3000,0.1396,1.3230,11.1100,0.2339
18.2500,7.4580,2.6060,487.4000,0.1458,1.3120,9.8000,0.2740
19.1200,7.5820,4.4180,488.2000,0.1553,1.3130,13.8700,0.2475
21.1000,7.8210,6.6800,490.6000,0.1781,1.2640,22.7800,0.2298
21.7700,8.0160,8.2140,472.9000,0.1366,1.4470,21.0000,0.1973
20.6900,7.9530,7.6590,466.6000,0.1331,1.5240,24.5300,0.1803
19.8800,7.6220,4.7230,481.7000,0.1286,1.3420,14.0600,0.2086
19.1000,7.4880,2.9510,491.0000,0.1363,1.2750,11.9200,0.2362
19.8900,7.6430,5.2370,494.9000,0.1511,1.3240,16.9300,0.2264
21.8100,7.9120,7.8620,481.4000,0.1529,1.3700,21.9100,0.1950
22.5000,8.1460,9.3340,478.9000,0.1393,1.4710,16.7300,0.1875
21.2800,7.9540,7.7240,480.0000,0.1319,1.4360,22.0200,0.1853
20.3800,7.6160,4.6030,488.7000,0.1272,1.3800,16.5800,0.2129
19.5400,7.4840,2.7900,497.3000,0.1341,1.1970,13.4800,0.2271
20.5300,7.6770,5.6270,497.9000,0.1487,1.2060,18.3100,0.1901
22.2000,7.9150,8.1700,486.0000,0.1540,1.3910,21.9800,0.1496
23.0600,8.2460,10.4440,470.4000,0.1277,1.4120,18.2800,0.1203
21.8400,8.0950,8.5490,480.4000,0.1225,1.3290,24.1300,0.1366
20.6900,7.6420,4.5860,493.8000,0.1365,1.1370,21.2700,0.1725
20.0200,7.5070,2.9080,501.4000,0.1297,1.4710,14.3800,0.1910
19.9800,7.5380,3.4160,503.5000,0.1463,1.2260,15.2700,0.2045
20.9200,7.7210,6.2180,495.4000,0.1611,1.2520,21.4900,0.1709
21.4100,7.8800,7.4930,492.6000,0.1596,1.3040,31.7800,0.1643
21.0100,8.0350,8.1540,491.7000,0.1418,1.2060,30.2000,0.1453
20.2600,7.6580,4.7550,501.6000,0.1354,1.0530,20.5000,0.1665
19.8300,7.5620,3.6470,505.4000,0.1162,1.1460,15.5600,0.1857
20.3700,7.6680,5.1420,504.1000,0.1456,1.2520,19.7700,0.1594
22.1000,8.1200,9.5410,484.7000,0.1451,1.3410,18.6500,0.1104
22.5800,8.2540,10.1140,477.7000,0.1200,1.2820,21.6100,0.0990
21.5700,8.2980,9.3500,486.6000,0.1365,1.2490,27.5100,0.0900
20.7400,7.7630,5.2750,504.8000,0.1308,1.0150,20.7700,0.1176
20.2700,7.8170,6.0840,507.1000,0.1246,1.1740,20.9000,0.0969
21.0100,8.1420,8.7690,503.5000,0.1742,1.2410,23.6100,0.0426
23.2800,8.6790,12.8520,486.7000,0.1266,1.3110,18.4700,0.0347
23.7800,8.7110,12.7070,471.9000,0.1333,1.3870,18.5400,0.0417
22.6800,8.6950,11.4600,490.3000,0.1500,1.2450,30.9300,0.0595
21.9600,8.1110,6.7410,515.3000,0.1338,0.8340,22.6000,0.0895
21.3200,8.5000,9.1050,517.8000,0.1345,1.0950,32.2800,0.0423
21.9100,8.6870,11.2950,513.0000,0.2533,1.5340,30.9900,0.0262
23.4200,8.4470,10.2300,502.9000,0.1441,1.0470,27.1800,0.0644
24.7400,8.9770,14.6930,480.6000,0.1425,1.2000,20.5200,0.0369
24.0700,9.0270,13.3890,500.9000,0.1658,1.0180,26.8900,0.0494
22.4000,8.4400,7.8000,505.0000,0.1391,1.0070,20.7600,0.0737
21.6500,8.6580,9.5370,518.1000,0.1319,0.9710,25.6700,0.0461
22.2800,8.8580,11.9870,513.6000,0.2196,1.4880,31.0100,0.0332
24.3000,8.8440,12.7150,503.4000,0.1429,0.9720,27.8700,0.0541
25.0200,8.7240,12.5690,470.3000,0.1277,1.2500,19.2400,0.0579
24.4800,9.0820,13.2430,503.2000,0.1618,0.9540,24.6100,0.0487
22.9100,8.5750,7.6010,508.1000,0.1341,0.7980,18.3400,0.0799
22.1100,8.8100,9.6020,517.3000,0.1392,0.8170,27.5700,0.0489
22.7100,8.9150,11.5670,513.5000,0.2300,1.1770,35.2300,0.0361
24.1300,8.6400,11.6770,470.2000,0.1402,1.1350,17.1400,0.0508
25.3800,8.8420,12.9170,475.0000,0.1492,1.1220,16.6500,0.0483
24.3700,8.9770,11.3860,503.5000,0.1788,1.0470,24.7700,0.0480
23.0300,8.6280,7.0900,516.5000,0.1414,0.8080,21.2000,0.0728
22.2700,8.4580,6.8260,520.9000,0.1486,0.9550,33.3500,0.0774
22.8600,8.7320,9.8250,510.8000,0.2814,1.3150,38.1700,0.0368
24.3700,8.8880,12.3080,495.4000,0.1460,0.8750,24.3300,0.0427
24.9700,9.0330,13.4450,502.0000,0.2016,1.0360,25.4300,0.0422
24.1300,8.9120,10.7250,509.5000,0.1569,0.8710,26.9500,0.0674
23.1500,8.6980,7.9910,519.8000,0.1249,0.6770,25.9100,0.0691
22.3200,8.3630,6.2610,520.0000,0.1330,0.8300,30.9800,0.0833
22.1600,8.2520,7.6840,488.0000,0.1517,0.9850,44.4100,0.0732
23.4400,7.9410,5.5560,501.9000,0.1812,1.0390,32.7100,0.1370
24.8900,8.2590,7.9220,488.8000,0.1573,1.0540,30.8000,0.1234
24.6500,8.5910,9.5310,481.2000,0.1419,0.9540,30.7100,0.0823
23.3400,8.1460,6.6900,480.9000,0.1457,1.0190,42.0800,0.1196
22.1500,7.8830,5.2870,475.5000,0.1311,1.1680,27.6800,0.1288
21.9900,7.7910,4.5190,477.6000,0.1458,1.0560,39.2000,0.1388
22.2700,7.8800,6.2840,466.2000,0.1273,1.1520,23.3300,0.1096
22.8300,7.7810,5.5470,464.7000,0.1285,1.1360,20.5200,0.1494
23.0000,8.1070,7.5000,467.0000,0.1285,1.1360,27.0600,0.1494
22.2700,7.9540,6.1130,471.1000,0.1440,1.1000,31.2400,0.1271
21.7300,7.8130,5.0220,471.5000,0.1373,1.3640,30.0300,0.1283
21.7000,7.7130,4.2370,466.6000,0.1384,1.3150,25.3400,0.1484
22.4800,7.7830,5.6000,464.6000,0.1432,1.3400,23.4600,0.1393
23.2500,7.6900,4.5130,469.2000,0.1601,1.2220,19.2200,0.1844
23.5800,7.5930,3.2500,470.3000,0.1929,1.1990,23.4000,0.2485
23.5400,7.9660,6.6360,473.8000,0.1535,1.0620,25.6200,0.1099
22.7900,7.7000,4.3290,468.1000,0.1763,1.2160,27.0800,0.1585
22.8000,7.8120,4.4270,501.8000,0.1569,0.8020,27.2000,0.1070
22.8500,7.8170,5.5870,481.4000,0.1496,0.9770,25.9300,0.1117
24.1200,7.8890,5.5210,490.9000,0.1604,0.9780,19.2700,0.1310
23.8100,7.7130,4.4800,478.4000,0.1917,1.0240,26.9500,0.2009
23.2100,7.7860,5.4490,469.7000,0.1736,1.1120,36.3900,0.1454
22.9400,7.7520,4.3710,489.9000,0.1520,0.9320,28.3400,0.1446
22.4900,7.6950,4.4790,476.7000,0.1574,1.0600,28.1900,0.1507
22.6500,7.7710,6.3400,458.9000,0.1461,1.2080,19.6400,0.1232
23.2300,7.7340,6.1610,456.8000,0.1495,1.1970,17.7200,0.1437
23.4000,7.7160,5.7860,454.4000,0.1648,1.2120,23.4800,0.1582
22.9300,7.7240,5.2610,461.3000,0.1716,1.1090,20.3500,0.1555
23.0300,7.6870,3.6940,496.8000,0.1651,1.0290,27.7400,0.1713
22.4200,7.6710,3.9210,488.7000,0.1758,1.1390,20.5600,0.1759
22.3800,7.6240,4.6170,463.0000,0.1671,1.2570,16.7700,0.1859
23.1100,7.5750,4.0550,459.6000,0.1599,1.3270,14.3800,0.2141
23.5600,7.5800,3.6220,464.5000,0.1961,1.1500,25.7800,0.2429
23.9200,7.8040,5.1870,489.2000,0.1961,1.1500,25.2200,0.2429
23.3100,7.7320,3.9720,505.6000,0.1738,1.0100,32.7100,0.2067
24.0400,7.7830,4.4310,517.3000,0.1738,1.0100,18.1600,0.2067
25.0100,7.9350,6.3510,506.6000,0.1580,0.7910,19.1600,0.1297
26.7000,8.3970,8.9060,521.5000,0.1416,0.7430,16.3700,0.0879
25.8100,8.2520,7.7080,516.0000,0.1625,0.7830,21.4400,0.0929
24.7100,7.9330,5.4520,516.9000,0.1530,0.7330,21.3200,0.1262
24.2900,7.8130,4.5610,521.3000,0.1379,0.7850,21.2400,0.1390
24.2400,7.8000,4.8060,516.6000,0.1505,0.7230,20.9800,0.1199
24.3600,7.8960,5.8330,516.9000,0.1507,0.7170,15.1100,0.1005
24.7600,8.0660,7.1410,517.6000,0.1501,0.7550,16.6900,0.1011
24.0600,7.8940,5.7770,518.4000,0.1466,0.7100,20.0200,0.1321
23.7100,7.7960,4.8170,519.2000,0.1408,0.7510,21.8400,0.1830
23.2700,7.7400,4.5810,511.7000,0.1422,0.9010,17.8000,0.2044
23.2800,7.7060,4.1680,515.9000,0.1457,0.8700,14.7900,0.2194
23.7100,7.7580,4.7360,518.1000,0.1418,0.8360,16.4300,0.2295
24.6300,7.8520,5.6990,517.6000,0.1420,0.9190,17.9200,0.2180
24.0800,7.7890,4.9150,518.6000,0.1365,0.8340,20.9000,0.2404
23.4700,7.6370,3.5500,514.9000,0.1425,0.8710,18.7000,0.2550
23.2800,7.6530,3.7550,520.0000,0.1331,0.8500,17.1100,0.2584
23.9000,7.6930,4.2380,519.8000,0.1283,0.8680,14.7900,0.2474
26.2100,7.8640,6.0170,523.4000,0.1223,0.8410,12.8400,0.2134
26.3900,8.0010,7.1200,522.6000,0.1240,0.8060,15.5400,0.1893
25.2000,7.8620,5.8720,521.9000,0.1264,0.8290,17.8300,0.2035
24.5300,7.7700,5.0160,523.6000,0.1212,0.8950,15.7900,0.1946
24.1600,7.7990,5.3160,524.4000,0.1191,0.8270,16.2600,0.1844
24.6500,7.8340,5.7330,524.3000,0.1265,0.8790,14.1800,0.1623
25.7300,7.9920,7.3880,522.4000,0.1321,0.8080,14.5800,0.1368
26.3900,8.3630,9.5620,524.7000,0.1265,0.8870,15.8700,0.1175
25.6000,8.2250,8.2880,524.0000,0.1280,0.8110,18.7200,0.1109
24.8100,7.8880,5.4340,523.6000,0.1254,0.6520,15.8800,0.1081
24.6100,8.1100,7.4740,524.6000,0.1218,0.7270,16.8700,0.0593
25.3600,8.3380,9.0530,524.7000,0.1196,0.6980,15.0800,0.0350
26.6200,8.7190,11.9690,524.8000,0.1328,0.7380,17.2100,0.0315
27.0100,8.7600,11.5440,528.5000,0.1262,0.8220,17.7200,0.0555
26.4300,8.6460,9.9010,531.3000,0.1246,0.7470,18.9300,0.0653
25.8300,8.3010,7.5110,531.7000,0.1190,0.6340,16.6300,0.0635
25.4800,8.4210,7.5730,530.3000,0.1234,0.7030,17.5400,0.0515
26.2600,8.6020,8.9330,529.8000,0.1166,0.6660,15.1700,0.0326
28.1600,9.0170,12.9980,527.8000,0.1310,0.6740,17.3300,0.0333
28.6200,9.1210,13.8500,525.7000,0.1302,0.7440,16.6100,0.0327
27.9000,8.9610,11.3380,527.6000,0.1256,0.6300,17.7400,0.0404
27.0700,8.8650,9.8950,528.5000,0.1216,0.6480,17.2100,0.0415
26.3700,8.7090,8.2470,527.9000,0.1205,0.6350,17.3500,0.0428
26.8900,8.7550,8.9630,527.1000,0.1240,0.7230,14.6300,0.0330
28.2200,8.9990,11.8580,524.8000,0.1445,0.7310,18.0700,0.0382
28.8800,9.0870,12.5630,522.9000,0.1417,0.7740,20.2000,0.0380
27.6400,8.8780,9.6590,524.5000,0.1371,0.6860,23.8800,0.0496
26.7400,8.7920,8.4460,525.2000,0.1504,0.7270,50.9100,0.0493
26.1100,8.5960,6.8610,524.9000,0.1324,0.7770,21.8600,0.0390
26.6900,8.6720,7.8430,524.1000,0.1316,0.6680,17.1900,0.0354
26.5600,8.4730,6.4260,519.4000,0.1542,0.8330,26.1700,0.0461
26.2700,8.1890,4.7980,520.2000,0.1542,0.8330,23.5900,0.0461
26.0000,7.9610,3.4310,520.2000,0.1600,0.8710,18.4000,0.1072
25.9900,7.9120,3.2800,520.5000,0.1679,0.8960,16.2700,0.1110
27.9700,8.2620,5.8810,520.9000,0.1497,0.7940,14.9400,0.0726
29.5000,8.7010,9.0610,521.0000,0.1606,0.7840,17.7800,0.0475
27.9700,8.6110,7.9540,519.0000,0.1645,0.7910,21.8800,0.0571
27.0600,8.2700,5.3690,521.4000,0.1573,0.8470,22.8900,0.0995
26.3800,7.9010,3.2230,521.3000,0.1706,0.8150,17.5000,0.1386
26.7400,7.9800,3.8770,521.7000,0.1593,0.9060,16.6500,0.1085
28.4000,8.1070,6.1210,511.5000,0.1593,0.9060,20.1800,0.1085
29.1100,8.3720,7.0860,522.9000,0.1897,0.8490,25.5000,0.0743
27.3900,8.2020,5.8590,518.0000,0.1790,0.8690,24.6400,0.0870
26.6100,7.9740,3.9620,522.9000,0.1687,0.8730,23.3500,0.1321
25.8700,7.8770,3.2390,523.8000,0.1678,0.9540,19.2400,0.1479
26.4200,7.9720,4.2080,524.3000,0.1759,0.9200,20.0100,0.1141
28.3100,8.3270,7.3190,536.1000,0.1852,0.8670,21.6400,0.0603
28.5000,8.5930,9.3290,533.1000,0.1834,0.8510,23.9000,0.0392
26.8600,8.3760,7.5710,527.0000,0.1804,0.8790,32.3500,0.0515
26.1800,8.1730,5.8250,537.4000,0.1710,0.7620,30.0200,0.0708
25.5700,7.9540,4.3910,537.5000,0.1689,0.7800,23.9500,0.0933
26.4200,8.2310,6.6170,536.2000,0.1697,0.7900,23.9200,0.0263
28.8300,8.7990,11.5310,523.8000,0.1907,0.9870,43.8800,0.0329
25.0900,8.0630,6.6260,497.6000,0.1527,0.9470,25.8400,0.0329
25.9300,8.2410,7.0220,509.2000,0.1576,0.9210,33.7800,0.0271
27.9200,8.3430,9.1300,488.5000,0.1777,1.1240,49.3900,0.0482
25.2600,8.2040,7.0250,490.9000,0.1432,1.0440,26.8000,0.0312
27.8600,8.4130,8.9570,497.6000,0.1637,1.1630,37.2700,0.0264
28.8500,8.5300,9.6150,494.9000,0.1796,1.1320,40.3700,0.0276
26.1000,8.2510,5.6930,538.2000,0.1810,0.8580,41.1500,0.0302
25.8200,8.0990,4.8030,538.0000,0.1850,1.0690,34.6000,0.0317
27.0700,8.3370,5.9780,553.5000,0.1891,1.0940,33.0400,0.0389
26.7800,8.3040,6.4880,550.1000,0.1920,1.1130,30.9000,0.0589
25.8800,8.1290,6.1030,538.4000,0.1874,1.0570,36.4900,0.1108
25.0000,7.9390,5.5180,530.4000,0.1906,1.0830,37.2700,0.1882
25.0900,7.8290,4.5360,540.0000,0.1866,1.2980,31.0800,0.2421
24.7600,7.8010,4.3660,537.6000,0.1816,1.1120,30.3300,0.2438
24.8000,7.8080,4.7470,539.2000,0.1886,1.0700,24.6800,0.2346
25.5600,7.8670,5.8060,543.0000,0.1897,0.9430,24.0700,0.2238
26.0400,7.9800,6.6960,546.4000,0.1789,0.9730,26.0200,0.2319
25.5200,7.7860,5.0520,539.4000,0.1891,1.2310,30.0800,0.2830
25.1400,7.7090,4.3760,537.2000,0.1974,1.2090,26.7500,0.3256
24.8500,7.6430,3.6720,533.4000,0.2124,1.3930,27.2700,0.3909
24.8600,7.6260,3.4430,527.6000,0.2436,1.7050,24.9800,0.5246
24.7800,7.6310,3.4370,522.0000,0.2716,1.9790,22.9400,0.6975
24.6200,7.6240,3.4280,518.2000,0.2776,1.9920,23.0800,0.7852
24.4000,7.5820,2.7270,516.7000,0.2897,2.2150,25.0200,0.9415
24.1600,7.5540,2.2940,514.1000,0.2897,2.2150,22.5100,0.9415
24.0200,7.5320,1.8650,514.4000,0.3186,2.5280,21.1100,1.2111
24.2600,7.5550,2.2260,514.7000,0.3239,2.5890,16.7000,1.2469
24.9900,7.6570,3.7350,517.1000,0.3221,2.6530,18.9300,1.2253
25.2800,7.7360,4.7240,518.3000,0.3221,2.6530,23.2800,1.2253
24.5700,7.6290,3.4950,519.9000,0.2830,2.3280,21.7200,1.1116
24.1700,7.6310,3.7950,514.0000,0.2859,2.3330,22.2300,1.0680
24.5500,7.6560,4.0010,519.7000,0.2935,2.2630,24.6300,1.0799
25.3900,7.7960,5.6910,524.1000,0.2808,2.3910,27.0100,1.0358
25.1700,7.7440,5.3770,525.9000,0.2676,2.2110,27.5700,0.9782
24.8900,7.7050,4.8930,529.8000,0.2676,2.2110,22.4300,0.9782
24.5700,7.6150,3.9790,522.5000,0.2732,2.4700,23.2700,1.1077
24.6200,7.5680,3.5490,499.8000,0.3423,3.4530,24.6300,1.6768
25.2000,7.5740,4.0580,483.3000,0.3614,3.9470,24.7700,2.0107
25.3000,7.6240,4.7460,474.7000,0.3496,3.8150,22.3300,1.9412
25.0900,7.5660,3.9620,474.5000,0.3259,3.6120,18.0100,1.7781
24.9000,7.5020,3.1510,474.3000,0.2912,3.3620,15.3600,1.4479
25.0400,7.5140,3.4530,471.7000,0.2903,3.3850,16.9700,1.2677
26.1200,7.6340,5.3070,470.6000,0.2890,3.4340,18.4200,1.2379
26.1000,7.6370,5.7150,468.4000,0.2998,3.6180,19.0300,1.0895
25.9200,7.5830,5.0220,467.9000,0.3119,3.8790,18.3800,1.0981
25.6300,7.4950,3.6520,467.4000,0.3119,3.8790,16.1400,1.0981
25.4900,7.4830,3.5790,465.4000,0.3518,4.4940,17.1900,1.2297
25.7400,7.4890,3.7870,462.8000,0.3697,4.7070,17.3400,1.2091
26.7600,7.6170,5.7750,459.1000,0.3658,4.7100,19.2300,1.0411
27.3100,7.7710,7.4980,453.9000,0.3679,4.6640,19.6600,0.9521
26.6500,7.6780,6.3150,449.1000,0.3723,4.6680,22.4100,0.9555
26.3600,7.5390,4.7100,447.4000,0.3723,4.6680,19.4700,0.9555
26.1900,7.4780,3.6860,445.9000,0.3676,4.7110,18.2100,0.9026
26.5100,7.5300,4.9500,443.8000,0.3689,4.6910,19.5400,0.7684
27.4200,7.8410,8.8790,439.2000,0.3755,4.5990,19.9100,0.5889
27.5000,7.7990,7.9580,440.2000,0.3365,4.5130,21.4400,0.5932
27.4500,7.8730,8.0400,439.7000,0.3635,4.6780,20.5600,0.4843
27.3300,7.9940,8.7670,439.0000,0.3276,4.4720,16.9200,0.3901
27.0700,7.8760,7.8860,439.9000,0.3275,4.5070,16.6600,0.3353
27.3900,7.9590,8.8450,439.0000,0.3472,4.6100,18.3700,0.2370
28.7300,8.7710,16.2070,428.5000,0.3905,4.7390,22.0500,0.0938
28.5900,8.4970,11.9780,434.2000,0.3252,4.4200,19.1000,0.1563
28.0200,8.3760,10.2990,437.7000,0.3402,4.6430,22.3100,0.1621
27.8200,8.4140,9.6700,438.3000,0.3042,4.3300,18.0100,0.1678
27.5600,8.3610,8.9350,439.3000,0.2921,4.2880,16.8900,0.1373
27.7500,8.4380,10.0210,439.4000,0.3094,4.3520,16.9900,0.0709
29.4800,9.0530,20.3720,429.8000,0.3244,4.2650,21.3100,0.0430
29.0300,8.7590,13.6910,434.9000,0.2755,3.9670,20.6000,0.0635
28.3600,8.7000,11.2880,439.7000,0.2823,4.0430,21.1700,0.1028
28.0800,8.6550,10.3170,441.5000,0.2553,3.9980,17.4900,0.0992
27.7900,8.5540,8.9380,444.1000,0.2539,3.9050,16.2900,0.0924
27.8600,8.5670,9.5820,444.1000,0.2591,4.0030,15.4700,0.0506
28.8900,9.0350,17.6870,433.7000,0.2913,4.0230,19.6700,0.0380
29.3600,9.1490,19.1340,432.7000,0.2940,4.0280,23.3600,0.0471
28.6100,8.9030,12.8880,440.8000,0.2656,3.8470,20.4300,0.0680
28.3100,8.8340,11.3090,445.5000,0.2383,3.7610,17.0600,0.0793
27.9400,8.7760,10.2660,447.8000,0.2307,3.6560,14.4700,0.0765
28.2100,8.7380,10.5540,448.9000,0.2413,3.6870,14.9700,0.0485
29.3000,9.0780,17.0590,439.4000,0.2581,3.8200,17.9400,0.0375
30.3200,9.2020,20.3580,440.8000,0.2436,3.5280,19.8600,0.0402
29.1200,9.0060,13.5760,444.7000,0.2328,3.5920,18.9300,0.0654
28.6900,8.8040,10.2210,453.5000,0.2280,3.5380,17.2600,0.0814
28.4000,8.6990,8.4750,457.1000,0.2182,3.5960,14.9000,0.0895
28.5100,8.5810,7.6090,460.7000,0.2216,3.6410,13.8800,0.1048
29.4000,8.6780,8.8650,471.5000,0.2263,3.5510,13.4800,0.0929
29.7200,8.6410,8.4020,473.7000,0.2194,3.4160,13.9900,0.1132
29.2300,8.4850,6.8170,475.7000,0.2095,3.4230,15.0600,0.1453
28.6800,8.2140,4.8200,480.2000,0.2036,3.3810,13.2700,0.1933
28.3200,8.0380,3.8600,482.3000,0.2003,3.3260,12.3700,0.2184
28.1900,7.9230,3.3790,485.0000,0.2073,3.3280,11.2000,0.2469
28.7000,7.9890,4.2710,485.3000,0.2068,3.2500,11.2000,0.2354
28.7800,7.9630,4.5300,484.6000,0.2001,3.1750,10.7300,0.2540
28.2800,7.8790,3.8560,486.3000,0.1985,3.1790,13.2600,0.2647
28.1500,7.8570,3.7210,486.7000,0.1971,3.2240,13.9000,0.2613
27.9500,7.7770,3.0100,488.9000,0.1999,3.1200,12.8300,0.3069
28.0900,7.7800,3.1600,489.9000,0.1939,1.1570,10.1700,0.3014
29.3400,7.8680,4.2540,491.1000,0.1888,1.9820,9.9000,0.2555
29.2800,7.9960,5.6630,487.7000,0.1928,1.9250,14.0100,0.2029
28.4900,7.9110,4.8980,490.8000,0.1906,1.8790,15.8700,0.1992
28.5000,8.0070,5.5050,491.3000,0.1810,1.8930,14.8400,0.1599
28.3200,7.8810,4.2720,493.1000,0.1800,1.9170,12.9700,0.1933
28.5000,7.8890,4.5610,494.5000,0.1750,1.9160,10.2100,0.1760
29.7600,8.1140,6.7060,494.0000,0.1689,1.9160,11.0800,0.1311
30.2300,8.2730,8.5840,492.2000,0.1818,2.5410,14.4500,0.0873
29.1600,8.3500,8.2170,492.4000,0.1683,2.6500,19.0300,0.0896
28.9600,8.2930,7.3210,493.6000,0.1627,2.6060,16.7800,0.0892
28.7000,8.1370,5.9520,495.6000,0.1584,2.6280,14.3500,0.1034
29.0100,8.1610,6.3540,496.0000,0.1616,2.6060,11.5300,0.0821
29.9000,8.4740,9.2690,493.3000,0.1596,2.4410,13.1500,0.0459
29.7200,8.6560,10.9470,490.7000,0.1619,2.4150,15.7200,0.0389
29.3500,8.6260,9.8430,491.8000,0.1517,2.3610,19.8000,0.0632
29.0000,8.4720,7.7950,494.9000,0.1482,2.3450,20.2800,0.0788
28.6900,8.2740,5.9580,497.8000,0.1464,2.3350,15.8400,0.1075
28.5300,8.0700,4.6410,500.7000,0.1572,2.3630,14.2000,0.1468
28.6400,8.1770,5.6830,499.8000,0.1690,2.6010,14.9100,0.1164
28.4000,8.1660,5.8630,496.8000,0.1651,2.6330,16.7700,0.1261
28.1400,8.0380,4.7390,498.6000,0.1722,2.4600,20.5500,0.1727
27.8200,7.9110,3.7250,500.2000,0.1686,2.4900,20.1200,0.2182
27.6300,7.8350,2.9420,501.6000,0.1747,2.5480,17.6000,0.2552
28.1800,7.8400,3.1530,502.6000,0.1773,2.5010,13.3100,0.2700
29.2700,8.0160,4.8610,501.7000,0.1800,2.4000,20.9200,0.2283
29.4900,8.2790,7.0730,500.5000,0.1704,2.3170,15.2800,0.1786
29.1000,8.2630,6.7520,501.9000,0.1724,2.3660,21.4500,0.1581
28.9900,8.2660,6.4190,502.2000,0.1669,2.4300,18.7000,0.1299
28.4900,7.9770,4.2840,505.5000,0.1676,2.3110,15.2600,0.1787
28.3800,8.0020,4.6790,505.5000,0.1656,2.3590,13.2800,0.1475
28.1400,7.9880,4.8770,505.5000,0.1697,2.2830,16.3400,0.1477
28.1400,8.0020,5.0370,506.8000,0.1676,2.3600,19.8700,0.1547
27.9900,7.9670,4.7330,506.9000,0.1724,2.2780,18.5700,0.1713
27.7900,7.8860,4.0160,508.8000,0.1681,2.2680,18.3600,0.1859
27.5400,7.8120,3.2940,509.6000,0.1692,2.2620,16.7300,0.2212
27.8200,7.8130,3.5060,511.4000,0.1755,2.2850,14.0600,0.2176
28.5500,7.9480,5.3710,513.7000,0.1613,2.2270,13.0600,0.1579
28.7000,8.0710,6.5190,513.6000,0.1640,2.1670,13.3600,0.1447
28.4600,8.0820,6.6860,514.5000,0.1630,2.2280,15.8000,0.1363
28.1700,7.9470,5.5270,516.5000,0.1637,2.1760,15.5000,0.1388
27.9900,7.8780,5.0610,518.8000,0.1653,2.0510,16.5400,0.1325
28.0100,7.8430,4.8770,520.3000,0.1664,1.8970,15.2300,0.1184
28.7500,8.0130,7.3170,519.0000,0.1601,1.8280,12.6600,0.0620
29.1100,8.2060,9.1330,516.1000,0.1552,1.7480,13.8800,0.0373
28.6600,7.9890,6.8480,516.7000,0.1512,1.6790,14.4300,0.0565
28.4200,7.9030,6.1690,516.2000,0.1513,1.6460,15.4500,0.0606
28.1800,7.7940,4.9810,515.0000,0.1580,1.7210,14.7600,0.0666
28.0700,7.7350,4.2700,513.2000,0.1598,1.9970,14.0500,0.0871
28.2200,7.7440,5.0150,514.3000,0.1805,1.9260,13.1100,0.0808
28.2800,7.7570,5.1720,511.5000,0.1692,1.8850,13.3000,0.1008
28.1100,7.7330,4.9520,507.0000,0.1715,1.7950,14.9200,0.1243
27.9000,7.6830,4.2170,501.2000,0.1702,1.8580,15.4300,0.1400
27.7400,7.6610,3.9010,493.1000,0.1770,1.8770,15.7100,0.1335
27.6600,7.6610,3.8270,487.5000,0.1755,1.5960,13.8500,0.1192
27.8600,7.6970,4.4100,481.0000,0.1737,1.6320,13.4000,0.1003
27.7600,7.7090,4.5840,470.3000,0.1718,1.5110,13.9900,0.0932
27.6300,7.6900,4.4040,460.2000,0.1722,1.4930,16.1200,0.0957
27.4900,7.6530,4.0460,453.5000,0.1704,1.7320,15.5300,0.1021
27.3500,7.6340,3.6770,445.8000,0.1731,1.4340,15.8400,0.1098
27.2400,7.6120,3.5650,437.3000,0.1728,1.2980,14.1200,0.1093
27.2000,7.6480,4.2640,418.9000,0.1740,1.2120,18.2400,0.1045
27.1900,7.6530,4.3650,410.6000,0.1740,1.2120,17.1200,0.1045
27.0000,7.6400,4.2570,403.4000,0.1930,1.2460,20.8100,0.1497
26.7000,7.5460,2.7700,394.8000,0.2760,2.0110,24.4500,0.5418
26.4300,7.4940,0.9150,384.6000,0.4963,2.8750,29.0600,1.3485
26.1900,7.4700,1.3450,378.5000,0.5258,3.2910,21.6200,1.6280
26.1900,7.4750,2.2310,370.6000,0.4819,3.2610,21.6800,1.4640
26.2700,7.4780,2.6000,370.2000,0.4458,3.1150,21.8100,1.2589
26.1400,7.4440,1.8720,376.9000,0.4805,3.4430,15.8700,1.5036
25.9500,7.4340,1.1140,384.7000,0.5893,3.9640,11.1000,1.9994
25.8200,7.4090,1.1660,382.7000,0.5625,4.1250,12.3000,1.8276
25.7700,7.4090,1.4570,380.1000,0.5421,4.4100,16.4700,1.6148
25.8000,7.3950,1.6100,380.5000,0.5278,4.3700,18.1500,1.4704
26.1400,7.4060,1.9720,381.8000,0.5131,4.5830,17.6600,1.2941
25.9800,7.3980,1.9970,384.3000,0.5084,4.6900,16.3600,1.2149
25.9000,7.3980,2.0500,387.7000,0.5076,4.7660,13.3400,1.1353
25.8200,7.3920,1.9320,391.1000,0.5072,4.8960,13.2100,1.0752
25.8200,7.4040,2.1080,394.9000,0.5028,4.9680,16.3800,1.0286
26.6200,7.4140,2.1680,401.8000,0.4854,5.0260,16.1500,0.9115
27.0700,7.4260,2.3280,406.9000,0.4604,5.1180,16.2100,0.7918
27.0100,7.4280,2.2770,410.6000,0.4324,5.2060,14.5700,0.6770
26.9200,7.4320,2.2370,412.0000,0.4059,5.3070,10.3800,0.5393
26.8400,7.4320,2.2680,410.9000,0.3841,5.4450,11.0800,0.4354
27.0600,7.4440,2.4330,408.5000,0.3684,5.2470,14.9500,0.3700
27.6700,7.4720,2.6740,406.6000,0.3551,5.3040,15.7700,0.3255
28.3500,7.4860,2.9540,405.0000,0.3369,5.1000,14.2000,0.2619
28.1900,7.4950,2.9620,401.3000,0.3198,4.7980,14.0300,0.2332
28.1200,7.4920,2.8570,397.8000,0.3003,4.6300,10.9500,0.1967
28.0400,7.4920,2.8440,393.8000,0.2894,4.2660,10.7800,0.1654
28.1500,7.4940,2.8130,392.5000,0.2819,4.0770,12.8400,0.1401
28.7000,7.5100,3.0950,391.1000,0.2778,3.8670,14.5300,0.1363
29.0500,7.4970,1.7510,392.9000,0.3161,4.0540,14.0700,0.3399
28.8400,7.4770,0.8300,391.1000,0.3785,4.2180,13.0300,0.8122
28.6600,7.4620,1.1130,385.5000,0.3810,3.7730,11.8600,0.8129
28.4300,7.4440,1.3260,379.9000,0.3866,3.7300,8.4900,0.7208
28.5000,7.4310,1.7610,374.9000,0.3886,3.6920,10.6000,0.5783
29.2300,7.4340,2.4600,369.1000,0.3659,3.5220,12.7300,0.4129
29.3100,7.4230,1.6080,365.6000,0.3932,3.6670,13.0600,0.6799
28.9300,7.4180,1.9120,361.4000,0.3774,3.4190,13.0100,0.5522
28.8600,7.4140,2.0070,359.5000,0.3543,3.2270,11.8100,0.4229
28.7600,7.4030,2.0090,357.7000,0.3497,3.1120,12.0300,0.3492
28.7200,7.3990,0.8520,360.6000,0.4137,3.4200,9.8500,0.6421
28.8300,7.4150,0.7650,362.3000,0.4569,3.4070,7.6800,0.7921
29.0400,7.4310,1.2660,361.7000,0.4569,3.4070,11.4000,0.7921
28.8600,7.4150,1.5120,362.6000,0.4168,3.2200,12.3800,0.5362
28.6600,7.4180,1.6230,364.7000,0.3941,3.1660,10.1900,0.4392
28.4700,7.4200,1.8150,367.3000,0.3768,3.1580,9.6400,0.3430
28.5500,7.4290,1.9930,369.7000,0.3643,3.1080,10.3000,0.2769
28.0300,7.4890,2.9340,373.0000,0.3252,3.0300,12.8600,0.1707
27.8000,7.4910,2.8260,376.7000,0.3157,3.0640,11.1400,0.1536
27.5500,7.4690,2.3930,378.5000,0.3362,3.1080,11.8800,0.1992
27.3200,7.4470,1.7020,376.5000,0.4456,3.4220,21.3000,0.5724
27.3200,7.4530,1.7360,371.8000,0.4916,3.5480,23.4100,0.9091
27.4800,7.4660,1.6670,374.7000,0.4894,3.3960,19.0800,0.9895
27.3000,7.4500,1.6620,374.4000,0.4413,3.1230,15.4800,0.8209
27.1100,7.4420,1.7710,372.1000,0.3995,3.0090,11.2200,0.5629
26.9800,7.4260,1.8570,368.8000,0.3697,2.9550,11.8000,0.3793
27.1500,7.4290,2.0050,364.9000,0.3609,2.9360,15.1200,0.3159
27.6900,7.4310,2.1070,363.0000,0.3541,3.0530,15.3400,0.2851
27.7100,7.4390,2.2970,361.2000,0.3456,3.1630,16.3000,0.2495
27.4900,7.4370,2.3220,360.9000,0.3371,3.2600,14.6200,0.2145
27.2900,7.4250,2.2340,361.4000,0.3371,3.2600,10.1800,0.2145
27.1300,7.4320,2.4170,363.1000,0.3157,3.5300,11.4100,0.1596
27.3600,7.4510,2.6640,365.7000,0.3078,3.5060,13.4500,0.1392
28.0200,7.4880,3.0600,367.3000,0.2921,3.5530,15.1200,0.1152
28.2500,7.5060,3.2770,367.6000,0.2785,3.4060,14.6300,0.1036
28.1400,7.5050,3.1590,366.8000,0.2618,3.3430,13.2000,0.0997
28.0500,7.4940,3.0340,365.0000,0.2498,3.1050,9.8700,0.0927
28.0000,7.4950,2.9730,362.5000,0.2456,3.0380,10.3600,0.0886
28.3200,7.5060,3.2190,360.8000,0.2349,2.9010,12.6600,0.0858
29.0000,7.5330,3.5750,358.5000,0.2299,2.7090,14.0600,0.0819
29.3900,7.5580,3.9200,357.4000,0.2250,2.6710,13.4400,0.0688
29.1300,7.5570,3.7970,356.0000,0.2196,2.5780,12.8600,0.0636
28.9000,7.5320,3.5240,355.2000,0.2104,2.5550,8.3700,0.0597
28.6900,7.5280,3.3840,354.4000,0.2098,2.5250,9.9600,0.0604
28.9500,7.5490,3.5930,353.9000,0.2072,2.4010,11.6100,0.0579
29.4100,7.5630,4.1020,353.8000,0.2066,2.4010,13.0500,0.0531
29.6600,7.6040,4.5970,353.5000,0.2069,2.4010,13.5200,0.0480
29.4500,7.5980,4.5070,353.7000,0.2014,2.4010,14.2600,0.0481
29.2300,7.5870,4.1740,354.7000,0.1997,2.4010,11.6700,0.0512
28.9900,7.5690,3.8270,355.5000,0.1999,2.4010,11.3400,0.0538
28.8800,7.5680,3.7940,356.7000,0.2021,2.2520,13.2500,0.0589
29.0000,7.6170,4.2450,357.9000,0.2029,2.4010,14.0300,0.0557
28.9400,7.6290,4.5240,359.5000,0.2059,2.4410,14.4100,0.0602
28.7900,7.6340,4.3810,361.1000,0.2042,2.2860,13.9900,0.0766
28.5800,7.6150,4.0880,363.3000,0.2038,2.3280,10.6600,0.0905
28.4100,7.5910,3.8540,364.8000,0.2059,2.3730,11.1600,0.0990
28.3800,7.5950,3.7400,366.6000,0.2086,2.3040,12.8500,0.0965
28.9400,7.6310,4.2940,368.9000,0.2087,2.2770,12.3000,0.0823
29.1700,7.6680,4.7950,371.0000,0.2092,2.3460,12.5100,0.0748
29.0200,7.6570,4.6330,373.2000,0.2104,2.3080,12.7600,0.0747
28.9500,7.6350,4.3100,375.0000,0.2072,2.3210,9.9200,0.0791
28.8400,7.5960,3.8320,377.4000,0.2142,2.3770,10.6200,0.0897
28.8600,7.5870,3.5980,379.3000,0.2209,2.4680,11.0500,0.1181
29.5200,7.6210,4.1770,380.7000,0.2224,2.3830,10.8700,0.1208
29.7300,7.6430,4.3790,381.6000,0.2256,2.3010,14.0200,0.1253
29.3500,7.6280,4.0870,383.6000,0.2266,2.3440,12.1100,0.1517
29.2400,7.6020,3.7330,387.3000,0.2453,2.4260,10.3900,0.2622
28.9800,7.5490,2.5550,394.3000,0.3138,2.9370,11.4200,0.6217
28.2000,7.4280,1.2370,363.3000,0.4203,3.9680,52.4900,1.3641
28.4900,7.3980,1.3670,339.0000,0.4480,4.3280,62.6600,1.5810
28.6600,7.4040,1.6660,337.3000,0.4319,4.2040,50.7200,1.4800
28.7500,7.4480,2.1550,349.9000,0.3580,3.7320,30.3400,1.2141
28.8200,7.4780,2.2870,367.0000,0.3238,3.4130,19.7600,0.8689
28.7600,7.4770,2.2140,375.8000,0.3220,3.3150,15.8800,0.7532
28.8500,7.4880,2.3090,382.1000,0.3403,3.3880,18.6100,0.6771
29.3700,7.5030,2.6440,384.1000,0.3545,3.4530,20.2800,0.6401
29.5000,7.5100,2.9830,384.8000,0.3562,3.5970,21.6600,0.6078
29.2600,7.4970,2.8200,384.6000,0.3516,3.6990,20.6400,0.5946
29.1100,7.4890,2.3250,384.2000,0.3466,3.7320,15.9000,0.5913
28.8600,7.4610,2.1080,383.1000,0.3472,3.8480,16.3300,0.5724
29.0500,7.4580,2.2190,383.2000,0.3528,3.8940,15.4700,0.5353
29.4300,7.4840,2.5470,383.3000,0.3483,4.0400,19.9000,0.4901
29.8600,7.4940,2.9330,384.3000,0.3415,4.0090,19.9400,0.3991
29.3300,7.5080,3.0730,386.8000,0.3367,4.1160,20.6200,0.3946
29.1700,7.4910,2.7590,389.5000,0.3265,4.2220,17.4600,0.3530
28.9500,7.4880,2.4820,391.6000,0.3262,4.2000,15.5600,0.3297
29.1400,7.5000,2.7590,395.1000,0.3267,4.2990,17.4200,0.2748
29.9800,7.5740,4.0880,399.1000,0.3206,4.2200,17.6300,0.2105
30.3300,7.6860,5.4130,402.2000,0.3134,4.2430,17.9700,0.1818
29.7600,7.6070,3.6970,405.8000,0.3147,4.2730,16.1200,0.3092
29.4700,7.5440,2.2940,410.2000,0.3043,4.2040,9.5800,0.4408
29.4000,7.5460,2.0610,415.2000,0.3101,4.2180,9.3900,0.5473
29.5900,7.5580,2.2730,419.1000,0.3163,4.2860,9.2400,0.5048
30.6300,7.7060,4.9890,421.3000,0.3111,4.2140,11.6500,0.3093
30.6300,7.8120,6.2260,422.1000,0.3044,4.2130,15.9000,0.2389
30.1700,7.7880,5.9040,425.5000,0.2915,4.2810,15.2200,0.2114
29.9100,7.7250,5.0530,428.6000,0.2723,4.2080,11.5500,0.1794
29.8100,7.7060,4.6980,431.8000,0.2698,4.2480,11.2200,0.1630
30.0200,7.7360,5.0510,434.7000,0.2772,4.3020,12.8300,0.1361
30.5800,8.0600,8.5470,442.0000,0.2483,4.1610,15.0400,0.0893
30.3500,7.9560,7.2150,445.6000,0.2385,4.1250,11.7700,0.1045
30.2000,7.8650,6.4130,448.8000,0.2321,4.1290,11.1000,0.1154
30.1800,7.8350,5.8880,451.8000,0.2394,4.1550,12.3100,0.1090
30.7200,7.9470,7.2020,454.0000,0.2381,4.1690,13.4200,0.0803
30.5600,8.0190,7.8000,451.4000,0.2328,4.1080,13.1700,0.0869
30.0700,7.9080,6.0860,456.3000,0.2248,4.2410,13.8800,0.1144
27.9300,7.5220,1.8120,364.8000,0.4324,4.9900,214.8200,1.1029
27.3800,7.4770,1.9370,358.1000,0.3961,4.7340,184.4700,0.8605
26.3600,7.3820,1.8600,310.6000,0.4469,4.6910,217.6400,0.8221
25.6900,7.3210,2.0350,277.2000,0.4685,4.5660,216.2400,0.8756
25.6000,7.2970,2.1440,264.8000,0.4721,4.5760,176.9100,0.8681
25.5400,7.3000,2.1050,266.5000,0.4982,4.8350,142.8700,1.0081
25.4900,7.3000,2.2140,264.8000,0.4808,4.9410,128.0900,0.9161
25.4100,7.3210,2.3660,276.8000,0.4571,5.1120,102.9100,0.8017
25.4000,7.3380,2.4590,292.3000,0.4583,5.3160,93.4400,0.7653
25.6200,7.3740,2.9240,299.6000,0.4442,5.3240,88.6300,0.6473
28.8800,7.6640,4.3620,372.5000,0.2498,4.5640,37.6400,0.0973
28.5900,7.6570,4.1370,376.1000,0.2429,4.5120,31.5100,0.0954
28.4300,7.6500,3.9780,378.8000,0.2457,4.5730,32.9600,0.1008
28.3800,7.6420,3.8690,380.9000,0.2540,4.6460,39.5800,0.1084
28.3800,7.6350,3.7920,382.4000,0.2545,4.5360,41.9700,0.1138
28.2300,7.6460,3.8440,383.2000,0.2474,4.4180,42.0100,0.1136
27.9900,7.6400,3.7920,383.3000,0.2390,4.4760,35.9500,0.1120
27.6200,7.6340,3.7170,384.0000,0.2311,4.3980,27.9700,0.1126
27.2100,7.6340,3.5910,384.6000,0.2364,4.4310,30.0700,0.1360
27.1800,7.6310,3.6810,385.0000,0.2448,4.3660,36.4300,0.1383
27.6700,7.6760,4.3500,386.0000,0.2423,4.3920,36.6200,0.1250
27.8700,7.7300,4.8500,386.3000,0.2354,4.3570,33.0000,0.1199
27.2100,7.6810,4.4560,387.0000,0.2296,4.3330,31.1000,0.1199
26.7700,7.6670,4.2870,387.6000,0.2220,4.2830,26.6500,0.1211
26.3800,7.6530,4.1810,388.2000,0.2269,4.4160,27.6200,0.1229
26.5700,7.6650,4.2700,389.3000,0.2330,4.4030,30.8100,0.1271
27.7400,7.7250,5.0230,391.4000,0.2303,4.3220,26.0900,0.1220
27.8300,7.7750,5.6710,391.7000,0.2319,4.4370,25.6500,0.1330
27.2600,7.7270,5.1370,393.5000,0.2295,4.4450,29.3900,0.1495
26.9000,7.7030,4.7080,395.9000,0.2522,4.3580,23.4200,0.1505
26.6000,7.6760,4.3520,397.5000,0.2262,4.4420,25.2200,0.1465
26.9100,7.6900,4.5770,399.5000,0.2280,4.4360,27.2300,0.1244
28.2600,7.7640,5.5420,401.8000,0.2204,4.3520,24.2700,0.1055
28.2700,7.8870,6.8410,402.3000,0.2256,4.3310,24.9300,0.0805
27.4300,7.7910,5.8380,404.3000,0.2163,4.3180,27.2900,0.0890
27.1500,7.7660,5.4130,405.4000,0.2071,4.2150,24.0800,0.0873
26.8600,7.7250,4.8720,407.6000,0.2116,4.3530,25.6800,0.0895
27.0200,7.7280,4.8880,410.5000,0.2159,4.3070,28.1700,0.0831
28.0400,7.7790,5.5360,414.2000,0.2067,4.3330,24.7200,0.0717
28.0800,7.8190,6.0040,414.5000,0.2047,4.2880,27.1300,0.0672
27.8800,7.8510,6.3910,416.6000,0.2000,4.2560,28.1800,0.0491
27.6500,7.8450,6.1730,417.6000,0.1918,4.2600,22.9000,0.0509
27.2400,7.8070,5.5850,417.3000,0.1954,4.3080,24.3100,0.0549
27.4800,7.8230,5.7820,420.6000,0.2016,4.3560,24.6400,0.0444
28.5300,7.9140,6.9890,422.2000,0.2008,4.3330,25.5300,0.0291
28.7800,8.1620,9.1480,422.1000,0.0050,4.2670,26.6600,0.0263
27.7200,7.9550,7.2690,423.0000,0.1895,4.3010,26.4200,0.0454
27.1600,7.8750,6.3500,424.5000,0.1843,4.2010,24.1200,0.0541
26.8600,7.8300,5.9130,426.1000,0.1832,4.2670,24.2500,0.0592
26.9400,7.8160,5.8050,427.1000,0.1941,4.3370,25.3500,0.0518
26.5800,7.8020,5.6800,427.0000,0.1986,4.3580,28.7300,0.0777
26.4800,7.7820,5.3250,427.9000,0.1937,4.2380,30.9700,0.0878
26.2900,7.7690,5.0990,430.1000,0.1895,4.2670,31.6900,0.0984
25.8700,7.7470,4.8440,432.5000,0.1846,4.2640,28.1600,0.1077
25.3700,7.7420,4.7990,432.5000,0.1861,4.3050,26.5800,0.1154
25.2900,7.7530,4.9860,435.9000,0.1929,4.4550,29.5600,0.1179
25.8200,7.8210,5.8220,439.3000,0.2077,4.6890,26.4900,0.1731
25.8900,7.8870,6.6320,441.8000,0.2212,4.8260,27.8100,0.2205
25.2700,7.8340,6.0030,444.8000,0.2230,4.7700,30.4700,0.2560
24.8200,7.7770,5.3650,447.2000,0.2166,4.7970,26.8200,0.2837
24.4400,7.7470,4.8840,450.2000,0.2203,4.9260,25.0700,0.3165
24.5700,7.7570,4.9730,454.7000,0.2244,5.0330,23.9000,0.3125
25.7900,7.8520,6.1070,459.2000,0.2187,4.9780,22.4800,0.2757
25.7700,7.9060,6.7290,462.0000,0.2163,5.0720,23.9500,0.2664
26.0900,7.8380,6.2090,472.9000,0.2287,5.3490,25.1500,0.2756
25.8800,7.9120,6.8890,474.3000,0.2298,5.4480,26.0100,0.2653
25.7100,7.8810,6.3920,475.8000,0.2277,5.4580,27.5500,0.2541
25.5900,7.8340,5.7560,476.8000,0.2224,5.5200,26.4100,0.2514
25.4600,7.8380,5.8450,476.7000,0.2202,5.6140,25.2700,0.2448
25.3800,7.8180,5.4010,477.4000,0.2258,5.6530,24.8900,0.2279
25.6100,7.8590,6.1670,477.5000,0.2280,5.5690,27.2000,0.2000
25.9000,7.9690,7.2120,478.4000,0.2263,5.6060,30.2100,0.1784
25.2600,7.9530,6.8120,480.8000,0.2134,5.6040,30.5200,0.1651
24.8600,7.9190,6.3860,481.6000,0.2054,5.6700,26.2700,0.1732
24.4100,7.9010,6.2060,483.0000,0.2049,5.7080,26.6500,0.1562
24.6100,7.9040,6.3350,483.3000,0.2100,5.7520,28.4800,0.1480
26.2000,8.0600,8.1690,485.1000,0.1995,5.6510,23.8100,0.1276
26.6200,8.4030,11.2320,483.5000,0.2132,5.8200,25.6100,0.0428
25.6100,8.3310,10.1700,485.9000,0.2038,5.7790,27.0500,0.0472
25.1700,8.2360,9.4300,487.4000,0.1879,5.6720,24.2700,0.0509
24.6300,8.1070,8.0830,488.8000,0.1886,5.8320,24.2500,0.0623
24.7200,8.0600,7.7630,489.8000,0.1943,5.7240,23.6100,0.0510
26.2400,8.2280,9.6490,492.6000,0.1900,5.8220,21.5600,0.0333
26.4700,8.4940,11.9060,492.3000,0.1904,5.8290,25.5600,0.0311
25.7200,8.3390,10.1380,497.0000,0.1773,5.7550,25.8000,0.0457
25.4800,8.3310,9.9260,499.0000,0.1692,5.9020,24.2100,0.0370
25.0900,8.1950,8.6340,500.7000,0.1690,5.9630,23.0600,0.0493
25.2000,8.1060,7.9510,503.4000,0.1747,6.0110,22.5900,0.0552
26.7600,8.2540,9.6350,504.2000,0.1659,5.8870,20.0700,0.0496
26.0200,8.1700,8.6480,506.1000,0.1626,5.9390,24.7100,0.0710
25.7400,8.2660,9.1550,508.8000,0.1676,6.0760,24.7500,0.0704
25.5000,8.1970,8.3450,512.7000,0.1602,6.1470,22.3400,0.0728
25.2500,8.1550,8.0400,513.9000,0.1589,6.1280,23.3700,0.0671
25.5200,8.1060,7.7920,516.0000,0.1666,6.0630,24.8800,0.0642
26.7300,8.2390,8.9120,518.1000,0.1624,6.1030,23.4200,0.0511
26.7800,8.3290,9.9620,519.3000,0.1602,5.9760,24.2800,0.0577
26.3100,8.4500,10.7040,521.5000,0.1644,6.0720,23.9500,0.0561
26.1700,8.4270,10.2330,522.8000,0.1585,6.0440,22.5300,0.0537
25.9200,8.3290,9.2410,525.1000,0.1595,6.1070,22.8300,0.0664
25.9500,8.2820,8.9490,529.0000,0.1647,6.1560,23.8600,0.0587
26.0700,8.3180,9.2890,529.1000,0.1723,6.2170,25.0600,0.0505
25.6900,8.3230,9.0600,531.0000,0.1665,6.2300,25.6100,0.0644
25.4000,8.2550,8.2790,532.6000,0.1612,6.2490,25.1700,0.0815
25.0900,8.2080,7.8830,532.3000,0.1595,6.0670,23.0600,0.1030
24.8600,8.1250,7.0490,535.9000,0.1591,6.3000,23.8500,0.1221
24.6900,8.0770,6.4720,538.1000,0.1610,6.3240,24.5800,0.1354
25.0000,8.1070,6.9220,540.6000,0.1639,6.2510,25.5600,0.1363
25.2700,8.1880,7.6530,540.8000,0.1608,6.3430,24.4200,0.1283
24.9200,8.2100,7.7740,543.1000,0.1536,6.2840,23.8300,0.1239
24.6100,8.1620,7.2950,545.0000,0.1509,6.3030,23.2900,0.1281
24.3400,8.0950,6.5770,545.3000,0.1466,6.3070,23.5900,0.1434
24.5800,8.0790,6.5870,547.9000,0.1520,6.2910,24.8100,0.1477
25.9800,8.2060,7.7600,546.5000,0.1584,6.2400,20.4200,0.1277
26.0600,8.2740,8.7810,549.5000,0.1488,6.2110,23.7000,0.1302
25.5500,8.1880,7.7740,549.9000,0.1520,6.3880,23.5500,0.1435
25.3400,8.1590,7.4580,551.1000,0.1484,6.3950,21.1100,0.1374
25.1800,8.1090,7.0560,551.6000,0.1574,6.4700,21.7500,0.1330
25.4200,8.1040,7.0730,551.2000,0.1612,6.4340,23.4300,0.1110
26.9400,8.2540,8.8780,550.0000,0.1663,6.3620,21.2900,0.0713
27.2900,8.6310,12.5500,544.6000,0.1708,6.3890,20.3000,0.0469
26.5200,8.5870,11.5530,549.5000,0.1567,6.2540,20.2200,0.0506
26.0000,8.4930,10.3930,549.6000,0.1575,6.2850,19.9800,0.0539
25.1500,8.3620,8.9470,549.7000,0.1583,6.2850,20.7500,0.0582
24.7300,8.2380,7.9190,549.6000,0.1719,6.3590,24.2200,0.0739
25.7300,8.3230,9.0490,548.6000,0.1704,6.1890,22.2400,0.0629
25.0200,8.4440,9.9020,545.2000,0.1723,6.2640,26.1300,0.0537
23.9500,8.3640,8.6580,544.8000,0.1692,6.1440,26.9300,0.0580
23.3400,8.2760,7.8420,545.4000,0.1636,6.1130,27.1700,0.0741
22.9300,8.2300,7.3700,546.3000,0.1639,6.3720,25.4000,0.0772
22.9100,8.2250,7.4170,548.1000,0.1678,6.3080,26.0600,0.0722
24.3700,8.3200,8.6900,556.0000,0.1635,6.1290,26.8000,0.0670
24.7400,8.5640,11.0240,553.9000,0.1670,6.2640,21.8000,0.0506
23.8400,8.5600,10.5920,556.1000,0.1547,6.2090,21.6700,0.0486
23.3100,8.4420,9.3720,558.3000,0.1527,6.1660,21.7500,0.0560
22.9000,8.3870,8.7190,559.1000,0.1554,6.1810,20.8100,0.0618
23.1800,8.3200,8.2870,560.4000,0.1526,6.2150,21.1000,0.0604
25.1500,8.3970,9.3070,559.8000,0.1503,6.1110,17.9200,0.0606
24.7400,8.5150,10.5270,555.6000,0.1504,6.0210,22.3400,0.0628
24.2900,8.6810,11.7780,553.3000,0.1415,6.0110,19.0200,0.0479
24.0100,8.6530,11.4290,553.9000,0.1382,6.0080,18.0500,0.0460
23.5800,8.5780,10.3610,556.0000,0.1391,6.0760,18.3800,0.0527
23.8700,8.5190,10.0730,557.9000,0.1469,6.0560,19.6300,0.0439
25.9600,8.6420,11.7310,556.7000,0.1368,5.8910,17.3900,0.0408
25.8200,8.7300,12.7050,553.2000,0.1439,5.9620,20.2500,0.0530
24.5900,8.6480,11.6370,556.8000,0.1357,5.9550,19.8600,0.0608
24.6000,8.6000,11.0890,558.2000,0.1303,5.9220,19.2900,0.0591
24.4000,8.5560,10.3720,561.5000,0.1305,6.0530,17.9200,0.0610
24.5100,8.5160,10.0690,562.7000,0.1332,5.9740,17.9400,0.0617
25.6400,8.5980,11.2000,561.1000,0.1354,5.9020,16.8100,0.0588
25.9700,8.7220,12.2990,557.0000,0.1315,5.8370,17.1500,0.0644
24.9500,8.5640,11.0890,556.9000,0.1290,5.8660,17.7600,0.0769
24.8700,8.4820,10.3950,556.4000,0.1235,5.8730,18.9700,0.0821
24.7700,8.4640,10.2520,554.3000,0.1260,5.9440,17.3000,0.0805
24.9900,8.4440,10.3450,553.2000,0.1290,5.9170,15.5400,0.0780
27.1100,8.4640,10.3790,555.3000,0.1317,5.7380,15.8000,0.0811
26.7600,8.5010,10.3920,551.9000,0.1320,5.6210,16.5600,0.0914
26.0000,8.6010,10.8700,551.6000,0.1392,5.6860,17.4800,0.1014
25.8900,8.4940,9.6780,554.2000,0.1350,5.6640,16.1600,0.1162
25.7700,8.4380,9.0350,554.6000,0.1451,5.7650,17.0000,0.1220
25.3200,8.4080,8.5110,555.1000,0.1575,5.8350,16.0000,0.1327
24.6200,8.2950,7.8160,555.2000,0.1596,5.7210,18.1800,0.1362
24.0500,8.2630,7.4340,557.7000,0.1593,5.6080,20.2600,0.1590
23.4200,8.1940,6.7530,557.8000,0.1708,5.5440,21.9700,0.1966
22.7400,8.1550,6.2820,557.2000,0.1708,5.5440,22.9200,0.1966
22.1600,8.1250,6.0520,557.6000,0.1899,5.6540,22.5500,0.2465
21.7800,8.0850,5.9810,558.3000,0.1861,5.6510,22.4600,0.2635
22.6800,8.1500,6.7240,558.7000,0.1892,5.6330,21.7300,0.2591
22.3600,8.2110,7.3240,561.6000,0.1865,5.7170,22.5700,0.2488
21.3300,8.1660,6.7140,563.3000,0.1892,5.6610,23.6600,0.2519
20.7700,8.1170,6.4810,565.2000,0.1891,5.7750,25.3200,0.2712
20.2000,8.0820,6.2200,570.0000,0.2022,5.8730,25.4700,0.2955
20.3900,8.0680,6.1650,572.9000,0.1772,5.8870,23.3000,0.3188
21.3700,8.1310,7.2740,577.3000,0.1795,6.0450,29.7900,0.3579
21.3600,8.1750,7.7210,582.3000,0.1794,6.0540,28.5200,0.3689
20.6400,8.1170,7.1090,587.7000,0.1782,6.1160,26.2100,0.3862
20.1500,8.0700,6.6740,593.3000,0.1712,6.1230,27.5600,0.4002
19.7900,8.0730,6.7290,598.7000,0.1811,6.3380,30.7800,0.4212
19.8000,8.0590,6.5900,600.9000,0.1753,6.3870,29.2500,0.4343
21.1200,8.1070,7.1050,601.2000,0.1750,6.3580,26.1400,0.4267
21.0100,8.1340,7.4160,605.2000,0.1816,6.4710,27.1200,0.4495
20.2900,8.0920,6.9990,605.9000,0.1905,6.5070,23.7100,0.4712
19.7900,8.0320,6.5580,606.2000,0.2008,6.6660,27.7300,0.4755
19.3600,7.9920,6.1820,606.7000,0.2096,6.7200,32.8100,0.4947
19.5100,8.0110,6.5090,604.5000,0.2042,6.8000,28.6800,0.4947
20.8300,8.0370,6.8910,601.7000,0.2030,6.7350,26.9100,0.4760
20.3800,8.0540,7.0800,593.7000,0.1982,6.6700,30.3000,0.4459
20.3700,8.0110,7.1870,560.6000,0.1923,6.3930,24.9200,0.3009
20.5600,8.0550,7.7460,550.1000,0.1734,6.2010,21.6200,0.2449
20.2700,8.0370,7.6660,539.8000,0.1686,5.9230,24.1500,0.1907
20.0400,8.0320,7.4690,533.1000,0.1654,5.8070,24.4600,0.1718
19.7900,7.9740,6.8780,530.0000,0.1639,5.7720,27.6200,0.1715
19.8800,7.9850,7.0860,525.2000,0.1601,5.6150,26.1200,0.1594
21.3600,8.0740,8.0560,519.4000,0.1572,5.5960,22.7300,0.1369
21.4100,8.1730,8.8770,512.4000,0.1588,5.5760,23.1700,0.1172
20.6200,8.0870,8.0940,506.9000,0.1473,5.3710,23.6600,0.1096
20.2600,8.0630,7.7430,502.9000,0.1454,5.2880,25.4600,0.1108
19.8400,8.0240,7.4240,499.0000,0.1485,5.2130,25.7800,0.1133
19.9000,7.9890,7.0850,496.3000,0.1470,5.1570,23.8200,0.1204
21.4500,8.0960,8.2230,493.8000,0.1399,5.0970,21.5200,0.1079
21.5000,8.1810,8.8300,488.8000,0.1406,5.0220,21.9900,0.1003
20.8900,8.0930,8.1790,484.3000,0.1402,4.9180,25.0200,0.1071
20.4300,8.0600,7.7540,479.7000,0.1387,4.8730,24.9600,0.1058
19.8900,7.9670,6.8390,477.6000,0.1397,4.9070,29.9000,0.1220
20.0100,7.9720,6.9170,476.3000,0.1401,4.8270,26.4000,0.1184
21.7100,7.8210,7.8250,482.4000,0.1363,4.7980,24.5600,0.1071
21.6100,7.8920,8.2840,477.1000,0.1310,4.7830,24.4100,0.0996
21.0200,7.8350,7.6380,473.2000,0.1314,4.8180,24.6500,0.1052
20.6100,7.7750,6.9960,471.7000,0.1273,4.6820,27.1800,0.1068
20.4600,7.7420,6.7690,470.6000,0.1323,4.6780,27.6900,0.1081
20.7100,7.7490,6.9690,469.2000,0.1276,4.6490,25.6600,0.1004
21.7000,7.8290,7.8110,471.7000,0.1292,4.7320,24.4900,0.0862
22.1200,7.9580,8.7220,469.0000,0.1288,4.6520,22.5000,0.0712
21.5900,7.8340,7.5590,465.5000,0.1254,4.5470,23.6700,0.0923
21.4700,7.7800,7.0880,464.5000,0.1245,4.5040,26.4100,0.1032
21.3200,7.7260,6.5860,463.9000,0.1285,4.5820,28.7300,0.1097
21.4200,7.7180,6.4860,462.3000,0.1299,4.5210,25.0400,0.0958
21.6000,7.7860,7.1950,460.9000,0.1260,4.4040,25.7700,0.0907
21.1100,7.8160,7.2820,460.3000,0.1262,4.4400,27.6400,0.0908
20.6000,7.7960,6.9570,459.8000,0.1277,4.4090,32.0600,0.1017
20.0100,7.7420,6.6240,459.6000,0.1357,4.3090,36.2900,0.1198
19.4500,7.7550,6.7470,458.6000,0.1349,4.3060,34.2500,0.1262
19.3800,7.7490,6.6790,458.0000,0.1343,4.3190,32.9500,0.1272
20.5300,7.8290,7.4850,458.2000,0.1259,4.3400,27.8600,0.1195
20.0900,7.9090,8.0720,455.6000,0.1323,4.2430,36.0900,0.1137
19.3100,7.8270,7.3930,454.6000,0.1324,4.2290,35.2900,0.1208
18.9100,7.8060,7.2240,454.4000,0.1333,4.2230,36.0300,0.1285
18.4500,7.7910,7.1760,454.4000,0.1357,4.1400,35.8400,0.1344
18.4800,7.7940,7.1610,454.0000,0.1334,4.1630,33.0200,0.1388
19.8200,7.8350,7.6090,454.8000,0.1296,4.1380,30.6500,0.1316
19.3100,7.8470,7.6270,453.1000,0.1895,4.1360,34.7600,0.1516
18.9000,7.8520,7.6720,452.2000,0.1280,4.1380,31.2300,0.1638
18.7100,7.8520,7.7190,453.0000,0.1283,4.2540,30.1400,0.1750
18.2400,7.8210,7.4610,453.0000,0.1283,4.2010,30.3400,0.1826
18.1800,7.7940,7.3040,453.3000,0.1293,4.1280,31.0400,0.1909
20.1500,7.8350,7.7440,453.5000,0.1241,4.1200,26.6700,0.1846
19.6500,7.8060,7.4400,453.5000,0.1257,4.1710,27.2000,0.1938
18.4500,7.8110,7.4570,452.9000,0.1263,4.0960,30.9800,0.2033
18.3100,7.7810,7.2380,452.9000,0.1259,4.1370,31.7900,0.2130
17.8400,7.7670,7.1240,453.4000,0.1260,4.1590,31.6100,0.2150
17.9000,7.7410,6.8970,453.5000,0.1258,4.0470,28.3800,0.2219
19.2600,7.7720,7.2920,453.1000,0.1236,4.0590,28.3700,0.2063
19.0800,7.7680,7.1730,453.0000,0.1311,4.0270,36.3800,0.2116
18.3100,7.7770,7.3120,452.9000,0.1290,4.0890,35.0900,0.2131
18.1200,7.7770,7.2370,453.2000,0.1266,4.1060,34.6000,0.2097
17.8300,7.7460,7.0160,453.5000,0.1293,4.0710,36.2000,0.2175
17.8700,7.7460,7.0700,453.6000,0.1261,4.0600,30.6500,0.2208
19.3600,7.7730,7.4010,455.0000,0.1188,4.0010,27.5300,0.2038
18.9700,7.7720,7.4690,451.6000,0.1224,3.9940,30.6300,0.2067
18.1100,7.7500,7.1290,453.1000,0.1315,3.9680,33.4100,0.2142
18.1800,7.7780,7.3880,453.2000,0.1245,3.9740,34.4400,0.2017
18.0400,7.7540,7.1680,453.7000,0.1255,4.1100,34.4600,0.2028
18.0000,7.7340,7.0060,453.3000,0.1278,4.0950,30.7200,0.2074
18.7700,7.7500,7.2340,452.9000,0.1313,4.0030,26.8000,0.2251
19.0200,7.7360,7.4620,446.9000,0.1094,3.9050,23.4100,0.1788
18.1600,7.7590,7.3580,453.1000,0.1234,4.0270,33.5700,0.1861
17.7900,7.7830,7.5730,453.3000,0.1206,3.9850,29.8200,0.1659
17.3600,7.7600,7.3280,454.0000,0.1250,4.0100,33.2800,0.1748
17.2700,7.7750,7.5020,453.7000,0.1227,3.9900,28.7700,0.1727
18.4100,7.8040,7.9340,451.8000,0.1154,3.8600,26.7800,0.1698
18.4300,7.9360,8.8940,452.3000,0.1114,3.9360,23.8100,0.1452
17.3000,7.8580,8.2340,453.7000,0.1260,3.9290,38.0100,0.1538
16.8700,7.8390,8.0170,454.1000,0.1210,3.9540,35.0900,0.1461
16.4800,7.7990,7.7070,454.2000,0.1176,3.9980,33.6800,0.1561
16.6900,7.8010,7.7770,453.5000,0.1087,4.0020,24.1700,0.1504
18.6000,7.8080,8.2740,456.3000,0.1033,3.8470,20.3400,0.1423
18.3600,7.9180,8.8700,454.3000,0.1138,4.0260,24.2500,0.1261
17.2000,7.8610,8.4630,455.8000,0.1197,3.9250,30.9000,0.1291
16.7900,7.8220,8.0900,457.1000,0.1164,3.8840,33.1100,0.1313
16.4100,7.7910,7.7930,457.0000,0.1160,3.9760,32.3200,0.1409
16.5600,7.7800,7.7060,457.7000,0.1108,3.9000,26.1500,0.1410
18.3400,7.8250,8.1770,459.1000,0.0965,3.8120,20.9300,0.1352
17.9800,7.8080,8.6380,448.5000,0.0956,3.7160,21.0100,0.1225
17.1800,7.7700,7.6680,454.6000,0.1066,3.7720,31.4700,0.1533
16.9100,7.8520,8.2540,459.1000,0.1042,3.9280,27.4000,0.1370
16.6800,7.7900,7.7040,460.1000,0.1085,3.9560,28.0900,0.1481
16.6600,7.7470,7.4130,460.8000,0.1026,3.9110,22.7700,0.1650
18.2900,7.7940,7.8680,460.8000,0.0945,3.8160,22.4800,0.1571
18.5300,7.8840,8.6280,460.5000,0.1036,3.9620,22.0000,0.1558
17.4300,7.8220,7.8640,462.0000,0.1062,3.8940,36.1400,0.1786
16.8900,7.8300,8.0980,464.8000,0.1063,4.0210,29.4600,0.1865
16.4600,7.7850,7.6410,466.1000,0.1049,4.0010,28.5200,0.1920
16.5500,7.7670,7.5340,465.7000,0.1036,4.0130,24.8200,0.1892
18.1200,7.7620,8.0670,457.0000,0.1048,3.8600,27.7100,0.1769
18.2600,7.7990,8.3550,455.6000,0.0915,3.7740,22.3200,0.1684
17.1100,7.8320,8.1620,466.6000,0.1107,4.0000,35.2300,0.1894
16.9100,7.8530,8.2700,468.0000,0.0981,4.0190,28.0500,0.1680
16.6600,7.8340,8.1310,468.6000,0.1003,4.0460,27.0800,0.1652
16.8200,7.8420,8.1640,471.0000,0.1010,4.0490,25.6500,0.1789
18.7300,7.9220,8.8020,473.1000,0.0929,3.9580,23.6300,0.1672
19.0500,8.0070,9.9810,462.0000,0.0951,3.9620,19.7700,0.1419
17.8500,7.8120,8.8100,456.4000,0.1008,3.8560,26.3000,0.1441
17.4400,7.9250,8.8150,475.8000,0.1055,4.0520,25.9100,0.1585
17.2500,7.8550,8.2130,477.9000,0.1063,4.2320,24.1200,0.1755
17.2800,7.8700,8.3560,478.8000,0.1095,4.2320,23.4200,0.1636
18.0800,8.0390,9.7780,477.9000,0.1117,4.2050,21.7100,0.1293
18.6200,7.9970,9.5360,476.0000,0.1084,4.0800,26.3600,0.1401
17.9500,7.9430,8.9800,479.9000,0.1116,4.0680,31.5000,0.1426
17.5800,7.9410,8.8930,483.2000,0.1148,4.1830,30.1100,0.1391
17.3300,7.8920,8.4650,485.2000,0.1111,4.2730,25.9500,0.1445
17.3000,7.8650,8.2530,486.5000,0.1162,4.2480,26.1800,0.1427
18.0400,7.8700,8.4520,483.9000,0.1111,4.0390,24.1400,0.1487
18.2100,7.8450,8.3760,479.9000,0.0930,4.0940,17.3500,0.1393
17.6300,7.8010,7.9860,478.0000,0.1025,4.1200,26.9300,0.1562
17.5200,7.8400,8.0460,489.3000,0.1060,4.2440,27.4800,0.1588
17.5100,7.8010,7.5410,493.6000,0.1089,4.4060,28.3900,0.1641
17.4000,7.7750,7.2950,494.5000,0.1089,4.4060,26.5400,0.1641
17.9500,7.6300,9.0680,492.9000,0.1084,4.2520,26.9900,0.1438
16.9500,7.6130,8.3320,499.1000,0.1125,4.3150,36.3400,0.1556
16.2900,7.5480,7.9410,499.8000,0.1187,4.3290,42.2700,0.1719
16.0100,7.5250,7.6390,501.5000,0.1417,4.3830,40.0900,0.1756
16.0400,7.4750,7.7500,488.0000,0.0998,4.1440,28.2400,0.1484
17.4100,7.6400,8.6330,505.2000,0.0968,4.3360,26.2300,0.1416
17.2600,7.6430,9.0770,492.6000,0.0968,4.3360,26.8500,0.1416
16.2100,7.4640,8.0060,488.0000,0.1024,4.0800,31.2700,0.1383
15.9500,7.5960,8.2140,512.8000,0.1105,4.5460,36.2800,0.1429
15.8300,7.3510,7.7470,475.0000,0.0903,4.2720,24.1700,0.1248
15.8500,7.5480,7.8230,515.4000,0.1090,4.6500,32.5600,0.1419
17.0100,7.6720,8.6810,516.1000,0.1079,4.6350,29.1100,0.1355
17.9700,7.7160,9.1220,519.2000,0.0970,4.5850,23.8700,0.1272
17.0700,7.5360,8.0530,499.2000,0.0999,4.5060,29.1300,0.1374
16.7300,7.6280,8.2490,524.0000,0.0995,4.7980,30.3700,0.1400
16.5500,7.4050,7.1520,499.7000,0.0954,4.4080,29.2400,0.1454
16.3700,7.5040,7.5990,515.1000,0.0982,4.6110,28.3000,0.1515
16.3500,7.5500,7.5000,525.9000,0.1041,4.8610,32.6200,0.1676
16.3100,7.5380,7.6070,527.0000,0.0974,4.6980,31.8900,0.1672
15.7200,7.5310,7.4300,519.1000,0.1022,4.8030,33.7100,0.1797
15.0200,7.6070,8.0000,528.6000,0.1020,4.9330,36.1900,0.1807
13.9600,7.5990,7.9850,528.4000,0.1049,4.9890,35.3900,0.1898
13.4200,7.6340,8.3710,533.3000,0.1066,4.9990,34.9100,0.1972
13.9300,7.6910,9.0230,529.2000,0.0984,4.8580,29.3900,0.1907
13.5500,7.7730,9.5610,531.1000,0.0995,4.8310,29.9700,0.1869
12.7700,7.5710,8.7390,504.8000,0.0877,4.4840,22.6700,0.1793
11.9200,7.6300,8.8110,521.8000,0.0891,4.6810,25.9300,0.1822
11.7000,7.5610,8.5570,516.6000,0.0921,4.8750,22.3600,0.1920
11.6000,7.6870,9.0550,535.4000,0.0945,5.0660,26.8800,0.1964
12.3400,7.7900,9.6440,546.4000,0.0975,5.1550,25.1000,0.1673
13.0400,7.6740,9.7090,530.8000,0.0852,4.8830,19.8200,0.1552
13.0100,7.6070,8.9290,530.5000,0.0878,4.9450,21.1000,0.1557
12.4200,7.6800,9.0180,548.7000,0.1267,5.2750,50.4500,0.1877
12.7000,7.5840,8.5220,565.5000,0.0961,4.9900,22.7200,0.1668
12.9800,7.4750,8.2170,535.6000,0.0886,4.8500,18.3900,0.1513
13.3500,7.6490,8.9870,545.7000,0.0898,5.0900,17.0500,0.1455
13.5800,7.6890,9.2210,543.9000,0.0923,5.1320,18.9300,0.1402
13.0000,7.6190,8.6900,542.3000,0.0933,5.1030,22.4000,0.1452
12.9300,7.5420,8.5020,538.4000,0.0934,5.1260,22.9000,0.1376
13.5500,7.3130,7.6780,505.0000,0.0713,4.5300,12.9600,0.1210
13.3300,7.4410,8.0900,515.3000,0.0713,4.5300,14.4700,0.1210
13.1000,7.5630,8.4580,535.9000,0.0880,5.0640,14.3900,0.1185
12.5400,7.6430,8.7550,542.7000,0.0943,5.1020,24.3000,0.1317
12.0300,7.6030,8.6590,544.1000,0.0902,5.1820,22.8400,0.1321
11.7000,7.6360,8.7410,547.9000,0.0933,5.2280,21.4100,0.1262
11.2400,7.6850,8.9370,554.0000,0.0958,5.4990,23.9000,0.1248
11.6000,7.5540,8.5530,540.8000,0.0839,5.0870,16.1700,0.1223
13.0300,7.6240,9.2430,544.0000,0.0826,5.3800,12.9800,0.1175
12.8900,7.6740,9.2400,548.1000,0.0912,5.2720,13.8500,0.1245
12.2400,7.5400,8.6580,541.2000,0.0885,5.2950,16.0900,0.1598
11.9100,7.6220,8.7580,556.1000,0.1015,5.6000,19.5500,0.2253
11.7800,7.5190,8.3320,547.8000,0.0993,5.5890,17.7000,0.2644
11.9700,7.5270,8.3760,548.2000,0.1055,5.6020,15.3300,0.3598
12.6200,7.6240,8.7880,581.3000,0.1288,5.9500,14.9200,0.5167
13.4600,7.6070,8.8900,566.6000,0.1254,5.9380,11.7400,0.5419
12.7000,7.5630,8.1600,564.9000,0.1481,6.0930,13.6500,0.7426
12.7800,7.4430,7.6560,543.9000,0.1377,5.5810,11.2200,0.6683
12.3800,7.4890,7.3720,566.3000,0.1377,5.5810,12.3300,0.6683
12.3300,7.4620,7.0200,572.4000,0.1522,6.4580,10.9500,0.9978
13.1500,7.5780,7.3960,590.8000,0.1655,6.7340,13.4000,1.0951
14.3700,7.5570,7.8550,576.6000,0.1411,6.3750,10.6300,0.9596
13.3100,7.5210,7.2670,580.7000,0.1423,6.4720,13.2100,0.9943
13.4000,7.3700,7.0030,538.6000,0.1164,5.7180,8.0100,0.7663
12.9200,7.4660,7.0550,584.5000,0.1368,6.5540,13.4600,1.0172
12.9400,7.4260,6.9990,576.8000,0.1240,6.1120,11.9100,0.8844
14.9600,7.5730,7.6660,597.9000,0.1358,6.6410,11.8100,1.0628
14.3400,7.5750,8.0530,591.7000,0.1367,6.4090,13.0300,0.9923
13.6100,7.5350,7.7380,582.2000,0.1388,6.4340,15.0000,0.9453
13.3200,7.5690,7.9220,589.9000,0.1483,6.6790,16.8900,1.0259
13.0300,7.4790,7.3820,585.9000,0.1374,6.5280,15.1200,0.9366
12.5700,7.5650,7.8830,603.3000,0.1575,6.8340,17.5600,1.0898
13.0800,7.6280,8.6320,593.2000,0.1428,6.6150,13.9400,0.9904
12.6100,7.6910,9.1200,599.1000,0.1461,6.7760,18.1900,0.9960
11.7800,7.6030,8.5010,593.4000,0.1372,6.6620,18.1800,0.9356
11.5000,7.4810,7.9150,572.2000,0.1238,6.2050,14.6800,0.7911
11.4300,7.4050,7.7390,562.0000,0.1112,5.8940,13.3800,0.6654
11.3900,7.5750,8.1920,588.9000,0.1420,6.6220,15.4100,0.9432
12.6900,7.6700,9.0570,600.1000,0.1403,6.8560,11.3600,0.9445
12.6300,7.7200,9.3330,602.6000,0.1483,6.6710,12.4400,0.9525
12.1700,7.5360,8.5130,579.6000,0.1235,6.3110,12.7400,0.7535
11.7700,7.5690,8.4000,580.0000,0.1325,6.4520,14.3500,0.7945
11.4200,7.5820,8.3000,589.6000,0.1412,6.7270,13.7900,0.8416
11.4900,7.5590,8.3550,587.2000,0.1347,6.5230,12.6200,0.7827
12.7100,7.6890,9.4890,606.3000,0.1381,6.8080,12.3300,0.8325
13.0600,7.6970,9.5260,598.2000,0.1322,6.6490,11.3000,0.7589
12.2400,7.5690,8.3510,593.4000,0.1320,6.7270,14.9000,0.7565
11.8100,7.6320,8.5610,600.4000,0.1371,6.8250,14.4100,0.7684
11.9300,7.5060,8.1900,579.9000,0.1171,6.1700,13.1300,0.5960
11.8100,7.5460,8.3160,589.1000,0.1259,6.5460,12.3700,0.6279
13.2700,7.6450,9.3360,595.8000,0.1248,6.5750,10.5100,0.6112
13.3900,7.7450,9.7460,599.9000,0.1305,6.7290,9.7300,0.6286
12.6900,7.6850,9.1400,601.0000,0.1301,6.5640,13.2600,0.6025
12.6800,7.4810,8.6750,571.6000,0.1154,6.2870,9.3800,0.4976
12.4600,7.6050,8.7360,592.6000,0.1321,6.5230,12.0200,0.5341
12.6300,7.5780,8.9040,590.9000,0.1300,6.4160,9.5400,0.5103
13.8100,7.8380,10.4610,610.9000,0.1445,6.7650,9.1500,0.5676
14.0600,7.8170,10.4870,597.9000,0.1352,6.5730,8.7500,0.5171
13.2600,7.7730,9.9330,606.5000,0.1515,6.7580,11.5700,0.5608
13.2400,7.7750,9.6960,610.1000,0.1828,6.9350,12.7400,0.6488
13.1100,7.6990,9.0710,612.5000,0.1841,6.9160,15.2400,0.6336
13.3200,7.6870,8.9800,609.9000,0.1843,6.8580,12.7400,0.6068
14.5900,7.8730,10.6790,617.0000,0.1810,6.9290,11.9200,0.5497
14.4600,7.9740,11.3970,607.7000,0.1712,6.9240,11.1900,0.4607
13.9600,7.8860,10.4520,620.6000,0.1583,6.9810,15.6700,0.3883
13.6800,7.7050,9.6140,598.8000,0.1345,6.6070,14.4600,0.3323
13.2000,7.6070,8.7450,598.9000,0.1294,6.6940,14.9000,0.3229
13.2400,7.7680,9.5840,624.5000,0.1420,7.2070,17.4200,0.3202
14.6400,7.8570,10.7600,622.6000,0.1324,7.2340,12.7900,0.3279
14.6600,7.9390,11.1540,617.4000,0.1242,7.0410,12.0800,0.2562
13.6400,7.8730,10.3660,625.4000,0.1260,7.0980,15.1000,0.2547
13.6100,7.8840,10.4790,625.5000,0.1358,7.1170,14.5100,0.2200
13.3300,7.8520,10.2090,625.5000,0.1213,7.1030,14.0200,0.1991
13.2900,7.8460,10.2060,626.0000,0.1161,7.1390,13.1500,0.1960
14.6200,7.8900,11.2670,604.5000,0.1004,6.6440,8.4600,0.1754
14.4100,7.9010,10.8420,607.0000,0.0992,6.7010,8.9200,0.1753
13.9100,7.6640,9.2400,595.4000,0.0917,6.3590,9.9500,0.1732
13.7000,7.8380,9.8530,624.7000,0.1123,7.0870,15.3800,0.1712
13.3400,7.8290,9.7960,625.0000,0.1097,7.0280,14.6300,0.1657
12.8100,7.8650,9.9770,625.2000,0.1146,6.9290,14.7500,0.1660
12.9300,8.0040,11.3190,621.7000,0.1011,6.8300,9.3400,0.1484
12.9200,8.0750,11.6460,614.1000,0.0972,6.7130,8.5300,0.1484
12.0900,7.9450,10.3240,617.4000,0.1031,6.7470,11.4300,0.1558
11.9600,7.4773,6.1143,507.1030,0.2729,9.1230,43.3137,0.6905
11.7700,7.4696,6.0682,502.0700,0.2792,9.3830,46.2885,0.7529
12.4200,7.5106,6.5727,499.0480,0.2687,9.2810,43.7686,0.7757
12.3000,7.5489,6.9722,495.2360,0.2640,9.5300,44.0370,0.8359
11.8100,7.4837,6.8474,529.2990,0.2515,9.3710,42.1968,0.8472
11.5000,7.4739,6.7339,528.3750,0.2515,9.3710,36.2537,0.8472
11.2200,7.4683,6.6461,527.2080,0.2299,9.4400,31.5464,0.8700
11.1500,7.4745,6.7138,526.4310,0.2150,9.4810,24.7763,0.8891
12.0200,7.5674,7.6512,526.2720,0.1987,9.3230,20.6083,0.9219
11.8600,7.5618,7.5547,525.6790,0.1878,9.2000,20.2487,0.9385
11.8200,7.5799,7.6627,526.1880,0.1785,9.2880,19.6503,0.9249
11.7400,7.5899,7.8322,527.0050,0.1681,9.1350,18.4203,0.8756
11.5800,7.5821,7.8680,525.4810,0.1573,9.0650,17.5658,0.8198
11.5100,7.6026,8.0040,526.1280,0.1474,9.0990,14.3054,0.7688
12.2200,7.6489,8.5008,523.8450,0.1387,9.1010,14.2497,0.6177
12.2600,7.6650,8.5272,522.6480,0.1333,8.8020,14.6804,0.6594
11.9700,7.6655,8.5283,522.1360,0.1308,8.7850,16.2964,0.5762
11.7600,7.6561,8.4706,520.5680,0.1316,8.7140,16.6815,0.5615
11.5700,7.6524,8.4664,519.5080,0.1266,8.6640,16.4472,0.5182
11.4800,7.6725,8.7866,516.8990,0.1208,8.7090,13.9798,0.4321
12.2300,7.7228,9.2104,511.5340,0.1158,8.5630,12.6511,0.3566
12.2100,7.7368,9.3084,507.4070,0.1116,8.4400,13.3010,0.3057
12.0100,7.7193,9.1640,503.4620,0.1102,8.3470,14.7473,0.2699
11.9400,7.7233,9.2679,495.8360,0.1061,8.1300,15.5630,0.2256
11.9300,7.7294,9.3877,486.6130,0.1024,7.9420,15.2005,0.1819
12.0500,7.7191,9.2657,481.3830,0.0985,7.9280,13.7065,0.1768
12.6800,7.7595,9.5734,475.7380,0.0947,7.7010,12.8308,0.1564
13.0000,7.7805,9.7100,470.5440,0.0930,7.5560,11.5945,0.1502
12.6900,7.7232,9.2292,466.6050,0.0942,7.4180,13.9234,0.1471
12.5400,7.6917,9.0252,463.3830,0.0958,7.3990,15.6387,0.1409
12.5100,7.6717,8.8373,460.4860,0.0949,7.3650,15.3899,0.1394
12.6200,7.6657,8.8101,456.5560,0.0931,7.3950,12.9979,0.1350
13.2300,7.7158,9.3709,453.9850,0.0899,7.2800,11.8303,0.1269
13.4700,7.7631,9.5436,450.7570,0.0884,7.0980,11.2771,0.1234
12.7000,7.7132,9.0339,450.1290,0.0925,7.0210,13.7682,0.1260
12.3200,7.7000,9.0723,447.9960,0.0939,6.9250,14.6373,0.1262
11.8900,7.7071,9.0524,445.7210,0.0925,6.8700,14.0664,0.1284
11.5000,7.7041,9.0270,445.9020,0.0923,6.9240,13.1356,0.1287
11.6200,7.7698,9.7128,444.1250,0.4782,6.9120,12.2578,0.1224
11.1700,7.7709,9.4964,443.5060,0.0998,7.0170,11.4124,0.1303
10.6600,7.7482,9.2935,442.4500,0.0920,6.7560,12.5453,0.1338
8.6200,7.8202,9.8840,435.3470,0.0943,6.3620,11.5121,0.1591
9.2100,7.9172,10.7296,434.5690,0.0972,6.2730,10.4094,0.1629
8.9700,7.9443,10.6405,435.0600,0.0980,6.2600,9.9816,0.1773
8.6200,7.8624,10.1739,436.4480,0.1006,6.4970,11.4480,0.2017
8.5400,7.8469,10.0334,437.1790,0.1052,6.4440,11.8878,0.2382
8.1500,7.8179,9.8753,439.1600,0.1082,6.6070,11.0097,0.2550
8.0700,7.8077,9.9275,440.6780,0.1090,6.6250,10.1980,0.2834
8.7500,7.8907,10.6796,439.2710,0.1095,6.6300,9.9365,0.2782
8.5800,7.9117,10.5790,439.2090,0.1110,6.5460,10.4888,0.2834
8.1600,7.8561,10.2394,442.1080,0.1124,6.9010,10.8977,0.3133
7.9100,7.8307,10.0674,443.4380,0.1114,6.8740,11.4148,0.3461
7.6600,7.8131,9.9371,445.2450,0.1141,6.8970,10.6253,0.3797
7.5600,7.8154,10.0389,447.0100,0.1131,6.9840,9.5546,0.3984
8.2500,7.9145,11.0161,446.0180,0.1127,6.8640,9.5105,0.3835
7.5400,7.8745,10.4665,504.7960,0.1203,7.2590,10.7000,0.4213
7.2400,7.8551,10.4178,509.5140,0.1237,7.4910,11.5108,0.4570
7.1200,7.8042,10.1637,505.9780,0.1221,7.4790,9.6037,0.4421
6.8900,7.8446,10.3064,513.0390,0.1282,7.6060,11.8611,0.4599
7.8200,7.9168,11.1073,511.7810,0.1282,7.6750,11.5400,0.4650
7.7800,7.9408,11.0528,512.6220,0.1293,7.6520,12.0104,0.4643
7.2400,7.8796,10.6038,517.6070,0.1294,7.9980,13.0483,0.4863
6.9500,7.8687,10.5463,520.5420,0.1266,8.2360,12.1375,0.4893
6.7100,7.8487,10.4207,521.7420,0.1232,8.1390,11.0487,0.4876
6.6600,7.8470,10.4983,521.8390,0.1237,8.1170,11.1039,0.4992
7.8400,7.9246,11.3569,518.5030,0.1200,8.0570,10.5519,0.4728
8.1400,7.9644,11.4284,516.8760,0.1197,8.2010,11.9782,0.4681
7.4800,7.8935,10.7855,521.0600,0.1163,8.1860,11.3330,0.4765
7.3000,7.8677,10.6387,521.8910,0.1154,8.2590,11.6323,0.4707
7.0700,7.8558,10.5823,524.4200,0.1109,8.4250,9.5557,0.5057
7.0400,7.8562,10.6664,524.3790,0.1125,8.5400,9.0268,0.5208
8.2100,7.9234,11.4459,521.4090,0.1099,8.5590,8.1279,0.5155
8.3700,7.9411,11.5060,518.0160,0.1089,8.6260,7.9507,0.4969
7.8000,7.8802,10.8204,522.9230,0.1095,8.6090,8.2825,0.5253
7.5600,7.8521,10.7175,523.6640,0.1093,8.8250,8.8934,0.5256
7.3000,7.8266,10.5278,524.0850,0.1080,8.8050,8.3656,0.5203
7.1600,7.8208,10.5515,524.9510,0.1076,8.7760,7.5568,0.5226
7.9700,7.9181,11.4491,521.4140,0.1072,8.8340,7.1076,0.5024
8.1500,7.9437,11.5417,519.9000,0.1059,8.8490,6.7854,0.4928
7.5700,7.8623,10.7269,522.8470,0.1050,8.7880,7.0142,0.4931
7.3300,7.8385,10.5400,523.0610,0.1045,8.8000,7.7387,0.4775
7.1200,7.8208,10.4881,525.0140,0.1022,8.9210,7.5862,0.4690
6.9500,7.8171,10.4481,525.1130,0.1028,8.9820,7.1837,0.4562
8.0500,7.9177,11.5867,522.5910,0.0995,8.9140,6.0409,0.4258
8.1500,7.9600,11.7999,521.1370,0.0969,8.8390,6.1852,0.4118
7.5300,7.8687,10.8512,523.8000,0.0954,8.9750,6.1379,0.4112
7.2400,7.8348,10.5415,524.5330,0.0941,8.9650,6.8063,0.3837
7.0300,7.8270,10.4770,526.3380,0.0919,9.0010,6.6337,0.3712
7.0700,7.8351,10.6652,526.9490,0.0936,9.2460,5.8956,0.3614
8.0100,7.9136,11.4844,522.7920,0.0891,9.0590,5.6894,0.3377
7.3469,7.9693,11.8495,536.0550,0.0873,9.0760,5.6407,0.3216
6.7629,7.8633,10.7917,535.8650,0.0832,9.0900,5.7554,0.3197
6.6088,7.8392,10.6646,534.6370,0.0838,9.0280,5.5686,0.3155
6.3998,7.8073,10.3924,534.0440,0.0829,9.0730,5.7810,0.3056
6.4402,7.8175,10.5070,533.0500,0.0803,9.1310,5.5749,0.2952
7.4187,7.9162,11.5577,529.1370,0.0790,9.1320,5.3183,0.2634
7.6550,7.9640,11.6572,524.5030,0.0776,9.0710,4.8301,0.2513
7.1956,7.8720,10.9203,526.6710,0.0764,8.9810,5.6971,0.2493
7.2030,7.8557,10.7391,526.2900,0.0761,8.8800,5.7473,0.2352
6.7969,7.8389,10.5060,524.8840,0.0777,9.0520,6.2553,0.2243
6.5946,7.8351,10.5623,524.3190,0.0762,8.9480,5.2935,0.2362
7.4496,7.9992,12.0053,520.5850,0.0755,9.0800,5.4064,0.2090
7.5188,7.9969,12.1773,519.4260,0.0729,8.9780,5.6326,0.1983
6.8741,7.9441,11.0831,521.1880,0.0750,9.1660,5.8799,0.2119
6.5854,7.9188,10.8247,522.1400,0.0779,9.1820,6.3770,0.2286
6.4576,7.8887,10.5863,522.6140,0.0791,9.0960,6.3104,0.2481
6.5293,7.8782,10.4915,522.9340,0.0798,9.2160,5.5608,0.2846
6.6607,7.9225,10.8598,522.8860,0.0783,9.1920,5.0216,0.2693
6.6303,7.9026,10.7753,525.3820,0.0777,8.3640,5.1530,0.2699
6.6290,7.8619,10.4516,523.2530,0.0766,8.3150,5.4564,0.2534
6.5233,7.8419,10.3537,519.6560,0.0730,8.2050,5.8124,0.2611
6.4334,7.8422,10.3208,517.1070,0.0708,8.3290,5.8016,0.2369
6.3547,7.8283,10.2498,514.8570,0.0711,8.2540,5.7116,0.2450
6.6377,7.9233,11.1439,513.0460,0.0717,8.2130,5.7065,0.2399
6.4499,7.9522,11.0811,513.5280,0.0730,8.3770,6.3765,0.2573
6.1713,7.9064,10.6537,514.7750,0.0728,8.5090,5.6248,0.2582
6.0106,7.8905,10.6508,514.4110,0.0739,8.3610,6.3138,0.2523
5.7415,7.8708,10.5014,514.2670,0.0743,8.5010,6.1703,0.2622
5.5570,7.8858,10.7157,513.7090,0.0725,8.4290,5.8973,0.2582
5.8738,8.0373,11.7016,506.2250,0.0668,9.7990,5.1103,0.1996
5.5964,8.0871,11.6141,505.5480,0.0620,9.7990,5.2883,0.1834
5.2694,8.0148,11.0706,507.3310,0.0594,8.8330,5.7452,0.1804
5.1026,7.9969,11.0067,506.4920,0.0650,8.7910,6.3480,0.1743
4.8103,7.9609,10.7625,507.8010,0.0622,9.0380,6.9318,0.1860
4.7057,7.9675,10.8578,508.6750,0.0611,8.9830,5.4872,0.2133
5.3517,8.0716,11.8817,547.2480,0.0642,8.9650,13.1854,0.2143
5.1070,8.0991,11.5905,539.7580,0.0642,8.8570,14.0279,0.2027
4.7581,8.0207,11.1124,538.1200,0.0585,8.8870,15.8992,0.2157
4.5085,7.9872,10.9540,536.5560,0.0596,9.0760,13.7158,0.2562
4.1364,7.9471,10.6724,534.6380,0.0620,8.8350,13.4734,0.2855
4.1019,7.9516,10.7966,532.7430,0.0679,8.8600,13.0462,0.3256
4.9268,8.0345,11.6346,526.0910,0.0744,9.1830,14.0919,0.3618
4.8552,8.0533,11.7550,523.9470,0.0787,9.0040,13.3621,0.3995
4.4910,7.9765,11.1517,522.8960,0.0790,9.2230,12.9701,0.4834
4.2048,7.9405,10.9296,521.8260,0.0798,9.1530,13.5115,0.5188
3.8931,7.9151,10.7710,520.6270,0.0777,9.0230,13.2659,0.5345
3.7416,7.9118,10.8759,517.5350,0.0865,9.0860,12.9710,0.5813
4.7163,8.0047,11.8406,509.3340,0.0824,9.0360,12.8700,0.5634
4.5555,8.0277,11.8007,505.8900,0.0829,9.0720,12.6247,0.5677
4.1470,7.9758,11.4096,504.7450,0.0813,9.2910,13.3627,0.5820
3.8951,7.9523,11.2116,502.8940,0.0855,9.2560,12.8810,0.5799
3.7223,7.9262,11.1483,500.9490,0.0852,9.0150,12.6960,0.5831
3.5678,7.9385,11.2555,499.1140,0.0905,9.2020,12.5857,0.5914
4.5181,8.0277,12.1951,491.6010,0.0918,9.2290,12.6256,0.5758
4.3604,8.0676,12.3037,490.9520,0.0906,9.2590,12.5461,0.5682
3.8587,7.9998,11.8502,492.5720,0.0902,9.3210,12.5825,0.6002
3.5412,7.9784,11.6228,492.8760,0.0893,9.2970,13.1751,0.6161
3.2902,7.9588,11.5452,492.6610,0.0985,9.4110,12.8320,0.6656
3.1094,7.9675,11.6471,491.8420,0.1050,9.3890,12.6779,0.7196
4.1215,8.0280,12.3825,485.3440,0.1051,9.4920,12.9354,0.7626
4.2285,8.0619,12.4044,479.7240,0.1211,9.3420,12.7199,0.7524
3.8890,7.9977,11.8658,479.4800,0.1196,9.3550,12.6867,0.7821
3.7005,7.9780,11.7287,478.0050,0.1165,9.3250,12.9470,0.7935
3.5203,7.9501,11.5378,476.9760,0.1217,9.4650,13.1180,0.8111
3.5177,7.9378,11.5667,476.3460,0.1204,9.4320,13.1034,0.8493
4.2536,8.0296,12.2611,468.6080,0.1384,9.4120,12.8644,0.8219
4.4313,8.0482,12.1800,462.1060,0.1365,9.5250,12.9256,0.8504
4.2051,7.9815,11.6836,460.1040,0.1415,9.5140,13.0557,0.8560
4.0651,7.9537,11.4772,458.6120,0.1365,9.4740,13.2773,0.8181
4.0144,7.9229,11.2974,456.1520,0.1358,9.4240,13.5218,0.7942
3.9798,7.9254,11.4489,455.0430,0.1286,9.2400,13.2749,0.7503
4.6759,8.0231,12.1645,446.9790,0.1258,9.2600,12.8872,0.6720
4.6156,8.0211,12.0774,443.7910,0.1117,9.1520,12.8816,0.6331
4.4482,7.9647,11.6275,443.1620,0.1092,9.2230,13.1970,0.5945
4.3528,7.9401,11.5996,440.7430,0.1092,9.2230,13.5385,0.5945
4.1417,7.9286,11.4408,439.6200,0.0991,8.8410,13.6127,0.4868
3.8483,7.9221,11.3140,438.8550,0.0960,8.9000,13.2968,0.4731
4.4076,8.0856,12.3807,435.2830,0.1027,9.0120,13.6405,0.5025
4.0682,8.1260,12.2869,434.6960,0.1060,8.9210,14.3636,0.5075
3.5985,8.0438,11.7994,437.2710,0.0949,8.9220,14.3738,0.4695
3.3328,8.0164,11.6207,437.6550,0.0911,8.9190,14.8232,0.4545
3.1258,8.0127,11.4918,434.3870,0.0872,8.7810,14.8875,0.3671
3.0005,8.0276,11.6371,431.7570,0.0770,8.4700,14.5601,0.3191
3.6520,8.1589,12.6480,427.4370,0.0605,8.5660,14.1971,0.2922
3.5103,8.2211,12.6118,422.9230,0.0559,8.4350,14.1941,0.2850
3.1965,8.1358,11.9901,420.7580,0.0747,8.3760,14.0032,0.2794
3.1165,8.1031,11.8554,419.8890,0.0674,8.4940,14.6824,0.2610
2.8342,8.0734,11.6150,419.8570,0.0543,8.2310,14.3598,0.2479
2.7857,8.0693,11.7423,419.2510,0.0596,8.2050,13.9973,0.2507
3.8742,8.2236,12.7785,411.0860,0.0522,8.2870,13.8242,0.2246
3.8240,8.2708,12.6241,408.1510,0.0599,8.2760,13.6346,0.2127
3.5564,8.1749,12.0434,408.9430,0.0514,8.3000,14.0697,0.2114
3.2943,8.1276,11.8703,408.7100,0.0476,8.1970,13.9258,0.2040
2.9806,8.1100,11.7286,408.9340,0.0432,8.1980,13.8148,0.1998
2.7839,8.0982,11.7483,408.7950,0.0596,8.1260,13.8330,0.2114
3.6955,8.2447,12.9263,403.3630,0.0640,8.2720,14.1989,0.2072
3.6634,8.3439,13.2463,402.3220,0.0359,8.1780,13.5134,0.1944
3.3229,8.2161,12.3372,401.9520,0.0564,8.1090,13.4230,0.1918
3.1363,8.1687,12.1198,400.4160,0.0541,8.0730,14.1387,0.1844
2.8569,8.1368,12.0013,400.6240,0.0462,7.9930,15.2084,0.1809
2.7018,8.1108,11.8277,400.4040,0.0437,7.9370,14.3526,0.1714
3.7585,8.2694,13.1193,395.3520,0.0404,7.9710,13.2027,0.1621
3.6003,8.1527,13.3274,497.8730,0.0502,7.8700,13.2715,0.1638
3.2628,8.1109,12.7954,494.4070,0.0334,8.0750,14.1371,0.1580
3.1491,8.0675,12.5167,489.8630,0.0465,8.0340,16.4309,0.1603
3.0270,8.0463,12.4140,486.6370,0.0465,8.0340,16.1996,0.1603
2.9433,8.0345,12.3892,484.0130,0.0379,7.9320,15.9760,0.1670
3.9226,8.1954,13.4818,475.5650,0.0480,7.9170,14.5756,0.1542
4.4146,8.2847,13.9610,470.9430,0.0543,7.8530,14.5630,0.1428
3.5420,8.1636,13.0754,472.8670,0.0543,7.8530,13.5105,0.1428
3.2609,8.0916,12.6969,465.6490,0.0414,7.9120,15.2156,0.1582
3.2981,8.0649,12.6111,463.8470,0.0475,7.9600,14.3229,0.1592
3.9602,8.2163,13.7598,457.3440,0.0507,8.0440,14.0164,0.1525
4.1402,8.3198,14.1326,452.7390,0.0422,8.0090,14.9557,0.1501
3.4416,8.1913,13.1147,454.6970,0.0422,8.0090,14.4064,0.1501
2.8852,8.0915,12.7107,450.6900,0.0570,7.8770,16.5986,0.1670
2.8118,8.0836,12.6735,448.0440,0.0415,8.0740,14.9529,0.1809
3.9148,8.2459,14.0353,439.5410,0.0484,7.9600,15.3550,0.1695
4.0053,8.3787,14.5743,435.0050,0.0562,8.0580,14.0654,0.1696
3.1923,8.2086,13.2876,436.0300,0.0562,8.0580,13.6591,0.1696
2.9990,8.1139,13.0237,432.3920,0.0530,8.1490,14.3999,0.2100
2.8653,8.0915,12.8887,430.6270,0.0570,8.0460,18.2313,0.2041
3.9664,8.3335,14.5326,422.5080,0.0532,8.0700,14.2095,0.1874
3.8817,8.3919,14.7649,417.8000,0.0717,8.1080,14.0986,0.2014
3.5092,8.2733,13.8631,418.1740,0.0690,7.9940,13.8376,0.2085
3.5000,8.2106,13.6551,416.4950,0.0686,8.0240,13.8412,0.2169
3.5100,8.1746,13.5302,412.9580,0.0706,8.0390,13.8426,0.2292
3.5134,8.1182,13.3035,410.6070,0.0711,8.1690,14.5487,0.2351
3.9640,8.2730,14.2760,405.8910,0.0762,8.0790,14.1313,0.2330
4.0818,8.3073,14.2890,501.5150,0.0732,8.1750,15.5031,0.2208
3.9666,8.1787,13.6197,500.6380,0.0700,8.1470,14.1910,0.2278
3.8506,8.0880,13.2654,500.6420,0.0760,8.2760,15.0267,0.2436
3.7519,8.0401,13.0823,498.0100,0.0770,8.2210,15.9514,0.2575
3.6816,8.0195,13.0750,495.7950,0.0783,8.3050,15.0563,0.2723
4.4439,8.2749,14.6494,488.5670,0.0753,8.1690,14.6273,0.2546
4.8146,8.3750,15.0985,483.8090,0.0773,8.1320,14.2759,0.2574
3.9010,8.2084,13.8171,486.4480,0.0708,8.2620,13.9973,0.2616
3.7350,8.1323,13.3939,484.1840,0.0778,8.1430,15.1002,0.2581
3.6746,8.0718,13.2931,483.5540,0.0777,8.1490,15.5238,0.3015
3.5667,8.0394,13.1569,482.2360,0.0820,8.3320,14.0325,0.3327
4.5071,8.2826,14.8135,474.0510,0.0798,8.1740,13.9510,0.2969
4.5043,8.3893,15.0530,471.2930,0.0826,8.4040,13.6393,0.3162
4.0648,8.1934,13.7700,473.5480,0.0809,8.4190,13.5505,0.3306
3.8366,8.1402,13.6270,470.7700,0.0848,8.4120,14.1090,0.3250
3.4397,8.0666,13.1095,471.1940,0.0867,8.4650,14.4214,0.3303
2.9888,8.0726,13.0091,468.6930,0.0844,8.3740,14.1242,0.3245
3.6086,8.3159,14.3543,463.0250,0.0820,8.4290,13.9135,0.3009
3.2954,8.3806,14.3735,462.3060,0.0814,8.4570,14.3030,0.2971
2.7729,8.2452,13.4710,463.9670,0.0798,8.4350,13.9282,0.3075
2.7780,8.1720,13.3143,463.2200,0.0796,8.4700,14.5989,0.3036
2.6404,8.1138,12.9729,464.6390,0.0798,8.5230,15.7800,0.3102
2.6236,8.0766,12.9216,466.2140,0.0825,8.5700,15.1275,0.3255
3.6056,8.2921,14.5392,458.5860,0.0779,8.5680,14.2229,0.2974
3.4029,8.3810,14.7311,456.2200,0.0803,8.5780,14.2366,0.3048
3.0815,8.2178,13.6048,457.2710,0.0755,8.5820,14.3513,0.3098
3.0450,8.1734,13.4748,455.0620,0.0790,8.6320,15.4070,0.2988
3.2189,8.1286,13.3124,453.9790,0.0758,8.6630,15.0649,0.2987
3.0112,8.1087,13.2215,453.9580,0.0765,8.6890,14.8526,0.3036
3.6930,8.3450,14.8728,447.4320,0.0740,8.7760,13.8492,0.2818
3.8434,8.4515,15.2407,443.4110,0.0707,8.8450,13.4960,0.2652
3.3693,8.2828,14.0669,444.9470,0.0715,8.6730,13.6388,0.2682
3.2038,8.1976,13.7224,444.1290,0.0690,8.9920,13.5552,0.2630
3.1318,8.1710,13.6528,443.2290,0.0694,8.8670,13.6938,0.2520
3.1600,8.1375,13.4843,441.6140,0.0688,8.8600,13.5847,0.2477
3.9179,8.3410,15.0207,436.1890,0.0683,8.7920,13.4439,0.2287
3.9183,8.4620,15.5464,432.1840,0.0679,8.7580,13.2695,0.2127
3.3776,8.3315,14.4584,432.6830,0.0661,8.8820,13.2212,0.2188
3.2846,8.2332,13.9936,432.6830,0.0660,8.8170,13.4252,0.2087
3.1621,8.1940,13.9344,432.5420,0.0650,9.0480,13.4989,0.2040
3.0607,8.1589,13.7777,431.6390,0.0639,9.0230,13.3052,0.1998
3.9199,8.3786,15.2993,425.4750,0.0628,8.9900,13.0048,0.1846
3.1436,8.4680,14.7948,424.2490,0.0628,8.9700,13.2731,0.1726
2.2518,8.2921,13.5143,426.2810,0.0624,8.9990,13.5958,0.1750
1.7969,8.2292,13.1164,427.7270,0.0635,8.9910,14.0168,0.1819
1.7258,8.1934,13.1786,427.9690,0.0611,9.2270,13.8101,0.1815
1.2240,8.1645,13.0809,431.3800,0.0614,9.2560,13.8736,0.1846
1.3469,8.2798,13.8847,430.2420,0.0599,9.3380,14.4243,0.1876
1.0126,8.3106,13.8072,594.0710,0.0623,9.1680,14.7084,0.1816
0.8924,8.2368,13.3075,589.1160,0.0581,9.2660,14.1465,0.1833
0.9311,8.1799,13.0943,588.3390,0.0581,9.2660,14.2363,0.1833
0.9272,8.1413,12.9991,589.5970,0.0602,9.2840,14.0161,0.1820
1.0047,8.1224,12.9459,590.4910,0.0590,9.3810,14.0500,0.1813
1.3906,8.2513,13.9445,584.8840,0.0572,9.4140,14.1716,0.1816
1.4796,8.3165,14.2113,582.0040,0.0581,9.4350,13.9631,0.1848
1.2500,8.2034,13.3855,583.0250,0.0589,9.5440,13.7647,0.1860
1.1714,8.1676,13.3179,585.3870,0.0583,9.6330,14.6530,0.1895
1.1317,8.1403,13.3095,587.0530,0.0614,9.6670,15.1539,0.1899
1.1573,8.1255,13.3268,587.7670,0.0572,9.8660,13.8525,0.1923
1.9629,8.2590,14.4136,575.1850,0.0590,9.7370,13.6160,0.1873
1.9433,8.3073,14.4717,571.4950,0.0571,9.9050,13.5233,0.1872
1.6546,8.2034,13.7498,572.5210,0.0571,9.8240,13.3215,0.1879
1.5920,8.1556,13.6024,574.1460,0.0570,9.8850,13.1982,0.1953
1.5355,8.1136,13.5406,574.8860,0.0556,9.9940,12.8040,0.1998
1.5003,8.0909,13.4748,574.5170,0.0537,10.0580,12.8437,0.2004
2.3092,8.2244,14.6619,564.4510,0.0558,9.9540,12.7167,0.1948
2.2395,8.2408,14.5082,562.3470,0.0568,10.2130,12.7556,0.1916
1.9104,8.1478,13.8395,564.1450,0.0560,9.9560,12.6734,0.1917
1.8189,8.1021,13.7105,562.6470,0.0540,10.1310,12.5763,0.1942
1.7851,8.0853,13.7171,561.4970,0.0539,10.2070,12.8590,0.1950
1.7350,8.0584,13.6391,559.8030,0.0525,10.3320,12.3508,0.2025
2.6170,8.1692,14.6830,550.0420,0.0560,10.2230,12.3449,0.1990
2.4893,8.2006,14.6409,546.8000,0.0553,10.2900,12.3519,0.1930
2.1484,8.1221,14.0318,544.8620,0.0537,10.1500,12.4860,0.1924
2.0582,8.0769,13.7951,545.0720,0.0569,10.3490,12.5049,0.2028
2.0149,8.0433,13.7349,544.0460,0.0566,10.1940,12.4695,0.2067
1.9530,7.9975,13.5043,542.0910,0.0534,10.3020,12.4056,0.2142
2.3181,8.0717,14.2534,536.8790,0.0557,10.4060,12.1223,0.1667
2.2743,8.0885,14.2054,533.4560,0.0541,10.5490,12.0040,0.1818
2.2574,8.0302,13.8868,642.5230,0.0532,10.4530,11.7262,0.1708
2.2280,8.0008,13.7434,643.4250,0.0515,10.5740,11.8679,0.1814
2.1032,7.9841,13.5269,642.2290,0.0540,10.7500,11.9088,0.1956
2.0321,7.9614,13.4148,642.0340,0.0537,10.7210,11.6868,0.2092
2.2097,8.0388,14.0713,639.1310,0.0555,10.7360,12.7723,0.2167
2.0066,8.0160,13.7564,638.2890,0.0554,10.7770,11.8539,0.2309
1.8233,7.9626,13.2056,637.5550,0.0537,10.6480,12.3733,0.2406
1.6962,7.9524,13.2726,637.9010,0.0553,10.8240,11.5415,0.2658
1.3244,7.9281,13.0760,639.0370,0.0562,10.7960,11.7851,0.2792
0.9764,7.9290,12.9646,638.1770,0.0580,10.7630,12.7063,0.3028
1.2887,8.0292,13.9548,636.4000,0.0632,11.0220,14.7860,0.2956
1.1111,8.1119,14.3557,633.9690,0.0587,10.7780,14.8279,0.2967
0.5267,8.0133,13.4980,636.0930,0.0603,10.9280,13.4987,0.3116
0.6425,7.9790,13.4613,635.3330,0.0558,10.8880,12.1875,0.3291
0.4171,7.9652,13.4851,636.9790,0.0605,11.1150,12.2692,0.3469
0.3001,7.9531,13.4548,636.6880,0.0608,11.1540,12.8737,0.3523
0.8355,8.0482,14.0833,629.1180,0.0631,11.0580,12.0284,0.3794
0.7285,8.0629,14.2717,626.8020,0.0617,11.0990,11.9955,0.3865
0.7126,8.0144,13.9976,626.1690,0.0603,11.0660,11.8468,0.3891
0.6835,7.9895,13.9287,623.2260,0.0595,11.0140,11.7094,0.4059
0.6655,7.9727,13.8741,621.4580,0.0619,11.1980,11.5466,0.4103
0.7615,7.9600,13.8421,618.9330,0.0620,11.2530,11.5560,0.4217
1.3852,8.0397,14.7081,610.3780,0.0659,11.0850,11.5354,0.4367
1.4240,8.0334,14.8060,604.8600,0.0632,11.1440,11.6480,0.4460
1.2803,7.9665,14.2177,605.2450,0.0644,11.0170,11.5389,0.4461
1.2862,7.9412,14.1621,603.1550,0.0660,11.1620,11.5203,0.4482
1.3169,7.9349,14.2456,600.6880,0.0640,11.1790,11.5764,0.4522
1.3296,7.9181,14.1906,598.8160,0.0647,11.1530,11.6690,0.4663
2.0068,7.9790,14.8497,588.8650,0.0683,11.0370,11.4850,0.4717
1.9779,7.9811,14.8647,585.4040,0.0660,11.4520,11.4048,0.4731
1.7634,7.9269,14.3552,585.2720,0.0677,11.1390,11.5225,0.4749
1.6911,7.9104,14.3329,583.8870,0.0639,11.0290,11.5702,0.4866
1.6445,7.8957,14.2533,582.9640,0.0668,11.2040,11.5365,0.4928
1.6002,7.8750,14.1802,582.1250,0.0677,11.1790,11.6197,0.5086
2.2683,7.9320,14.8288,574.5930,0.0663,11.2760,11.4010,0.5099
2.2279,7.9404,14.7528,570.4040,0.0686,11.2370,11.3685,0.5123
1.9892,7.8823,14.3167,569.4060,0.0649,11.1820,11.4534,0.5082
1.9459,7.8596,14.1745,568.6770,0.0649,11.1820,11.5080,0.5082
1.9595,7.8385,14.0561,566.7910,0.0670,10.9710,11.5277,0.5112
1.8161,7.8281,13.9659,566.0840,0.0660,11.1740,11.4991,0.5094
2.3417,7.9236,14.7403,559.7110,0.0632,10.9990,11.6717,0.4808
2.2022,7.9345,14.7004,556.6390,0.0667,11.0480,11.4190,0.4705
1.9441,7.8533,14.1385,556.7300,0.0662,11.0470,11.3628,0.4694
1.8388,7.8473,14.1507,555.8140,0.0662,11.0470,11.4854,0.4694
1.7808,7.8364,14.1704,555.4360,0.0624,10.9580,11.5146,0.4458
1.7954,7.8179,14.0856,553.0990,0.0637,10.9300,11.7607,0.4297
2.5011,7.8875,14.9220,701.8180,0.0642,11.0130,11.6525,0.4180
2.3237,7.9005,14.7360,700.8220,0.0633,11.0460,11.2645,0.4099
2.0678,7.8445,14.3209,701.5970,0.0593,10.8990,11.1746,0.4026
2.0185,7.8382,14.2949,701.5090,0.0584,10.8410,11.1787,0.3970
1.9174,7.8406,14.3441,703.2550,0.0598,10.8450,11.2271,0.3873
1.8478,7.8284,14.2583,704.9880,0.0597,10.9060,11.3333,0.3857
2.6568,7.8955,15.1814,694.4830,0.0551,10.7490,11.3764,0.3641
2.5724,7.9102,15.2306,690.1080,0.0588,10.6750,11.1427,0.3624
2.3724,7.8438,14.6135,690.8250,0.0524,10.7310,11.3040,0.3644
2.2584,7.8270,14.5436,691.3350,0.0583,10.8030,11.2202,0.3576
2.3168,7.8182,14.5475,690.4920,0.0546,10.6080,11.5058,0.3517
2.2505,7.8147,14.5196,690.3180,0.0563,10.7090,11.1765,0.3544
2.8743,7.8817,15.2424,685.3620,0.0553,10.6850,12.2534,0.3434
2.8626,7.8943,15.3089,682.5200,0.0578,10.5240,11.5596,0.3403
2.4458,7.8329,14.7139,682.8910,0.0568,10.5880,11.0534,0.3354
2.4518,7.8206,14.6406,682.6910,0.0547,10.6390,11.1593,0.3412
2.2303,7.8105,14.4953,682.7370,0.0567,10.5910,11.1550,0.3408
2.1257,7.8025,14.4995,684.3390,0.0575,10.6230,11.2279,0.3406
2.9416,7.8800,15.2755,675.8830,0.0549,10.6610,11.7627,0.3346
2.8225,7.8951,15.4349,675.5010,0.0560,10.5480,11.6746,0.3315
2.4902,7.8371,14.8535,677.6780,0.0572,10.5490,11.1352,0.3343
2.3939,7.8228,14.7686,677.8550,0.0577,10.5200,11.0666,0.3364
2.4141,7.8123,14.7614,677.0130,0.0565,10.5370,11.2255,0.3395
2.3172,7.7937,14.6492,677.2960,0.0586,10.4570,11.4957,0.3392
3.1213,7.8796,15.5598,668.2610,0.0611,10.4610,13.7899,0.3293
3.0608,7.9048,15.5682,664.9850,0.0578,10.3990,11.5343,0.3221
2.6643,7.8367,14.9984,667.9340,0.0552,10.4250,11.1769,0.3248
2.5352,7.8186,14.8507,667.8130,0.0557,10.4280,11.1425,0.3256
2.1729,7.8067,14.6290,669.9290,0.0577,10.5050,11.4575,0.3227
3.1270,7.9027,15.6809,662.6860,0.0591,10.4000,11.9120,0.3138
3.0421,7.9094,15.7835,651.6450,0.0558,10.2210,11.9966,0.2999
2.6401,7.8514,15.2423,657.2720,0.0521,10.3280,11.3245,0.3048
2.5880,7.8438,15.1382,662.6660,0.0540,10.6090,11.3106,0.3155
2.2770,7.8172,14.8906,661.3920,0.0553,10.3280,11.3030,0.3114
2.4667,7.8340,15.1155,661.4580,0.0580,10.5980,11.4556,0.3181
3.0876,7.8922,15.7090,650.8140,0.0516,10.4840,12.1851,0.3091
3.0270,7.9387,15.4068,685.0820,0.0557,10.2880,12.0724,0.3055
2.7206,7.8808,15.1217,686.2480,0.0567,10.4580,11.8849,0.3086
2.7323,7.8451,14.8338,686.5140,0.0511,10.3390,11.7981,0.3131
2.6376,7.8430,14.8260,685.1190,0.0565,10.6080,12.0140,0.3132
2.6134,7.8305,14.7393,685.5330,0.0567,10.4140,12.2433,0.3166
3.3821,7.9337,15.5673,679.6720,0.0532,10.3660,12.0897,0.3107
3.2226,7.9752,15.7546,678.3210,0.0539,10.4380,13.7433,0.3159
2.7133,7.8934,15.2059,679.1150,0.0558,10.3640,12.1103,0.3217
2.7504,7.8703,15.0177,678.7840,0.0560,10.4330,11.9183,0.3235
2.6990,7.8728,15.0277,678.9690,0.0554,10.4570,11.9724,0.3238
2.6825,7.8707,15.1064,678.6540,0.0535,10.4810,11.6633,0.3219
3.5595,7.9686,15.9222,671.9050,0.0533,10.4690,11.8087,0.3117
3.4146,8.0066,16.0457,670.5750,0.0563,10.5860,11.8986,0.0761
3.0397,7.8989,15.4703,656.9790,0.0537,10.2810,11.8315,0.0741
3.0923,7.8804,15.2847,670.0010,0.0544,10.4740,12.0179,0.0764
3.0236,7.8506,15.1718,666.8390,0.0535,10.5300,11.7292,0.3308
3.3990,8.0317,15.9625,661.9150,0.0522,10.5750,11.8960,0.3197
2.9941,7.9286,15.5286,663.0770,0.0495,10.4430,11.6357,0.3238
2.8456,7.8870,15.2037,662.6400,0.0497,10.5530,11.6246,0.3372
2.4889,7.8795,14.8770,663.6770,0.0542,10.6090,11.7847,0.3401
2.6990,7.8791,15.0562,662.2390,0.0575,10.6440,11.7868,0.3505
3.4523,7.9961,15.9957,656.0620,0.0600,10.6430,11.8690,0.3434
3.3340,8.0364,16.2380,654.5550,0.0573,10.5900,11.7665,0.3489
2.9362,7.9454,15.7805,655.8620,0.0560,10.8830,11.6347,0.3418
2.8829,7.9017,15.3199,656.7170,0.0568,10.6400,11.6782,0.3519
2.8953,7.8724,15.2967,654.6000,0.0566,10.6910,11.7144,0.3612
2.7778,7.8581,15.0522,655.5130,0.0630,10.9290,11.5959,0.3789
2.9712,7.9597,15.7699,653.1450,0.0641,11.0020,11.7710,0.3814
2.7762,8.0214,15.6999,651.9810,0.0632,11.0370,11.5247,0.3775
2.4199,7.9219,15.2118,655.0960,0.0596,11.0380,11.3250,0.3914
2.2103,7.8909,14.8743,655.4780,0.0543,11.1960,11.4966,0.3957
2.0436,7.8687,14.7459,655.7430,0.0600,11.1880,11.1291,0.3997
1.9873,7.8663,14.7290,657.0280,0.0579,11.3350,11.3494,0.4143
2.6098,7.9861,15.6181,649.6530,0.0607,11.3720,11.6092,0.3957
2.6035,8.0537,16.1249,647.7720,0.0545,11.4290,11.3288,0.3859
2.2790,7.9351,15.4423,649.7340,0.0564,11.4450,11.1867,0.3984
2.1608,7.8827,15.1658,650.5070,0.0537,11.6110,11.2875,0.3949
2.0701,7.8831,15.1397,649.2670,0.0574,11.6410,11.6551,0.3993
2.0440,7.8831,15.1356,649.8840,0.0585,11.8150,11.3472,0.4034
2.7096,7.9824,16.1176,644.5610,0.0575,11.6820,11.6211,0.3931
2.6578,7.9945,16.5631,692.8420,0.0555,16.3380,11.6070,0.3948
2.4887,7.9156,16.0018,692.7310,0.0513,11.7470,11.2435,0.3755
2.2610,7.8911,15.8221,689.7520,0.0536,11.7540,11.1208,0.3726
2.1927,7.8806,15.7541,687.7430,0.0534,11.6900,11.1670,0.3721
2.2073,7.8848,15.7761,686.8510,0.0503,11.6840,11.1973,0.3698
2.8847,7.9983,16.4262,680.6710,0.0560,11.5630,11.3703,0.3535
2.6948,8.0365,16.5353,678.2850,0.0504,11.8060,11.4088,0.3594
2.3196,7.9328,16.1793,680.3320,0.0547,11.8320,11.1125,0.3616
2.2156,7.8911,15.8396,679.5320,0.0473,11.7150,11.1850,0.3730
2.1571,7.8827,15.8392,678.2000,0.0486,11.6590,11.2463,0.3811
2.1602,7.8894,15.9272,676.0640,0.0490,11.8570,11.4308,0.3829
2.9164,7.9651,16.5705,666.3140,0.0548,11.8400,11.4803,0.3624
2.9713,8.0361,16.9277,662.1380,0.0461,11.8660,11.8320,0.3560
2.5653,7.9341,16.2186,662.3130,0.0456,11.9440,11.4019,0.3629
2.5276,7.8921,15.9951,660.1190,0.0531,11.8620,11.6023,0.3588
2.5203,7.8669,15.9323,657.0490,0.0520,11.9470,11.4152,0.3620
2.4902,7.8756,16.0474,655.4900,0.0511,11.7890,11.3389,0.3588
2.9565,7.9814,16.7273,680.3340,0.0644,12.9280,11.8015,0.2954
2.8823,7.9865,16.7997,677.7550,0.0505,13.1090,11.4848,0.2954
2.3666,7.9386,16.1317,678.0140,0.0483,13.2060,11.2762,0.2967
2.3425,7.8807,16.0336,675.9400,0.0481,13.1770,11.4501,0.2962
2.1750,7.8772,15.9444,674.9850,0.0475,13.0710,11.2941,0.2979
2.1754,7.8792,16.0497,672.3650,0.0484,13.1180,11.4473,0.3052
2.9546,7.9969,16.8453,661.5740,0.0485,13.3430,11.4062,0.2862
2.9311,8.0648,17.0942,657.0400,0.0480,13.4370,11.4329,0.2730
2.5926,7.9708,16.6197,656.7760,0.0462,13.0800,11.5076,0.2547
2.5186,7.9444,16.5051,653.8680,0.0461,13.0300,11.4875,0.2419
2.4777,7.9402,16.4514,652.2850,0.0467,13.4670,11.6080,0.2372
2.5345,7.9402,16.5851,648.8050,0.0460,13.2080,11.6554,0.2395
3.1808,8.0687,17.1498,639.2600,0.0453,13.1990,11.9197,0.2248
2.9517,8.1207,17.0234,636.9590,0.0457,13.3380,12.3701,0.2244
2.7304,7.9874,16.8608,635.7990,0.0447,13.4120,12.6782,0.2291
2.5318,7.9155,16.4615,635.0920,0.0445,13.3970,13.0675,0.2346
2.4230,7.8948,16.2758,632.6520,0.0441,13.3250,13.2536,0.2374
2.3594,7.8993,16.2126,628.9580,0.0442,13.1160,13.2563,0.2417
2.9640,8.0258,17.0758,760.3530,0.0442,13.5030,12.4830,0.2107
2.6590,7.9320,16.6807,761.1730,0.0428,13.1180,12.8438,0.2098
2.6794,7.8861,16.4128,760.2020,0.0426,13.6550,13.0170,0.2076
2.6077,7.8675,16.2352,758.3510,0.0433,13.4010,12.8742,0.2086
2.4175,7.8683,16.2282,759.1100,0.0419,13.5940,12.6441,0.2134
2.7688,8.0097,16.5499,751.8440,0.0415,13.2910,12.5499,0.1959
2.6472,8.0995,16.8440,745.8180,0.0407,13.2790,12.5365,0.1915
2.2707,7.9953,16.4524,750.3640,0.0405,12.9500,12.5450,0.1926
2.2481,7.9415,16.2974,749.1350,0.0405,13.0460,12.7181,0.1941
2.0998,7.9191,16.1464,747.8390,0.0399,13.2830,12.7415,0.1922
2.0536,7.9253,16.2566,747.6120,0.0394,13.1550,12.2804,0.1877
2.9838,8.0299,17.1619,735.4720,0.0412,12.8740,12.6217,0.1740
3.0628,8.0898,17.5750,733.3550,0.0398,13.1460,12.5624,0.1633
2.6825,8.0043,17.1831,732.8670,0.0396,13.3200,12.6305,0.1567
2.6326,7.9961,17.1398,730.8040,0.0396,13.0730,12.6621,0.1482
2.5292,7.9552,16.9388,730.9210,0.0395,13.2000,12.3659,0.1456
2.4812,7.9514,16.9357,729.3490,0.0397,13.0510,12.3360,0.1400
3.2468,8.0253,17.7870,716.3630,0.0384,12.9510,12.5500,0.1282
3.1908,8.0790,17.9627,710.6200,0.0384,12.7070,12.4212,0.1134
2.8789,8.0289,17.7076,719.9260,0.0379,13.0600,12.0915,0.1100
2.9812,7.9973,17.4232,717.2850,0.0374,12.9310,12.5739,0.1046
3.0047,7.9824,17.3734,714.6170,0.0373,13.1090,12.1952,0.1007
2.9653,7.9766,17.3706,712.6620,0.0383,12.9700,12.6263,0.1112
3.4087,8.0306,18.0925,699.2620,0.0411,13.1260,13.8666,0.1303
3.2501,8.0682,18.1251,697.8700,0.0445,13.1460,14.8344,0.1598
2.9244,7.9663,17.2726,696.7080,0.0457,12.8750,15.1351,0.1823
2.7259,7.9171,16.6900,693.7270,0.0461,12.9000,15.5851,0.1990
2.5038,7.8910,16.3918,691.5170,0.0474,13.0200,15.5554,0.2146
2.3414,7.8727,16.3005,687.8640,0.0486,12.6780,15.3233,0.2332
2.9238,7.9391,16.7385,679.6040,0.0496,12.7290,15.3811,0.2319
2.8861,7.9787,16.7832,675.1620,0.0481,12.8540,15.3010,0.2342
2.3663,7.9034,16.1924,677.4590,0.0462,13.2360,15.3420,0.2415
2.2417,7.8769,16.0735,674.3150,0.0457,13.0150,15.5623,0.2388
2.2327,7.8607,16.0094,671.7800,0.0447,12.9190,14.9539,0.2409
2.2102,7.8507,15.9127,668.6330,0.0459,12.9570,14.7864,0.2488
2.7168,7.9051,16.4933,661.4350,0.0453,13.0890,14.8679,0.2424
2.7774,7.9605,16.7026,751.8130,0.0438,13.1970,14.4364,0.2347
2.4605,7.9096,16.3413,752.9610,0.0426,13.2050,14.2730,0.2304
2.3500,7.8955,16.3000,754.0690,0.0424,12.9710,14.0744,0.2199
2.3091,7.8810,16.2264,753.7790,0.0421,13.2270,13.7821,0.2177
2.4179,7.8765,16.2897,751.0680,0.0422,13.2510,13.5830,0.2184
3.0408,7.9493,16.7213,745.3240,0.0432,13.1500,13.5902,0.2103
3.0325,8.0026,17.0598,741.8700,0.0415,13.1090,13.3640,0.2112
2.7360,7.9444,16.7184,742.2600,0.0397,12.9420,13.0250,0.2075
2.3749,7.9183,16.3905,743.6910,0.0396,12.9530,12.8741,0.2042
2.3526,7.9183,16.3361,744.7630,0.0394,12.8000,12.5836,0.2046
2.3040,7.9204,16.4691,744.3770,0.0406,12.5970,12.3373,0.2008
3.1276,7.9927,17.0723,733.0440,0.0419,12.8810,12.4942,0.1952
2.9916,8.0464,17.1915,731.6490,0.0404,12.6980,12.1801,0.1930
2.5735,7.9903,16.8158,733.4190,0.0390,12.6670,12.0679,0.1945
2.4145,7.9535,16.6406,734.1490,0.0386,13.0370,11.8300,0.1959
2.2848,7.9539,16.4991,731.3680,0.0389,12.9650,11.6030,0.1952
2.2808,7.9518,16.6006,729.7000,0.0377,12.8010,11.4458,0.1991
3.0411,8.0221,17.0296,722.0980,0.0391,13.0500,11.7794,0.1914
2.9867,8.0758,17.1639,718.4470,0.0392,12.8990,11.4732,0.2061
2.5289,8.0155,16.9963,719.7910,0.0389,12.9790,11.8528,0.1999
2.4055,7.9783,16.8434,719.4630,0.0387,12.8810,11.5094,0.1967
2.2779,7.9644,16.6178,716.2490,0.0390,13.0960,11.4697,0.2012
2.1986,7.9459,16.5083,712.4660,0.0384,12.9320,11.1094,0.2022
3.2162,8.0258,17.3852,704.7510,0.0404,12.9200,11.3661,0.1975
3.1435,8.0712,17.5129,700.4050,0.0389,13.0630,11.5258,0.1906
2.6740,8.0131,17.2537,698.8310,0.0387,13.0840,11.6008,0.1844
2.5466,7.9845,17.2379,700.6630,0.0387,13.0840,11.3623,0.1844
2.5083,7.9725,17.0762,699.2490,0.0384,13.0950,11.4946,0.1946
2.2402,7.9485,16.7973,697.1700,0.0379,12.8160,11.0226,0.1965
3.3696,8.0253,17.5133,685.5820,0.0395,12.7240,11.2829,0.1934
3.3974,8.0785,17.8165,679.0580,0.0387,12.6950,11.2476,0.1860
2.8010,8.0147,17.3689,682.8900,0.0384,12.9890,11.3997,0.1822
2.6036,7.9675,17.1493,682.3350,0.0377,12.8450,11.5059,0.1847
2.5039,7.9472,16.9522,679.5970,0.0396,12.5850,11.5542,0.1910
2.4645,7.9556,16.9641,675.7360,0.0374,12.9670,10.9363,0.1881
3.5415,8.0203,17.7698,663.3490,0.0385,12.8020,11.1735,0.1830
3.5377,8.0590,18.0156,658.2270,0.0375,13.0400,11.2691,0.1746
3.0019,7.9989,17.6693,657.6720,0.0374,12.8650,11.1035,0.1697
2.8030,7.9667,17.4447,658.2550,0.0376,12.7450,11.2225,0.1663
2.6683,7.9361,17.1393,653.8950,0.0383,12.7830,11.1910,0.1655
2.6723,7.9134,16.9238,646.0740,0.0366,12.8140,10.8039,0.1635
2.9737,7.9808,17.3341,643.3010,0.0372,12.8260,10.7850,0.1696
3.1771,8.0216,17.6093,637.9900,0.0375,12.6280,11.1425,0.1671
2.8269,7.9461,17.1354,637.8000,0.0384,12.9570,11.1964,0.1684
2.5653,7.9158,16.6040,635.6880,0.0372,12.8140,10.9684,0.1728
2.3800,7.9062,16.3553,633.0620,0.0378,12.6860,10.7308,0.1763
2.2588,7.9128,16.3335,629.4780,0.0371,13.0010,10.4994,0.1760
2.8393,7.9543,16.6423,621.8030,0.0388,12.7820,10.6390,0.1756
2.7019,7.9844,16.5871,617.5780,0.0392,12.9190,10.7032,0.1791
2.0593,7.9319,16.3013,617.8810,0.0391,12.9430,10.6177,0.1864
2.0013,7.9013,16.1122,615.5020,0.0372,12.8610,10.7301,0.1891
2.0127,7.9013,16.1449,612.3420,0.0380,13.0440,10.5622,0.1880
2.0431,7.8988,16.2377,609.4010,0.0383,12.9960,10.5842,0.1888
3.0522,7.9357,16.7296,598.0550,0.0402,12.9710,10.6387,0.1878
3.0295,7.9626,16.9725,593.3310,0.0406,12.9510,10.7633,0.1904
2.3720,7.9141,16.6148,595.5440,0.0381,13.0620,10.7326,0.1932
2.1605,7.8735,16.3436,595.0710,0.0382,12.9410,10.7323,0.2009
2.1473,7.8698,16.2902,588.3310,0.0371,12.8660,10.4823,0.2031
3.0973,7.9019,16.7640,576.3950,0.0368,13.1520,10.5558,0.2005
3.0300,7.9436,16.9729,573.2430,0.0375,12.9610,10.6919,0.1987
2.3666,7.9042,16.5013,573.9470,0.0363,12.7390,10.7152,0.1997
2.1631,7.8694,16.2686,573.2590,0.0357,12.9700,10.8148,0.2020
2.1063,7.8673,16.2968,567.7840,0.0365,13.1330,10.7411,0.1979
2.1619,7.8781,16.3896,563.6930,0.0362,12.9060,10.4826,0.1963
2.9991,7.8948,16.5567,645.3340,0.0409,13.5980,11.1236,0.1908
2.8307,7.9382,16.6724,635.2970,0.0382,13.0490,11.1411,0.1898
2.3340,7.9046,16.5947,632.4320,0.0375,13.1730,11.6235,0.1885
2.1790,7.8694,16.5626,629.3520,0.0370,12.7730,11.4748,0.1837
2.1157,7.8594,16.5622,624.5920,0.0365,12.7570,11.3590,0.1831
2.1594,7.8615,16.5007,620.8730,0.0370,13.0620,11.0374,0.1799
3.1158,7.9105,16.8108,611.9780,0.0380,13.1350,11.2550,0.1711
2.9758,7.9667,17.1125,603.4760,0.0343,13.0750,11.2076,0.1538
2.6393,7.9241,16.9674,601.7490,0.0358,13.3060,11.5514,0.1607
2.4344,7.8814,16.8624,598.6600,0.0362,12.8300,11.5151,0.1566
2.3975,7.8728,16.7600,593.0480,0.0365,12.7730,11.4954,0.1554
2.3571,7.8693,16.7260,588.9620,0.0349,12.5860,11.0282,0.1521
3.4991,7.9238,17.2727,578.7850,0.0363,12.9060,11.2165,0.1415
3.4216,7.9650,17.4148,572.1290,0.0352,12.8180,11.2858,0.1341
2.8927,7.9295,17.3804,566.0150,0.0343,12.9040,11.5934,0.1252
2.7289,7.8993,17.3293,565.7220,0.0350,12.7260,11.8503,0.1243
2.6470,7.8910,17.1173,560.9070,0.0359,12.4170,11.4227,0.1253
2.6174,7.8890,17.0203,556.2060,0.0332,12.5170,11.1062,0.1244
3.6349,7.9254,17.6488,547.5770,0.0342,12.4030,11.2713,0.1192
3.5863,7.9708,17.8280,538.2070,0.0350,12.6660,11.3819,0.1398
3.0742,7.9332,17.7761,536.4380,0.0343,12.9040,11.4480,0.1090
2.9341,7.9026,17.4821,532.1550,0.0336,12.7420,11.5795,0.1061
2.7499,7.8844,17.2443,527.9470,0.0334,12.5890,11.3512,0.1038
2.7904,7.8906,17.3402,523.7650,0.0332,12.5930,11.0862,0.1028
3.8840,7.9139,17.8208,510.9670,0.0333,12.6070,11.3872,0.0998
3.9932,7.9798,18.0980,508.5160,0.0325,12.2230,11.3483,0.0940
3.2770,7.9452,17.9150,506.0670,0.0330,12.5190,11.4164,0.0919
3.0503,7.9085,17.6079,501.9890,0.0330,12.5190,11.6051,0.0919
2.9628,7.8964,17.4893,498.7380,0.0331,12.6790,11.5715,0.0900
2.8807,7.8782,17.2987,494.2230,0.0325,12.6920,11.1169,0.0870
4.0045,7.9181,17.9137,509.6970,0.0333,12.6790,11.2300,0.0598
3.9846,7.9144,16.7946,621.5450,0.0312,12.0130,12.0634,0.0541
3.3814,7.9324,17.1363,621.7220,0.0323,12.1940,11.3756,0.0543
3.1973,7.9025,16.9537,617.1300,0.0323,12.1940,11.4399,0.0543
3.0898,7.8923,16.9179,613.2080,0.0336,12.0130,11.3292,0.0541
3.1223,7.8961,16.9599,607.5590,0.0325,12.2150,11.1838,0.0541
3.8026,7.9230,17.3690,597.8620,0.0326,12.1250,11.3841,0.0508
3.9332,7.9391,17.3597,584.0360,0.0323,11.8110,11.2530,0.0473
3.4714,7.9262,17.3775,580.8400,0.0340,11.9710,11.4419,0.0472
3.3818,7.9077,17.3069,583.2420,0.0340,11.9710,11.6385,0.0472
3.3292,7.8956,17.1072,577.8910,0.0330,12.2660,11.3513,0.0530
3.3695,7.8891,17.2917,571.6360,0.0336,11.7590,11.2851,0.0553
4.0191,7.9035,17.4652,560.6080,0.0328,11.9980,11.4777,0.0522
4.0665,7.9716,17.8134,631.6020,0.0345,12.2910,11.6588,0.0770
3.4860,7.9341,17.5500,630.6520,0.0345,12.1360,11.4201,0.0509
3.2961,7.9060,17.2956,629.6930,0.0345,12.1360,11.2186,0.0509
3.1367,7.8816,17.0502,624.6410,0.0340,12.4650,11.3414,0.0582
3.1422,7.8964,17.0407,623.9620,0.0343,12.2380,11.2421,0.0575
4.0493,7.9283,17.2341,615.0870,0.0338,12.3500,11.6098,0.0576
4.0780,7.9383,17.4435,604.9280,0.0334,11.9760,11.4232,0.0604
3.5677,7.9275,17.4972,606.4770,0.0340,11.7770,11.1622,0.0715
3.3746,7.9015,17.0438,603.9640,0.0340,11.7770,11.4264,0.0715
3.3923,7.8784,16.8059,600.4890,0.0367,12.5460,11.4835,0.0939
3.0694,7.8568,16.3614,596.0950,0.0365,12.3560,11.1138,0.0916
4.3493,7.9107,17.4660,590.9180,0.0353,12.1050,11.5112,0.1030
4.2772,7.9399,17.3908,580.7780,0.0348,12.1870,11.4457,0.1022
3.6632,7.8982,17.0457,574.0280,0.0338,12.2110,11.3156,0.1005
3.5014,7.8904,16.9890,578.8580,0.0338,12.2110,11.3493,0.1005
3.2989,7.8787,16.6585,575.6100,0.0358,12.1870,11.4418,0.1092
2.9199,7.8675,16.0164,572.8260,0.0352,12.0300,11.4297,0.1038
3.6054,7.9312,16.4599,567.4220,0.0364,12.0870,11.6132,0.1034
3.5489,7.9976,16.7205,561.4820,0.0354,11.5640,11.5781,0.0968
2.7492,7.9584,16.2452,561.7070,0.0352,11.9060,11.5707,0.0979
2.3885,7.9187,15.9129,560.9200,0.0352,11.9060,11.5360,0.0979
2.4020,7.9059,15.8455,557.6740,0.0356,11.4420,11.4983,0.1013
2.4447,7.9038,15.9474,554.6520,0.0361,11.7700,11.4062,0.1066
3.2534,7.9448,16.2330,547.8440,0.0346,11.7750,11.3034,0.1035
3.2838,7.9861,16.3121,542.9770,0.0344,11.4860,11.1069,0.1027
2.4248,7.9455,16.1402,538.4480,0.0350,11.6850,11.0866,0.0963
2.4567,7.9348,16.4530,541.2450,0.0342,11.7720,11.2738,0.1005
2.4580,7.9104,16.2870,537.7440,0.0348,12.0700,11.4014,0.1042
2.5495,7.9158,16.2809,534.2940,0.0354,11.6440,11.1442,0.1116
3.4704,7.9522,16.4233,526.2750,0.0348,11.9810,11.2783,0.1003
3.3506,8.0084,16.4729,522.7460,0.0349,11.7800,11.2303,0.0983
2.7409,7.9775,16.6054,522.0510,0.0337,12.0100,11.4966,0.0967
2.6167,7.9345,16.5360,520.3580,0.0337,12.0100,12.2189,0.0967
2.4964,7.9141,16.4483,517.7590,0.0367,12.1050,13.0825,0.1026
2.5863,7.9138,16.3916,515.0590,0.0333,11.8250,11.5376,0.1034
3.8037,7.9543,16.9006,506.4260,0.0464,11.6270,11.3696,0.1002
3.8799,7.9828,16.5407,554.8390,0.0457,11.7970,11.5894,0.0981
3.0279,7.9626,16.5240,553.6620,0.0453,11.4050,11.2003,0.0982
2.8656,7.9385,16.4991,549.2120,0.0453,11.4050,11.6143,0.0982
2.8783,7.9137,16.3733,543.1900,0.0455,11.3450,11.7403,0.1061
3.0337,7.9124,16.3381,537.9620,0.0453,11.4370,11.7251,0.1174
3.8698,7.9535,16.6641,526.7640,0.0469,11.7420,11.5568,0.1257
3.6092,7.9872,16.8570,520.6070,0.0492,11.6170,11.5719,0.1303
3.2553,7.9481,16.6918,515.4690,0.0464,11.6000,11.4956,0.1271
2.9142,7.9098,16.4599,514.7880,0.0475,11.5710,11.6387,0.1400
2.7304,7.9006,16.1660,510.6650,0.0471,11.3340,11.3650,0.1474
2.5992,7.9072,15.9394,506.4770,0.0461,11.4860,11.5325,0.1538
3.5570,7.9514,16.1912,498.6460,0.0468,11.2950,11.4021,0.1540
3.6657,7.9963,16.4496,490.9510,0.0472,11.4980,11.4422,0.1531
2.9369,7.9638,16.2965,489.1630,0.0469,11.4420,11.6503,0.1555
2.7023,7.9233,16.0880,486.7370,0.0477,11.4060,11.8683,0.1670
2.5932,7.8968,15.9106,484.0730,0.0482,11.4540,11.8821,0.1673
2.6938,7.9047,15.8598,480.2800,0.0475,11.5860,11.9087,0.1645
3.8440,7.9423,16.2516,471.6180,0.0476,11.5920,11.5919,0.1606
3.8285,7.9856,16.5906,466.5420,0.0482,11.3680,11.4332,0.1609
3.0757,7.9485,16.5242,460.0400,0.0474,11.5910,11.4618,0.1495
3.0404,7.9246,16.6303,462.3060,0.0472,11.5920,12.0615,0.1589
3.0362,7.9063,16.4219,459.1430,0.0467,11.2690,12.0239,0.1559
2.9850,7.8981,16.2226,456.0000,0.0466,11.7160,12.2788,0.1544
4.1143,7.9580,16.8373,448.3090,0.0468,11.8640,11.6598,0.1481
4.0272,8.0099,16.8526,443.6580,0.0463,11.6220,11.6254,0.1453
3.3127,8.0079,16.9528,440.6830,0.0452,11.6590,11.6764,0.1410
3.0403,7.9448,16.7784,439.7290,0.0452,11.7240,11.7156,0.1432
3.0784,7.9159,16.3841,436.4760,0.0460,11.4710,12.0792,0.1506
3.0381,7.9180,16.3162,433.8930,0.0451,11.0560,11.7856,0.1508
4.0688,7.9703,16.4922,427.4800,0.0456,11.2780,11.9742,0.1463
4.0058,8.0279,16.6853,421.5450,0.0447,11.2260,11.8179,0.1412
3.2211,8.0125,16.8248,421.6770,0.0440,11.3650,11.8745,0.1412
3.0123,7.9593,16.8672,420.3050,0.0449,11.1780,11.9368,0.1398
2.8914,7.9349,16.5754,417.4090,0.0452,11.3550,12.0072,0.1382
2.8468,7.9308,16.4295,415.1050,0.0431,11.0200,11.9285,0.1413
3.9438,7.9564,16.7867,407.1430,0.0431,10.9660,12.0872,0.1418
4.0139,7.9934,17.0207,675.1280,0.0438,11.4260,11.9617,0.1266
3.2033,7.9073,16.6632,659.8030,0.0471,11.3140,11.6735,0.1298
2.9012,7.9349,16.9821,667.4370,0.0471,11.3140,12.1837,0.1298
2.8568,7.9208,16.9022,660.3500,0.0462,11.4690,12.7263,0.1436
2.9856,7.9163,16.9669,652.3970,0.0441,11.2430,11.4033,0.1394
4.0919,7.9498,17.2788,631.5410,0.0444,11.4400,12.1111,0.1314
4.2080,8.0213,17.2988,620.8390,0.0453,11.5270,11.9859,0.1325
3.5249,7.9559,16.9325,617.7790,0.0454,11.1980,11.7245,0.1315
3.1447,7.9444,17.1060,622.9040,0.0454,11.1980,12.0239,0.1315
3.0867,7.9262,17.0305,619.4860,0.0452,11.3090,11.5736,0.1395
3.2384,7.9238,17.0742,613.5440,0.0435,11.4600,11.6033,0.1420
3.9513,7.9749,17.3347,602.0760,0.0441,11.1130,11.8192,0.1426
4.2011,8.0193,17.6716,593.7110,0.0460,11.1020,12.1314,0.1395
3.5287,7.9807,17.4306,590.2400,0.0447,11.1310,11.7352,0.1350
3.4321,7.9499,17.2166,589.7540,0.0438,11.1080,11.9865,0.1413
3.2392,7.9238,17.1590,588.8590,0.0455,11.1370,11.3750,0.1436
3.3771,7.9090,16.9166,580.6990,0.0452,11.1900,11.4928,0.1461
4.1523,7.9498,16.8889,567.7320,0.0448,11.1040,12.3686,0.1394
4.3768,8.0517,17.0069,563.1230,0.0459,11.1730,12.0872,0.1394
3.6403,8.0524,17.3998,563.6000,0.0450,11.1660,11.8864,0.1383
3.0873,7.9427,16.4469,560.0680,0.0462,11.1910,11.7858,0.1381
3.1369,7.9345,16.6849,562.6240,0.0456,11.2150,11.7281,0.1427
3.3665,7.9320,16.5945,557.7550,0.0439,10.9770,11.7888,0.1430
4.1065,8.0300,16.7340,540.4690,0.0455,11.0070,11.8994,0.1375
4.7585,8.0749,17.3622,538.2290,0.0458,10.9760,12.1356,0.1397
3.8518,8.0453,17.6403,538.2550,0.0470,11.1270,11.8654,0.1416
3.4457,7.9889,17.1973,537.4220,0.0453,10.6890,11.7717,0.1380
3.3795,7.9444,16.8989,534.6690,0.0455,11.0460,11.5356,0.1364
3.4806,7.9336,16.7853,532.8610,0.0446,10.8930,11.4696,0.1436
4.3564,8.0028,17.0918,521.5220,0.0459,10.8880,12.5700,0.1454
4.7368,8.0749,17.5518,514.2140,0.0469,11.1400,12.4518,0.1443
4.1745,7.9852,17.3777,508.4100,0.0459,10.7130,12.3305,0.1383
3.8547,7.9818,17.2370,511.1430,0.0445,11.2500,12.0816,0.1454
3.5159,7.9518,16.2810,510.6210,0.0447,10.7180,12.3426,0.1437
3.5864,7.9638,16.6163,507.6130,0.0461,10.5680,12.0191,0.1418
4.8645,8.0215,16.4506,496.2570,0.0500,10.8070,15.2369,0.1451
5.0980,8.0637,16.7609,489.4750,0.0500,10.6340,14.2124,0.1387
4.2065,8.0419,16.7193,491.4300,0.0481,10.7390,12.8360,0.1523
3.5694,7.9972,16.6542,492.0450,0.0456,10.6420,12.2453,0.1543
3.5628,7.9580,16.2991,489.6240,0.0461,10.6640,12.0480,0.1596
3.4808,7.9191,15.5469,487.2770,0.0467,10.9380,12.3762,0.1491
5.1483,8.0530,16.8155,473.9990,0.0469,10.9750,12.3341,0.1549
5.4108,8.1386,17.5932,470.3010,0.0472,10.9220,12.5177,0.1475
4.5543,8.1067,17.2426,468.2260,0.0455,10.6830,12.4175,0.1493
3.8803,8.0371,17.1579,469.3090,0.0447,10.5700,11.9474,0.1503
3.5616,7.9885,16.5728,468.6080,0.0449,10.4200,12.2806,0.1551
3.8571,7.9939,16.6037,465.5050,0.0438,10.6530,11.8825,0.1656
5.3624,8.0459,16.9316,453.0920,0.0454,10.6970,12.7826,0.1668
6.4927,8.1362,17.1001,446.0260,0.0478,10.7230,13.7559,0.1590
4.3143,8.1072,17.5302,449.9660,0.0462,10.8070,12.3642,0.1893
3.9774,8.0058,16.6166,447.8810,0.0454,10.6720,12.3746,0.1914
3.9619,7.9871,16.7977,446.5950,0.0459,10.4410,12.1959,0.2053
4.1673,7.9802,16.6205,443.5250,0.0448,10.4090,12.2235,0.2185
5.1887,8.0468,17.2210,596.6520,0.0462,10.8660,12.6134,0.2315
5.2715,8.1196,16.4620,631.2370,0.0473,10.4480,18.6754,0.2348
4.4155,8.0718,15.4306,632.8330,0.0479,10.6370,13.0966,0.2400
3.6982,8.0231,15.7353,631.6000,0.0472,10.6610,14.3240,0.2539
3.4811,7.9662,15.4879,629.1010,0.0480,10.5190,13.6487,0.2655
3.8167,7.9506,15.4068,621.0270,0.0472,10.4210,12.9476,0.2754
4.7600,8.0257,14.9417,608.0140,0.0488,10.5280,14.5521,0.2658
4.9589,8.1006,15.1220,599.8920,0.0494,10.2650,13.6206,0.2677
4.1171,8.0444,15.0548,602.8840,0.0473,10.4820,13.0803,0.2647
3.4245,8.0178,15.3083,601.9380,0.0478,10.3920,12.7941,0.2782
2.8987,7.9411,14.6071,602.0840,0.0493,10.3000,12.7142,0.2825
3.4210,7.9605,14.7193,597.4730,0.0483,10.2860,12.8061,0.2993
4.9171,8.0129,15.2157,579.9010,0.0490,10.5780,12.7308,0.2915
5.2144,8.1160,15.8126,572.2260,0.0494,10.0790,12.8518,0.2843
5.0954,8.0760,15.2314,569.7570,0.0482,10.2510,13.3365,0.2703
3.7226,8.0519,15.6619,574.8170,0.0482,10.2500,12.4593,0.2863
3.7962,8.0000,15.3590,571.4260,0.0456,10.3290,12.3815,0.2910
4.0114,7.9214,14.8883,561.7360,0.0451,10.1330,11.9807,0.2801
5.4981,8.0516,15.9072,552.5900,0.0469,10.3320,12.1460,0.2921
6.2533,8.1510,16.4336,544.2320,0.0472,10.3650,12.7789,0.2646
4.9515,8.1114,16.0387,545.2510,0.0467,10.4770,12.1563,0.2775
4.3136,8.0414,15.6749,545.9000,0.0452,12.2310,12.5056,0.2808
4.0764,7.9848,15.3048,543.2830,0.0474,13.1220,12.8635,0.2812
4.2607,7.9761,15.1369,543.4470,0.0450,13.1220,12.5583,0.2952
5.0847,8.0248,15.2991,627.5260,0.0457,9.6410,12.9794,0.2646
5.1720,8.0996,15.5149,612.9100,0.0489,9.7360,12.6111,0.2936
4.5883,8.0378,15.4088,605.7420,0.0468,9.6300,12.5696,0.2821
4.3705,7.9646,14.9968,605.8940,0.0449,9.4440,12.1208,0.2836
4.2843,7.9465,14.9556,607.2960,0.0443,9.4430,12.4039,0.2875
4.8731,8.0286,15.5023,600.1910,0.0453,9.4890,13.0778,0.2824
5.4277,8.1170,15.8107,593.3900,0.0458,9.1900,13.6566,0.2728
4.6676,8.0789,15.4533,593.2140,0.0458,9.4050,12.8015,0.2843
4.4122,8.0140,15.0842,591.4680,0.0458,9.4050,12.4974,0.2843
4.3021,7.9589,14.6550,588.7870,0.0447,9.3440,12.4099,0.2960
4.2434,7.9218,14.4003,586.2180,0.0447,9.3440,12.5797,0.2960
4.9609,7.9978,14.8417,576.9090,0.0464,9.2090,12.9156,0.3058
5.5165,8.1129,15.3077,569.5480,0.0463,8.9960,12.4348,0.3008
4.9508,8.0513,14.7315,568.9310,0.0456,9.1500,12.7137,0.3091
4.5991,7.9913,14.3821,566.0780,0.0456,9.1500,12.8070,0.3091
4.4793,7.9255,14.1235,563.2060,0.0490,9.1620,12.9696,0.3437
4.5818,7.9115,13.9881,562.6930,0.0475,9.4160,12.9589,0.3475
6.1340,7.9500,14.3907,628.2670,0.0479,9.6780,13.4807,0.3276
6.3378,8.0944,15.2711,623.6920,0.0486,9.5070,12.6014,0.3472
5.7418,8.0700,14.9668,615.2710,0.0482,9.5010,12.7650,0.3387
5.2638,7.9673,14.1748,618.5040,0.0469,9.4940,12.6199,0.3413
4.8907,7.9161,14.2323,618.2470,0.0505,9.6890,12.7749,0.4484
5.0188,7.9078,14.2225,615.1550,0.0516,9.7550,12.4001,0.4706
5.3620,7.9846,14.5939,609.7040,0.0516,9.7550,12.3695,0.4706
5.7933,7.8744,13.8946,633.6530,0.0632,10.0450,12.5628,0.6883
6.3548,7.9709,14.4285,624.1710,0.0612,9.6360,12.2757,0.6865
6.1258,7.9329,14.0829,621.5710,0.0588,9.3570,12.2548,0.6680
5.7664,7.8526,13.4586,620.7750,0.0560,9.4140,12.0038,0.6619
5.6629,7.8449,13.7687,614.9790,0.0577,9.4840,11.7476,0.6586
5.7159,7.8387,13.6355,609.9090,0.0562,9.4730,11.5370,0.6419
6.1501,7.9415,14.0060,604.3050,0.0548,9.4920,11.5837,0.5750
6.4857,8.0489,14.0316,599.0100,0.0530,9.2210,11.8811,0.5594
5.7691,7.9738,13.3219,600.0100,0.0501,9.1870,12.3058,0.5289
5.3765,7.9095,12.9763,599.7700,0.0498,9.1160,12.6902,0.5113
5.2051,7.8406,12.5443,598.1140,0.0497,9.1980,12.6244,0.5139
5.1108,7.8344,12.4358,594.8440,0.0489,9.1320,12.1742,0.4986
6.4394,7.9516,13.4104,583.7140,0.0487,9.0310,12.2861,0.4668
7.2091,8.0834,13.9467,572.7840,0.0470,8.6210,12.1123,0.4215
6.1403,8.0257,13.5035,576.6270,0.0467,8.8560,11.7584,0.4112
5.4554,7.9259,12.9645,577.4520,0.0450,8.7470,12.6469,0.4000
5.2142,7.8734,12.5638,576.7020,0.0469,8.8550,11.9490,0.3932
5.4450,7.9140,13.0798,573.0310,0.0458,8.6950,11.7702,0.3792
6.6444,8.0285,13.8489,565.3130,0.0445,8.2980,11.9045,0.3526
7.1150,8.1583,14.1239,558.5930,0.0459,8.5030,11.8734,0.3338
6.1978,8.1007,13.6828,594.5500,0.0436,8.4420,12.0739,0.3262
5.5575,8.0248,13.0880,594.9170,0.0428,8.4290,12.9767,0.3199
4.5054,7.9502,12.1740,600.5190,0.0423,8.6340,12.2013,0.3102
4.6673,7.9703,12.5225,598.5980,0.0408,8.3790,11.7101,0.3043
5.9752,8.0736,13.2851,585.0800,0.0330,8.2750,12.0022,0.2238
6.3758,8.1662,13.7012,609.3510,0.0340,8.1370,12.2974,0.2106
5.7220,8.1811,13.5081,608.3470,0.0324,8.4630,12.0775,0.2123
5.2475,8.0847,12.8835,607.1460,0.0324,8.1680,12.4356,0.2028
4.9087,8.0631,12.7803,610.7090,0.0316,8.3180,11.7212,0.2110
4.7743,8.0275,12.4377,606.6350,0.0319,8.6640,11.1181,0.2126
5.9718,8.1401,13.2770,598.1340,0.0318,8.4440,11.5571,0.2066
6.3264,8.2578,13.8749,590.8010,0.0335,8.5600,11.6478,0.1969
5.8600,8.2267,13.4920,591.8910,0.0339,8.4220,11.9468,0.2051
4.9921,8.1216,12.6103,592.9580,0.0332,8.2260,12.8552,0.2084
4.0628,8.0592,12.0168,597.1690,0.0328,8.2170,11.8446,0.2120
3.9556,8.0677,12.0660,598.5880,0.0336,8.3600,11.6131,0.2210
5.4426,8.1719,12.9844,586.9870,0.0343,8.0850,12.4356,0.2051
6.1595,8.3162,13.4633,576.3090,0.0343,8.2040,11.7043,0.1957
5.0688,8.2757,12.9027,579.7890,0.0347,8.1520,12.4631,0.2026
4.5679,8.2409,12.7089,583.1780,0.0345,8.4930,12.5856,0.2027
4.3121,8.1920,12.4682,583.8010,0.0340,8.1100,11.8671,0.1991
4.5066,8.1956,12.6006,581.9240,0.0338,8.1980,11.4751,0.1929
6.0709,8.3039,13.5343,570.9470,0.0336,8.3310,10.9891,0.1736
6.5285,8.4297,14.0439,565.9810,0.0337,8.4030,11.3985,0.1708
5.9389,8.4036,13.7349,566.1620,0.0327,8.3950,11.5804,0.1613
5.2383,8.2679,13.0723,574.3870,0.0346,8.2590,12.7253,0.1841
5.0812,8.2294,12.9903,573.0430,0.0355,8.2220,12.2276,0.1893
5.2582,8.2423,13.0867,570.5160,0.0342,8.1150,11.4465,0.1881
6.4583,8.3594,14.0424,559.6780,0.0369,8.1900,11.5154,0.1820
7.0121,8.4907,14.6270,553.8830,0.0377,8.1540,11.3292,0.1808
6.4577,8.4406,14.1310,554.0220,0.0390,8.0320,11.8019,0.1829
5.7528,8.3487,13.7248,555.7880,0.0392,8.3610,12.3224,0.1977
5.5214,8.3027,13.5441,555.4810,0.0404,8.3730,12.3656,0.1960
5.6739,8.3235,13.6748,551.7860,0.0370,8.1040,11.0072,0.1828
7.3630,8.4656,14.8473,542.6510,0.0384,8.1390,11.4102,0.1709
7.2614,8.5941,15.2506,537.9150,0.0388,8.2540,11.7240,0.1685
6.8254,8.5493,14.8076,536.4510,0.0387,8.1300,11.8237,0.1287
6.2611,8.4425,14.3274,538.6140,0.0403,8.2300,12.9053,0.1773
6.2648,8.3750,14.0523,537.9270,0.0405,8.1330,13.0663,0.1771
6.3820,8.3539,14.0860,533.3040,0.0406,7.9350,11.2145,0.1674
7.4419,8.5527,15.2179,526.7850,0.0408,8.0520,11.3918,0.1609
7.7294,8.6757,15.4877,521.4380,0.0401,8.1330,11.4943,0.1441
7.4101,8.6043,14.7697,519.2040,0.0388,8.1510,11.6001,0.1342
6.9996,8.5001,14.3896,521.3840,0.0390,8.3440,13.4136,0.1265
6.8358,8.4393,14.1318,520.1860,0.0399,7.9210,13.3973,0.1267
6.7409,8.4248,14.1048,518.0750,0.0388,7.8770,12.1365,0.1223
7.3302,8.5954,14.9434,513.4900,0.0368,7.9840,10.9617,0.1061
7.7383,8.7504,15.6545,507.6710,0.0369,8.0440,11.3527,0.0914
7.3185,8.6566,14.9358,506.5150,0.0379,8.0410,12.7829,0.0935
7.0787,8.5231,14.1871,507.8600,0.0369,7.8320,13.3153,0.0921
6.9647,8.4399,13.8273,506.4780,0.0376,8.0150,13.8569,0.0909
7.0267,8.4409,13.8303,505.8430,0.0371,7.9990,12.2750,0.0859
7.1258,8.5280,14.0560,502.2460,0.0381,7.8930,12.1194,0.0805
7.1587,8.5995,13.9603,496.2000,0.0370,7.7180,11.9120,0.0779
7.1001,8.4388,12.4978,488.2140,0.0370,7.7450,13.2557,0.0775
7.0183,8.3930,12.4960,492.8730,0.0379,7.9940,13.3450,0.0821
6.9151,8.3221,12.1371,496.2810,0.0406,7.8660,13.5131,0.0898
6.7750,8.3703,12.3129,498.9820,0.0476,7.9520,13.0862,0.1190
8.5408,8.6168,13.8896,493.0180,0.0543,8.1470,13.7158,0.1262
8.9462,8.8335,15.0875,490.2750,0.0535,7.7680,14.1152,0.0733
8.1032,8.7938,14.5977,491.8730,0.0573,7.8700,14.4601,0.0727
7.9714,8.7124,14.0645,489.8130,0.0693,7.8090,16.1541,0.0924
7.4689,8.5111,12.5499,489.4540,0.0839,8.4100,17.6305,0.1318
7.5613,8.5709,13.1577,489.6580,0.0854,8.3550,15.8664,0.1305
8.7878,8.7481,14.1929,482.0410,0.0988,8.1320,17.3311,0.1893
9.1851,8.9254,15.2606,477.0480,0.0996,7.9030,17.4451,0.1929
8.3748,8.7599,13.8563,478.7180,0.1034,8.0490,18.1229,0.2239
8.0542,8.5376,12.7648,479.9900,0.0994,7.9040,18.8245,0.2344
7.7107,8.3412,11.8937,481.9360,0.0995,8.4720,17.8858,0.2517
7.8851,8.3570,12.1812,483.4020,0.0941,8.0480,16.0789,0.2584
9.5088,8.7129,14.6312,477.1340,0.0886,7.9260,16.0141,0.2154
9.9321,8.8445,15.1725,472.6560,0.0849,7.7860,15.7575,0.2055
8.9442,8.7408,14.1120,474.0700,0.0842,7.6490,15.7378,0.2017
8.6410,8.6209,13.3494,474.0420,0.0848,7.5790,16.6407,0.1944
8.3752,8.4616,12.5788,474.6640,0.0833,7.5950,16.5316,0.1992
8.3619,8.5380,13.0671,474.1840,0.0837,7.7190,14.9508,0.1759
9.6972,8.9068,15.6846,467.7350,0.0792,7.7450,15.0387,0.1347
9.9335,9.0751,16.8697,464.0790,0.0771,7.5090,14.3254,0.1289
9.1252,8.8787,14.8657,465.5790,0.0793,7.5280,15.2806,0.1386
9.0421,8.7157,13.9578,465.0180,0.0801,7.5070,16.2752,0.1601
8.7859,8.5749,12.8574,463.8270,0.0783,7.6170,16.5807,0.1454
8.8850,8.6372,13.5530,463.4330,0.0820,7.6660,14.9266,0.1376
9.7387,8.8615,15.4265,459.8600,0.0769,7.6680,14.5177,0.1761
10.0291,8.9834,16.1961,456.6190,0.0757,7.5120,13.9974,0.1786
9.3781,8.7705,14.4744,457.6110,0.0724,7.6790,14.9417,0.2048
8.7155,8.5569,13.0789,458.4720,0.0738,7.5580,16.7561,0.2164
8.5101,8.4093,12.5268,458.5390,0.0763,7.9420,15.4747,0.2672
8.6463,8.4677,13.0679,459.0150,0.0783,7.8030,14.9327,0.2811
10.2105,8.7350,14.9442,452.6410,0.0780,7.8380,14.9101,0.2963
10.4599,8.8771,15.4271,449.1510,0.0798,7.8420,14.1666,0.2991
9.2803,8.7123,13.7802,449.9040,0.0809,7.9960,14.7768,0.3155
8.9436,8.5340,13.0877,451.0140,0.0776,8.1190,15.8971,0.3396
8.8023,8.4549,12.6562,450.8870,0.0814,8.3450,16.3718,0.3318
8.9744,8.5559,13.3979,450.0650,0.0821,8.3510,14.3553,0.3101
10.4407,8.8961,16.0305,445.8890,0.0810,8.2760,14.5719,0.2678
10.9451,9.0517,17.0218,441.3110,0.0784,8.0650,14.1570,0.2421
9.9064,8.9591,15.8605,441.6250,0.0753,7.8020,14.6744,0.2345
9.5357,8.9048,15.6375,441.5240,0.0799,8.2390,15.5033,0.2050
9.2784,8.8719,15.3632,440.0560,0.0852,8.3380,16.1332,0.1726
9.4619,8.9481,16.2838,439.3500,0.0831,8.3630,15.2974,0.1445
11.1179,9.2660,19.3405,432.6910,0.0816,8.2390,15.4013,0.1067
11.3832,9.3724,19.6295,427.6030,0.0799,8.3650,15.9027,0.1091
10.2924,9.2762,18.3306,428.9060,0.0801,8.3660,15.8012,0.0959
10.1090,9.1903,17.8110,427.3960,0.0843,8.3460,17.3904,0.0877
9.8621,9.0873,17.0738,426.0090,0.0845,8.4240,16.8235,0.0805
9.9876,9.1283,17.7430,424.8110,0.0832,8.3650,16.1828,0.0785
12.0682,9.4357,21.5766,417.2460,0.0804,8.2960,17.4807,0.0495
12.3387,9.4853,20.9971,412.9090,0.0788,8.4590,17.7364,0.0670
10.8906,9.2822,17.9550,414.4650,0.0778,8.2150,17.4095,0.0831
10.7932,9.1942,17.4275,413.3720,0.0802,8.4310,17.9780,0.0764
10.5667,9.0989,16.6838,411.7280,0.0804,8.6510,17.8624,0.0597
10.6376,9.1607,17.3262,411.1210,0.0805,8.1730,17.0171,0.0477
12.7169,9.0595,22.6782,473.5720,0.0813,8.4410,15.1413,0.0388
13.0384,9.0816,22.3288,566.1670,0.0779,8.4410,21.2878,0.0322
11.6753,8.9902,19.1646,572.8340,0.0765,8.2280,19.5000,0.0276
11.3175,8.8640,17.6540,573.1680,0.0777,8.1790,20.0079,0.0264
10.7832,8.6991,15.7351,574.4520,0.0763,8.1870,18.9130,0.0306
11.1211,8.7955,17.3337,565.9820,0.0742,8.1020,20.0409,0.0305
13.1343,9.0772,21.8271,545.8810,0.0731,7.8570,21.7512,0.0319
13.8804,9.1840,22.6351,532.4100,0.0700,8.0850,28.1311,0.0306
11.9745,8.8916,18.9042,534.3840,0.0772,8.1500,19.7290,0.0253
11.2751,8.6976,17.0318,539.9170,0.0787,7.9980,19.3038,0.0283
10.8125,8.7766,17.2967,539.3140,0.0823,7.9620,18.4464,0.0321
11.6593,9.0641,20.6864,528.2530,0.0815,7.9690,19.5942,0.0320
11.4962,9.1637,22.1037,524.4700,0.0800,7.7610,20.2646,0.0304
10.8984,8.9948,19.5275,531.3170,0.0785,7.8220,19.1350,0.0291
10.2709,8.7411,16.9442,539.5640,0.0754,8.0080,19.2574,0.0270
10.6423,8.8303,17.8098,536.6720,0.0729,7.8270,18.0366,0.0292
12.5197,9.0577,20.4120,519.5920,0.0715,7.5530,19.4398,0.0313
13.1510,9.1077,20.8604,512.6400,0.0657,7.6640,19.3641,0.0285
11.7898,9.0190,19.1050,519.2620,0.0648,7.6000,17.8165,0.0262
11.5517,8.9007,18.0010,522.4080,0.0648,7.6000,17.6822,0.0262
11.2757,8.8018,17.2940,522.8880,0.0648,7.4950,17.8531,0.0282
11.4995,8.8792,18.4241,518.2280,0.0635,7.3530,17.2811,0.0295
13.4292,9.1016,21.3623,498.6570,0.0652,7.3980,18.5568,0.0307
14.0186,9.1716,21.5249,489.3810,0.0571,7.4820,18.3079,0.0296
12.4830,9.0303,19.5167,496.2530,0.0602,7.5510,18.2077,0.0276
12.2497,8.8854,18.0059,494.3730,0.0631,7.1430,19.2466,0.0264
12.0714,8.7446,16.5198,493.8450,0.0648,7.5720,18.5048,0.0266
12.0241,8.7433,16.4307,492.1270,0.0636,7.2400,18.3621,0.0307
13.2933,9.0126,18.9981,483.4750,0.0636,7.2400,18.2640,0.0307
14.7156,8.9594,20.0269,464.7020,0.0744,7.3780,18.8353,0.0323
12.5012,8.2420,12.2188,490.6420,0.0625,7.0660,16.8806,0.0359
13.2958,8.5315,14.6964,570.8520,0.0568,7.0760,16.4522,0.0288
14.2435,8.6473,14.7414,559.9300,0.0520,6.7330,17.7286,0.0273
14.5662,8.5339,14.2731,614.7530,0.0473,6.6260,16.1456,0.0276
14.4753,8.5542,15.2700,609.2260,0.0485,6.8480,16.0461,0.0257
15.2627,8.4302,13.6090,568.9840,0.0519,5.6320,18.4945,0.0261
15.3919,8.3921,12.7807,564.3050,0.0547,5.6390,18.7080,0.0254
15.2333,8.3155,11.9801,550.8410,0.0561,5.0770,22.3898,0.0262
15.9499,8.2350,11.6867,529.5020,0.0552,4.7280,20.5366,0.0254
16.4375,8.3101,11.7565,521.3670,0.0541,5.0390,21.3982,0.0256
14.5200,8.0127,9.8855,518.4940,0.0573,4.4500,22.7648,0.0253
16.6810,8.0434,10.5867,512.4810,0.0553,4.8880,31.3084,0.0351
16.6573,8.3692,12.5610,504.1750,0.0618,4.5010,28.6117,0.0356
14.8397,8.4378,11.9740,506.8990,0.0533,4.2490,21.1095,0.0282
14.4213,8.3676,11.3566,507.5920,0.0518,4.2820,20.2709,0.0273
14.0999,8.2321,10.4087,506.3680,0.0561,4.1350,21.7016,0.0284
14.8063,8.0425,8.9238,504.5830,0.0553,4.2190,23.9957,0.0300
16.8770,7.9316,9.3931,496.2570,0.0582,4.1750,26.2638,0.0315
16.8749,7.8599,9.4628,489.2860,0.0616,4.1850,27.8884,0.0314
15.1531,8.1284,9.1128,491.8240,0.0595,4.0960,27.6497,0.0319
14.5119,7.9917,8.2948,493.6880,0.0558,3.9580,25.3707,0.0285
14.2398,7.8690,7.6228,492.7660,0.0561,4.0940,24.9554,0.0305
14.4789,7.7893,7.8577,488.9340,0.0580,3.6650,26.0024,0.0290
15.7212,7.6400,7.0168,486.4930,0.0641,3.8990,21.2228,0.0269
15.8218,7.4851,4.7710,490.6790,0.0721,3.9720,24.9561,0.0303
15.1538,7.5075,6.0211,481.3600,0.0733,3.7440,34.0470,0.0271
14.2836,7.4984,5.4957,484.0770,0.0680,3.8060,21.0346,0.0273
13.9064,7.4672,5.2334,484.1000,0.0695,3.8250,24.2669,0.0254
15.4216,7.8787,9.3522,0.3333,0.0663,3.6870,9.1337,0.0252
17.8729,8.3222,13.4442,442.1830,0.0730,3.3440,22.2187,0.0462
15.9925,8.2777,11.6506,448.2610,0.0577,3.1640,18.5550,0.0337
15.7744,8.2747,10.9066,449.8260,0.0577,3.1640,18.6276,0.0337
15.5811,8.2072,10.2764,449.6270,0.0580,3.4760,19.3058,0.0356
15.6257,8.3051,11.2776,446.0060,0.0608,3.3840,19.4053,0.0375
16.0514,8.3872,12.0988,440.0480,0.0624,3.2290,21.8727,0.0401
16.2091,8.5096,12.8680,434.8980,0.0600,3.3440,21.0356,0.0392
15.4136,8.1843,10.5512,440.3590,0.0571,3.3280,19.2378,0.0449
15.2828,8.0919,9.8651,439.2770,0.0571,3.3280,19.9408,0.0449
15.1494,8.0884,9.5226,437.9030,0.0571,3.1180,19.9888,0.0526
15.1234,8.0901,9.9256,435.3180,0.0583,2.9930,19.4995,0.0540
15.8814,8.3761,12.2040,426.2930,0.0597,3.1760,19.9354,0.0494
15.7465,8.5291,11.3948,433.3110,0.0560,2.9270,20.0702,0.0474
15.4633,8.3024,9.9443,435.9660,0.0551,3.1230,19.0642,0.0485
15.3606,8.1258,9.3477,436.4410,0.0532,3.1500,19.0031,0.0511
15.3200,8.0445,9.1301,435.4860,0.0543,3.0960,19.0529,0.0544
15.3634,8.1215,9.7197,433.2170,0.0551,2.8640,19.0915,0.0524
16.7793,8.6475,12.4956,422.6290,0.0561,2.9320,18.9544,0.0521
17.8452,8.5718,11.4158,422.2000,0.0613,2.9260,22.9451,0.0541
15.3464,8.3194,9.8952,428.3010,0.0562,2.9650,19.2437,0.0462
14.9171,8.0808,9.3115,431.1260,0.0545,3.0160,19.8299,0.0502
14.5814,8.0239,9.1587,430.7180,0.0550,2.9190,19.3604,0.0460
14.8190,8.4607,11.1333,424.4050,0.0560,2.8140,18.1157,0.0394
17.2100,8.6945,12.7257,416.4130,0.0560,2.7580,18.9464,0.0367
16.5081,8.6306,12.0477,416.1900,0.0620,2.7390,24.9000,0.0421
15.0129,8.3562,10.2584,421.2650,0.0549,2.9580,18.7269,0.0344
14.7983,8.2275,10.0085,421.1010,0.0544,2.8680,19.4405,0.0333
14.5000,8.0976,9.6949,421.3370,0.0545,2.7460,19.4394,0.0339
14.4288,8.2354,10.6710,417.6950,0.0564,2.6810,19.7222,0.0331
14.2876,8.4408,11.6948,415.0580,0.0572,2.6060,20.1217,0.0339
14.3924,8.5400,12.2566,412.0940,0.0569,2.7670,19.6367,0.0343
14.0438,8.1875,10.2800,415.4960,0.0535,2.8960,19.5380,0.0351
13.7292,8.1036,10.0960,414.7320,0.0535,2.8960,19.8690,0.0351
13.4155,8.0354,9.9724,414.2490,0.0547,2.8950,19.4321,0.0385
13.9987,8.4333,11.9742,408.3220,0.0563,2.9930,18.6177,0.0370
16.8538,8.6955,13.4995,400.2320,0.0532,2.6530,16.9851,0.0357
16.6643,8.7658,13.2180,398.6450,0.0515,2.5490,16.0408,0.0334
14.6050,8.4822,11.1619,403.2560,0.0496,2.5700,16.8577,0.0357
14.3513,8.4353,11.1914,400.5860,0.0496,2.5700,16.2669,0.0357
14.4777,8.3578,10.9430,398.9350,0.0504,2.6350,16.6195,0.0297
14.5216,8.5480,12.0603,395.3530,0.0546,2.6090,18.0018,0.0320
15.8272,8.8533,13.7942,389.4910,0.0542,2.5720,19.0331,0.0357
16.7038,8.8495,12.8007,388.2800,0.0551,2.7020,20.0939,0.0379
14.2410,8.6884,11.5368,390.7630,0.0509,2.7160,17.9358,0.0307
13.8062,8.5205,11.0169,391.8600,0.0514,2.6720,19.0927,0.0325
13.4099,8.4070,10.4957,392.5970,0.0519,2.6630,18.4249,0.0325
14.1231,8.7484,12.4989,385.9890,0.0553,2.5110,18.5470,0.0281
16.7496,8.8837,13.3417,412.1360,0.0749,2.4400,17.7345,0.0549
16.2784,8.9892,13.0126,408.4790,0.0560,2.4300,19.4819,0.0485
14.4784,8.9117,11.8888,408.8730,0.0523,2.3330,17.3102,0.0431
14.2648,8.8038,11.5295,409.7110,0.0539,2.4260,17.8084,0.0422
13.9697,8.7362,11.1395,409.1540,0.0550,2.3080,18.3999,0.0438
14.4088,8.9070,12.7094,403.0800,0.0570,2.3470,18.4613,0.0443
16.5133,9.0613,14.1043,398.6870,0.0508,2.2390,16.4551,0.0450
17.2002,9.0899,13.8304,396.8950,0.0497,2.3040,15.9856,0.0453
15.0017,8.9646,12.0608,399.5440,0.0523,2.2430,16.3902,0.0424
14.5984,8.8874,11.7280,398.9030,0.0498,2.2920,16.4042,0.0383
14.3970,8.7929,11.3307,399.3760,0.0508,2.3420,16.8002,0.0401
14.9891,8.9512,12.8465,394.2500,0.0537,2.1730,17.1698,0.0405
17.5280,9.0384,13.6106,390.6300,0.0495,2.1100,16.3901,0.0437
17.5924,9.0452,13.0996,389.3180,0.0471,2.1900,15.5795,0.0450
15.6984,8.8735,11.3191,393.7580,0.0454,2.1660,15.4780,0.0405
15.3145,8.7875,10.8718,392.4590,0.0476,2.2090,16.3296,0.0366
15.3550,8.7505,10.4728,391.4370,0.0492,2.3880,16.5998,0.0391
15.8361,8.9827,12.1583,385.7970,0.0505,2.4100,16.9538,0.0370
18.5465,9.0954,13.4747,381.8380,0.0489,2.2800,16.6811,0.0431
18.7617,9.1578,13.2189,374.7720,0.0489,2.2510,15.8805,0.0590
17.0226,9.0346,11.4088,376.4570,0.0448,2.2520,15.9737,0.0398
16.0254,8.7062,10.0194,381.7950,0.0456,2.3320,16.3932,0.0409
15.8343,8.6186,9.6506,381.1360,0.0488,2.4680,18.0740,0.0395
16.3124,8.8831,11.3651,376.1490,0.0504,2.3230,18.3300,0.0391
18.5932,9.1027,12.8304,371.3120,0.0496,2.2750,17.6824,0.0420
19.6474,9.1153,12.4914,368.3850,0.0519,2.3390,20.6782,0.0493
17.0070,8.9722,11.0636,373.1520,0.0466,2.2830,16.6026,0.0400
16.5712,8.8447,10.5565,375.3280,0.0459,2.4040,16.4311,0.0381
16.5343,8.8090,10.1389,373.7530,0.0459,2.4010,16.3615,0.0385
16.6832,8.8902,10.7332,371.1840,0.0469,2.4330,17.5027,0.0368
16.5662,8.9712,11.2638,366.7820,0.0526,2.4140,19.5663,0.0503
16.0610,8.8343,10.4376,368.4470,0.0489,2.5650,18.3917,0.0488
15.8334,8.6566,9.6537,369.7200,0.0479,2.5160,18.1809,0.0548
15.4900,8.5274,9.2512,370.5240,0.0480,2.5320,18.6351,0.0583
15.1515,8.4264,8.8771,370.3750,0.0501,2.5940,18.6285,0.0641
15.3801,8.5341,9.4707,368.2110,0.0531,2.5460,20.3793,0.0598
17.2165,8.7711,11.0010,365.3250,0.0547,2.4910,20.4501,0.0618
17.5999,8.8584,11.2117,362.3250,0.0751,2.4990,37.6439,0.0709
15.9454,8.8834,10.6605,361.3070,0.0548,2.4800,19.9303,0.0494
15.8323,8.8881,10.6985,361.2800,0.0507,2.5720,17.6662,0.0424
15.6344,8.8090,10.2757,360.8250,0.0517,2.6680,17.5955,0.0449
15.4463,8.7109,10.0010,360.4910,0.0588,2.6010,21.6046,0.0508
15.2743,8.6915,10.1931,358.8390,0.0556,2.6520,20.3486,0.0352
15.4138,8.6628,10.4777,385.7200,0.0678,2.6450,32.9309,0.0505
14.9929,8.5722,9.9759,386.5440,0.0579,2.6060,23.3096,0.0431
14.6688,8.4731,9.8291,385.7190,0.0579,2.6060,22.0418,0.0431
14.3793,8.3370,9.5896,385.2070,0.0550,2.7320,20.8639,0.0446
14.9937,8.4311,10.1531,383.5100,0.0559,2.5890,20.7818,0.0373
18.0459,8.6242,11.3127,379.3220,0.0514,2.5430,19.5057,0.0425
18.3378,8.8305,12.0544,374.5250,0.0542,2.4620,18.5991,0.0410
16.1363,8.6968,11.0813,375.5950,0.0520,2.5700,18.5979,0.0395
14.9661,8.4210,10.2971,377.1740,0.0524,2.5840,18.2885,0.0356
14.9829,8.3355,9.9457,376.5890,0.0500,2.6320,17.8606,0.0354
15.4118,8.5157,10.6328,374.2220,0.0517,2.5240,17.9511,0.0289
16.0182,8.6758,11.3181,371.8410,0.0532,2.5440,18.8383,0.0307
17.3465,8.8379,12.0953,367.8600,0.0568,2.5750,21.9040,0.0384
16.0295,8.7459,11.2164,367.8670,0.0555,2.4830,20.7239,0.0410
15.0312,8.3861,9.7790,370.2080,0.0530,2.5270,18.9953,0.0421
15.0715,8.2850,9.4331,370.1020,0.0523,2.5460,18.9727,0.0419
15.2937,8.3850,9.8675,368.8820,0.0572,2.5520,20.9255,0.0367
17.1454,8.6051,11.0057,366.3090,0.0558,2.4980,22.4243,0.0393
18.2819,8.8131,11.9636,362.3210,0.0565,2.4200,20.8371,0.0393
16.7677,8.6815,10.8634,361.8940,0.0548,2.4330,21.1400,0.0384
15.3932,8.3320,9.6509,364.0840,0.0543,2.4700,19.9224,0.0452
15.2973,8.1952,9.2390,364.4330,0.0530,2.4930,19.2694,0.0465
15.4608,8.2856,9.5133,363.5560,0.0545,2.5680,19.4739,0.0433
16.2970,8.5251,10.4205,361.8500,0.0558,2.4440,22.5261,0.0456
18.0725,8.7963,11.8334,356.7430,0.0585,2.3710,22.6756,0.0452
16.8568,8.6728,10.6613,356.7890,0.0587,2.4140,23.9359,0.0526
15.6759,8.4151,9.7102,358.0360,0.0587,2.4140,20.2658,0.0526
15.5370,8.3133,9.2572,358.0560,0.0536,2.6050,20.1148,0.0498
15.9530,8.4282,9.7239,357.3380,0.0526,2.5060,19.9104,0.0447
18.3101,8.5732,10.5874,355.8130,0.0546,2.3720,22.7729,0.0471
19.1819,8.8561,11.8673,351.2740,0.0573,2.3740,22.1640,0.0484
16.9394,8.7564,10.3922,400.7070,0.0558,2.3150,20.5621,0.0464
15.6575,8.6436,9.9583,401.3160,0.0514,2.4240,19.3125,0.0402
15.3428,8.3951,8.9012,403.4200,0.0511,2.4210,19.8588,0.0495
15.9786,8.5309,9.5094,402.1330,0.0548,2.3900,20.9723,0.0401
18.0625,8.7309,10.6554,399.9580,0.0595,2.3270,24.3832,0.0405
18.9042,8.9431,11.3973,395.5350,0.0599,2.3360,23.2482,0.0430
16.8815,8.8415,10.1573,395.9360,0.0599,2.3620,23.5259,0.0451
15.6745,8.6779,9.3828,398.1360,0.0555,2.4700,23.5227,0.0482
15.3663,8.5768,8.9124,398.8640,0.0556,2.4780,23.2770,0.0489
16.0036,8.6297,9.3746,398.5300,0.0554,2.3600,22.6745,0.0391
18.4436,8.7005,10.1239,396.6470,0.0587,2.2480,24.1524,0.0420
19.5699,8.9371,11.4813,392.7380,0.0594,2.3350,23.0521,0.0432
17.6388,8.7746,9.6420,393.8940,0.0582,2.2460,20.4445,0.0487
16.2684,8.4486,8.0471,397.0130,0.0608,2.3210,23.2716,0.0604
15.6296,8.4036,8.1043,396.5590,0.0561,2.3640,21.0321,0.0557
16.5853,8.5481,8.7388,394.3090,0.0545,2.2530,20.3333,0.0479
20.0840,8.7535,10.5090,392.8070,0.0543,2.1970,20.0990,0.0529
20.7536,8.9594,11.6043,389.2560,0.0556,2.1510,18.8854,0.0586
18.6460,8.8625,10.0139,389.2820,0.0540,2.1720,18.0355,0.0628
16.9951,8.5315,8.1171,392.4180,0.0558,2.1730,19.1120,0.0733
16.3304,8.5714,8.3292,391.5100,0.0531,2.3740,19.0195,0.0662
16.9379,8.5724,8.6405,391.4300,0.0554,2.2930,19.3538,0.0667
19.2706,8.7144,9.8519,390.2750,0.0546,2.2560,20.2486,0.0643
20.7336,8.9633,11.2114,386.2550,0.0573,2.1320,18.2024,0.0609
18.9046,8.9191,9.8998,385.0740,0.0535,2.0410,16.1683,0.0603
17.5879,8.6544,8.0795,387.1390,0.0542,2.0850,17.2663,0.0729
16.9156,8.5000,7.5795,388.3290,0.0532,2.2090,18.1577,0.0817
17.5097,8.5407,8.1285,387.9810,0.0521,2.1730,18.6087,0.0730
20.4233,8.7436,9.6552,386.1140,0.0537,2.0620,17.7801,0.0669
22.3597,8.9870,11.1209,381.8500,0.0560,2.1310,16.0032,0.0719
20.0163,8.8588,9.3987,382.3650,0.0525,2.1910,15.7819,0.0646
18.3143,8.5252,7.5176,384.4590,0.0534,2.0760,17.1273,0.0758
17.4366,7.9820,5.9263,387.3490,0.0553,2.0600,18.6202,0.0969
17.8568,8.3114,7.4175,386.8210,0.0506,2.1240,16.1655,0.0791
20.5301,8.5663,9.0650,385.6380,0.0531,2.0390,16.4822,0.0746
20.3174,8.6330,8.9675,384.6810,0.0545,2.1330,16.3201,0.0837
19.4602,8.5280,7.9983,383.8820,0.0544,2.0530,15.8053,0.0836
18.4635,8.2808,6.7178,383.4140,0.0540,2.1660,17.2795,0.0926
17.6887,7.8932,5.6711,385.3600,0.0547,2.1820,17.5064,0.1108
18.2789,8.1297,6.5921,383.8280,0.0524,2.0480,16.0268,0.0973
21.0065,8.4571,8.5891,382.5010,0.0564,1.9970,16.6242,0.0870
21.5998,8.7480,9.1469,376.8750,0.0569,1.9770,16.3871,0.0839
19.9661,8.6009,7.7563,377.9060,0.0563,1.9080,15.5324,0.0851
19.2008,8.2659,6.3772,378.2660,0.0574,1.9390,17.7415,0.0966
18.4706,7.8671,5.3590,379.7600,0.0587,2.0190,18.1662,0.1102
18.2750,7.9697,5.6659,380.1030,0.0556,1.9870,16.2116,0.1082
20.1206,8.3025,7.2377,378.5520,0.0549,1.9090,15.8171,0.0964
21.7694,8.6887,9.0026,374.6840,0.0629,1.8690,16.8259,0.0870
20.0359,8.4915,7.2791,375.1900,0.0605,1.8780,16.6901,0.1057
19.0514,8.1290,5.7693,375.3820,0.0614,1.9250,18.3657,0.1146
18.6456,7.8389,4.9914,376.0860,0.0616,2.0160,18.6298,0.1305
18.8589,8.0220,5.6728,375.6420,0.0577,2.0840,15.7639,0.1145
20.7669,8.2343,7.0261,375.5310,0.0576,1.8960,15.6436,0.1059
22.4935,8.4971,8.0776,372.8340,0.0648,1.8990,17.3159,0.1091
20.9403,8.3422,6.8705,372.8320,0.0681,1.8360,19.2571,0.1141
19.5778,8.0817,5.6685,371.7710,0.0649,1.8390,19.1060,0.1189
19.0100,7.6344,4.4019,373.5380,0.0712,1.8240,20.6684,0.1383
19.3354,7.8930,5.2713,373.0480,0.0606,1.9850,15.8355,0.1229
22.5230,8.1740,7.0012,372.6610,0.0643,1.9490,16.3724,0.1103
23.0712,8.5085,7.8545,382.8580,0.0707,1.9150,16.9989,0.1133
21.2941,8.2500,6.3004,383.4220,0.0707,1.9490,17.3245,0.1154
20.1653,7.8758,5.0402,382.8670,0.0712,1.8430,18.3639,0.1282
19.3388,7.5174,3.9513,384.0320,0.0764,1.8660,19.6737,0.1481
20.0063,7.8104,4.9780,384.1590,0.0647,1.9840,14.9906,0.1231
22.7933,8.0456,6.3488,383.5300,0.0684,1.7670,16.5069,0.1117
22.8985,8.1812,6.9255,384.2500,0.0793,1.7730,17.4041,0.1210
21.9707,8.0250,6.1242,383.2560,0.0798,1.6350,18.5675,0.1240
20.7651,7.8384,5.0667,381.6200,0.0755,1.7340,18.9469,0.1308
20.0543,7.4686,4.4858,374.5160,0.0825,1.7530,21.8814,0.1906
19.6054,7.5226,4.2764,377.5950,0.0741,1.6960,17.0373,0.1601
21.7900,7.7016,6.3076,377.2340,0.0798,1.6420,19.4012,0.1401
22.2455,8.0318,7.1351,374.6480,0.0832,1.6740,19.5265,0.1328
20.4455,7.8064,5.9316,374.3710,0.0865,1.6390,20.7691,0.1441
19.4442,7.8826,5.6629,376.1360,0.0865,1.6390,18.4387,0.1441
18.9593,7.7153,4.9891,377.2850,0.0809,1.6940,19.5172,0.1496
19.6806,7.7786,5.7601,377.9840,0.0770,1.6640,17.4535,0.1349
22.2387,7.9675,6.9801,378.4020,0.0805,1.6850,17.1313,0.1175
21.1907,8.1033,7.2230,376.1800,0.0852,1.6350,18.7856,0.1197
19.8260,7.8226,5.9810,375.9630,0.0849,1.6080,19.3641,0.1257
19.1202,7.8314,5.4506,375.2420,0.0822,1.6610,19.7985,0.1393
18.7937,7.7512,5.0895,375.5170,0.0818,1.6560,20.0890,0.1414
19.7747,7.7910,5.4377,375.7820,0.0761,1.5530,16.6657,0.1311
22.7715,7.9329,6.3637,375.8220,0.0785,1.4940,16.2951,0.1188
23.1723,8.2647,7.3167,372.3950,0.0844,1.4850,17.9287,0.1171
21.3819,8.0185,6.2488,371.8740,0.0834,1.3850,17.8578,0.1230
20.1708,7.7521,5.0957,372.2460,0.0868,1.3340,21.0128,0.1347
19.4933,7.6320,4.2217,372.3620,0.0839,1.4130,19.7397,0.1435
20.2889,7.6922,4.7008,372.7870,0.0760,1.3990,15.9627,0.1307
22.6627,7.8308,5.7804,372.5710,0.0791,1.3520,15.9677,0.1210
22.7259,8.1440,6.7988,370.0760,0.0863,1.4440,18.1413,0.1186
21.1932,7.8801,5.6813,369.7660,0.0869,1.4290,19.5667,0.1280
20.2067,7.6246,4.5061,371.4320,0.0871,1.5000,20.4529,0.1460
19.8124,7.4580,3.8557,372.7390,0.0881,1.3860,19.1975,0.1594
19.7868,7.4220,3.6815,373.5010,0.0865,1.4170,17.5838,0.1645
21.5993,7.5898,5.0540,373.3090,0.0861,1.4380,17.3818,0.1458
22.7092,7.7849,6.2045,371.2960,0.0895,1.5890,19.7272,0.1313
25.1182,7.9268,8.2351,0.2939,0.0895,1.5890,8.1818,0.1313
19.7713,7.4560,4.2593,368.6790,0.0939,1.4850,20.1170,0.1674
20.6950,7.5799,5.0528,370.2260,0.0782,1.5270,16.6784,0.1444
23.1276,7.7270,6.2888,370.5080,0.0864,1.3590,17.5363,0.1382
22.9322,7.9543,7.1997,368.9340,0.0909,1.3920,18.8228,0.1356
21.1308,7.7835,6.3637,368.7500,0.0867,1.2790,18.0310,0.1366
20.2960,7.6444,5.1665,369.7680,0.0844,1.2620,18.0761,0.1459
19.9422,7.4818,4.3060,371.3900,0.0835,1.3510,17.9928,0.1544
20.7557,7.5024,4.8203,372.1170,0.0805,1.2860,15.7720,0.1450
23.1393,7.7568,6.7062,371.1740,0.0844,1.2950,15.8093,0.1282
23.9282,8.5179,9.4492,366.7470,0.0895,1.1990,16.2258,0.1139
21.8060,8.2094,7.3556,368.0530,0.0843,1.2090,17.2800,0.1197
21.2553,7.8447,5.5303,371.7840,0.0812,1.2430,17.3624,0.1369
20.8153,7.6016,4.6969,373.0720,0.0809,1.2550,16.4654,0.1424
21.4795,7.6599,5.2589,372.9740,0.0792,1.2990,15.9301,0.1363
24.1874,7.9708,7.1347,373.0880,0.0795,1.1780,16.1768,0.1236
24.8948,8.5095,9.0349,368.5320,0.0849,1.2790,16.3861,0.1189
22.5667,8.0404,6.4614,369.6630,0.0855,1.1500,18.3395,0.1309
21.5310,7.6280,4.8138,371.8140,0.0875,1.2540,18.5059,0.1470
20.9668,7.4625,3.6615,374.3270,0.0849,1.3190,16.9489,0.1739
21.5702,7.4893,4.2252,374.4660,0.0806,1.3420,15.6790,0.1545
24.0498,7.7883,6.1823,373.1480,0.0815,1.3460,15.8346,0.0565
24.3512,8.2924,7.9620,395.5240,0.0886,1.2780,17.4381,0.0434
22.7839,7.8802,5.9559,396.1760,0.0874,1.1750,18.1635,0.0509
21.9651,7.5976,4.2455,398.3920,0.0882,1.3150,18.0902,0.0728
21.4828,7.4240,3.4620,399.2530,0.0879,1.3300,17.3112,0.0902
21.2812,7.3489,3.5016,399.8630,0.0891,1.3010,17.9037,0.0890
21.4692,7.4320,4.4958,398.8140,0.0903,1.4100,18.2326,0.0852
21.4308,7.4480,4.6604,399.1320,0.0963,1.2360,19.2162,0.0945
21.0286,7.3235,3.8151,399.7940,0.0952,1.2290,18.9994,0.1110
20.7372,7.2562,3.2943,400.5480,0.0976,1.2530,18.7445,0.1304
20.4636,7.1908,2.8589,400.9780,0.1006,1.3110,17.7531,0.1462
20.4148,7.2028,3.0636,400.6930,0.1021,1.2700,17.7379,0.1490
20.8821,7.2839,4.0594,400.5380,0.1035,1.2940,17.2561,0.1389
21.9757,7.3383,4.7717,399.5310,0.1045,1.2860,17.5679,0.1297
20.8313,7.2064,3.4112,401.0470,0.1072,1.3620,18.0837,0.1573
20.5161,7.1390,2.7002,400.9190,0.1100,1.3350,17.7507,0.1798
20.2651,7.1152,2.2391,401.1350,0.1101,1.3040,16.4831,0.1864
20.1883,7.0993,2.2151,401.6210,0.1141,1.3360,16.4585,0.1982
20.4802,7.1589,2.9885,401.5530,0.1142,1.2630,16.3395,0.1905
20.6042,7.1748,3.3134,402.4890,0.1175,1.2920,17.8178,0.2021
20.2248,7.1053,2.3608,403.3080,0.1195,1.2260,17.2591,0.2338
20.0075,7.0791,1.9274,404.4480,0.1195,1.2260,17.0029,0.2338
19.8701,7.0653,1.8894,404.4630,0.1172,1.3990,16.4397,0.2806
21.5998,7.1520,3.3091,404.3440,0.1187,1.3490,15.5213,0.2474
21.5278,7.1638,3.9527,402.6210,0.1195,1.3290,15.7988,0.2484
20.6243,7.0711,2.7194,405.4130,0.1209,1.2890,17.3336,0.2531
20.1724,7.0832,2.1448,410.0120,0.1249,1.4410,16.3415,0.3280
19.8134,7.0554,1.7085,411.9430,0.1285,1.5160,15.3401,0.3662
19.8653,7.0733,2.2311,415.3660,0.1302,1.5310,14.7700,0.3876
19.9027,7.0833,2.1469,418.9160,0.1298,1.4390,14.4403,0.4315
20.4002,7.1109,2.6612,419.5190,0.1265,1.4540,15.3003,0.4099
20.0174,7.1110,2.4946,425.4170,0.1242,1.4490,15.3722,0.4367
19.8126,7.0912,2.3842,427.4850,0.1223,1.4450,16.0722,0.4493
19.6055,7.0754,2.1565,428.8660,0.1211,1.4820,16.0917,0.4514
19.6516,7.0992,2.4029,428.9330,0.1224,1.4480,15.9751,0.4325
21.4481,7.1699,3.9023,429.5000,0.1141,1.3750,15.4079,0.3473
21.9055,7.2804,5.7320,427.5910,0.1109,1.3230,16.1576,0.2669
21.0678,7.1939,4.8135,427.7340,0.1061,1.2730,17.4944,0.2403
20.5529,7.3629,5.7374,430.2710,0.1139,1.3820,19.9527,0.2300
20.2876,7.2859,5.0694,431.2630,0.1197,1.4900,19.9381,0.2242
20.5881,7.4265,6.6147,431.4070,0.1246,1.5010,18.1310,0.1904
22.7200,7.9224,10.3255,429.6410,0.1201,1.4050,18.1732,0.1428
24.3200,8.6928,14.7283,422.8400,0.1180,1.3550,19.3015,0.0789
22.3902,8.1816,10.5133,424.7090,0.1184,1.3610,20.1288,0.0957
21.7177,7.7945,8.2714,426.6230,0.1245,1.4160,21.4414,0.1102
21.1253,7.7863,8.0228,427.7560,0.1508,1.7650,22.1968,0.1984
20.8636,7.6719,7.3794,427.8670,0.1597,1.7820,21.6787,0.2309
21.1005,7.8774,9.0119,457.1440,0.1656,2.0370,23.3364,0.2701
20.5527,7.4146,6.0172,454.5800,0.1654,1.9560,23.2151,0.3224
20.1467,7.2959,4.6951,455.9320,0.1946,2.1660,25.2963,0.5660
19.9486,7.2424,3.7662,456.4660,0.2165,2.3720,24.8538,0.7837
22.9350,7.8788,9.7085,461.9290,0.1908,2.1620,20.7851,0.5169
24.0845,8.4820,13.3727,453.9770,0.1813,2.1080,20.1995,0.3988
22.3460,8.0454,9.7708,443.7930,0.1837,2.1280,21.5752,0.4483
21.5802,7.6203,7.4637,445.6590,0.1833,2.1230,22.3424,0.4941
20.9841,7.5605,6.6619,449.8120,0.2198,2.4470,23.2306,0.6950
21.0845,7.5652,7.0741,449.3350,0.2266,2.4260,22.5454,0.6705
21.1212,7.7537,8.1951,444.8490,0.2214,2.3970,23.5096,0.6223
21.0240,7.7316,7.6802,443.2100,0.2219,2.4120,24.8054,0.6596
20.8558,7.6743,7.2598,442.0730,0.2167,2.3650,24.0558,0.6823
20.6584,7.5696,6.5584,442.4420,0.2123,2.3740,23.9436,0.7027
20.4889,7.4607,5.4960,442.3030,0.2124,2.3810,23.1202,0.7193
21.1600,7.5490,6.5433,441.4600,0.2054,2.3940,21.2824,0.6874
21.1908,7.5349,6.9607,514.3360,0.2044,2.3990,22.7096,0.6457
22.3921,7.6635,8.4030,512.4510,0.1870,2.2020,20.3679,0.5524
21.3770,7.4818,6.6017,515.0460,0.1825,2.2890,22.9252,0.5969
21.0780,7.5850,6.9783,516.8730,0.1964,2.4060,24.5472,0.6373
20.9346,7.5216,6.2983,516.9940,0.2033,2.3910,24.3786,0.6282
20.6946,7.4666,5.8783,509.7240,0.2008,2.3930,24.0553,0.6241
20.4022,7.4769,6.0436,511.1420,0.2017,2.3660,24.2275,0.6372
20.3464,7.4849,6.1926,513.2140,0.2012,2.5100,25.6459,0.6995
20.1942,7.4076,5.5411,514.9450,0.2021,2.5340,26.2399,0.7343
20.0672,7.3461,4.8134,516.6490,0.2012,2.5820,25.1435,0.7838
19.9787,7.2845,4.3488,520.3170,0.1984,2.6270,24.5551,0.8760
20.0009,7.3084,4.6548,521.4420,0.2008,2.6220,24.1729,0.8713
22.7008,7.7931,9.2506,520.6540,0.1718,2.5510,20.1715,0.6861
23.4773,8.1234,11.7804,518.1890,0.1659,2.4120,19.9899,0.5511
21.4453,7.4651,6.7270,524.7810,0.1622,2.5180,21.2730,0.6592
21.1333,7.6045,7.4604,530.1040,0.1711,2.6820,21.8226,0.7551
20.9627,7.4979,6.4344,531.7740,0.1711,2.6920,21.1957,0.7259
21.7447,7.7495,8.7637,532.3260,0.1595,2.6690,19.7880,0.6370
24.1093,8.1254,11.7298,530.2640,0.1440,2.5340,18.0831,0.4638
23.7377,8.1528,11.9487,527.3750,0.1426,2.4850,18.3469,0.4574
22.1628,7.8456,9.0137,529.4700,0.1444,2.4960,19.9637,0.4490
22.1069,8.4009,10.8346,527.5460,0.1504,2.5580,21.4530,0.4019
21.9891,8.2942,9.5913,528.6240,0.1474,2.5180,21.5435,0.3511
21.8012,7.9585,8.3505,533.1210,0.1436,2.5550,20.6908,0.3624
22.1310,8.5559,12.5045,527.0030,0.1423,2.4610,21.2899,0.2529
22.2919,8.7714,14.5579,522.4190,0.1412,2.3730,22.7482,0.1976
22.0028,8.5707,12.0068,529.1700,0.1342,2.3110,23.5052,0.2037
21.8456,8.3914,10.6544,533.3490,0.1308,2.3050,21.8196,0.1883
21.5480,7.9845,8.2392,537.3750,0.1292,2.3160,21.3988,0.2376
21.5830,7.8919,8.1701,538.4980,0.1326,2.3010,21.7880,0.2402
22.0132,8.3392,10.9252,532.6530,0.1274,2.2600,22.3691,0.1948
22.0445,8.4473,11.6963,531.8720,0.1265,2.2360,21.0128,0.2034
21.8967,8.1799,10.1636,538.3500,0.1230,2.2240,22.9519,0.1733
21.7173,7.8696,8.3133,542.2270,0.1212,2.1780,22.7651,0.2022
21.5756,7.6769,7.1663,543.7550,0.1204,2.2530,22.7989,0.2113
21.6794,7.7813,8.2106,541.9820,0.1169,2.1540,21.7098,0.1865
23.1680,8.5126,12.7800,534.9360,0.1145,2.1130,19.7041,0.1232
24.6968,8.9653,18.4482,527.1770,0.1063,1.9890,20.7675,0.0771
23.7532,8.7963,14.3603,532.0870,0.1039,1.9800,21.0071,0.0698
23.5470,8.6404,12.1260,538.0830,0.0993,1.8760,20.0476,0.0600
23.1033,8.4445,10.5183,540.2570,0.0926,1.8780,19.6238,0.0529
22.9305,8.3669,10.5181,541.2610,0.0919,1.8560,18.6688,0.0536
23.5439,8.6409,13.5951,537.1870,0.0914,1.8390,19.2986,0.0494
23.8024,8.8537,15.8916,532.8530,0.0899,1.7940,20.1793,0.0508
23.4265,8.6675,12.5283,538.3600,0.0841,1.7970,19.9451,0.0616
22.9987,8.3175,9.6349,544.5730,0.0831,1.8160,18.9324,0.0787
22.6615,7.9989,7.8060,548.6270,0.0852,1.8190,18.0954,0.0922
22.6744,7.7594,6.9041,551.1240,0.0883,1.8440,18.1437,0.1197
23.2754,7.9679,8.6294,549.7290,0.0882,1.8250,17.8286,0.0977
23.7562,8.3055,11.0121,546.6980,0.0882,1.8000,17.2937,0.0783
23.5078,8.1379,9.2700,549.9040,0.0882,1.8550,17.3620,0.0844
23.0816,7.8100,7.3130,551.7500,0.0860,1.8680,17.5039,0.1056
22.8311,7.5710,5.8228,554.6380,0.0867,1.8960,17.1529,0.1352
22.7789,7.4729,5.3156,555.3910,0.0934,1.9200,17.6736,0.1348
23.5235,7.7345,7.3931,554.4500,0.0911,1.8860,17.3100,0.1079
23.5925,7.9170,8.6620,552.8510,0.0914,1.8980,17.8030,0.0879
23.3400,7.8371,7.7622,555.5590,0.0873,1.8800,17.0904,0.0944
23.0720,7.6457,6.4425,557.1780,0.0872,1.9410,17.3630,0.1143
22.6581,7.4341,4.7783,549.7700,0.0881,1.9910,17.2153,0.1654
22.8114,7.4415,5.0496,554.8970,0.0917,2.0130,17.1191,0.1661
23.6821,7.4524,5.6008,554.5680,0.0968,2.0400,16.6243,0.1614
23.3315,7.3704,4.7224,556.6730,0.0968,2.0400,17.1911,0.1614
25.0336,7.4319,4.3793,492.1880,0.1031,2.2370,16.4630,0.1503
24.8360,7.4068,4.1569,487.7090,0.1052,2.2430,17.2429,0.1629
24.6711,7.3110,3.4764,484.6000,0.1107,2.3650,17.5835,0.2264
24.5014,7.2288,2.7481,479.0880,0.1141,2.4090,17.4779,0.2217
24.3569,7.1976,2.5023,473.1820,0.1207,2.4450,17.2232,0.2661
24.1249,7.1055,1.3984,444.2150,0.2162,3.2060,35.5446,0.6487
24.0353,7.0682,0.5541,420.2920,0.4010,4.5240,52.3647,1.4594
24.5817,7.0348,1.0734,406.6030,0.3502,4.3820,44.8470,1.4221
24.8114,7.0347,1.3015,404.0740,0.3077,4.1050,35.1854,1.3430
24.5464,7.0112,1.1076,402.4050,0.2848,3.9460,29.7675,1.3459
24.3505,6.9995,1.0590,400.2590,0.2741,3.9850,26.9322,1.4111
24.2018,6.9936,1.2634,401.6340,0.2538,3.8440,23.6444,1.3752
24.7017,7.0014,1.3215,403.1440,0.2467,3.6580,23.2995,1.1959
25.4003,7.0288,1.7770,401.9740,0.2368,3.5570,22.0434,1.0429
25.6729,7.0386,2.0695,400.4230,0.2318,3.5660,23.6806,0.9548
25.2818,7.0151,1.8524,400.1520,0.2333,3.5750,26.5399,0.9205
24.9765,6.9916,1.5385,400.6150,0.2375,3.6310,23.1669,1.0327
24.8887,7.0034,1.7207,401.3500,0.2421,3.7190,22.9498,1.0412
24.8859,6.9916,1.8301,402.2250,0.2489,3.8060,22.4904,1.0603
24.9810,7.0073,1.8678,402.9900,0.2570,3.9280,23.9639,1.0886
25.0221,7.0171,2.0003,404.0820,0.2532,3.9560,24.0895,1.0245
24.9321,7.0132,1.9347,405.5380,0.2463,3.9260,24.8943,0.9732
24.7534,6.9975,1.7114,404.9490,0.2365,3.8240,22.1931,0.9536
24.6583,6.9975,1.6270,406.5550,0.2336,3.7930,21.6696,0.9135
24.6653,6.9975,1.6097,407.2440,0.2273,3.8410,22.3166,0.8618
26.1431,7.0132,2.0444,407.2100,0.2139,3.6960,20.4505,0.6767
25.4221,7.0349,2.2478,408.0090,0.2178,3.7270,24.2207,0.6911
25.2312,7.0330,2.3199,409.1580,0.2180,3.7940,24.7212,0.7137
25.0561,7.0271,1.9470,410.5210,0.2173,3.7500,23.8651,0.7527
24.8923,7.0311,1.9613,412.4490,0.2221,3.8400,22.3093,0.8204
24.9472,7.0291,1.8463,413.6680,0.2214,3.8900,23.0346,0.8214
25.4377,7.0449,2.4004,419.7370,0.2167,4.0280,22.6771,0.7251
25.6025,7.0864,2.8906,419.6050,0.2132,4.0050,24.1678,0.6618
25.3300,7.0905,2.9464,420.9820,0.2123,3.9470,23.7064,0.6279
25.0935,7.0767,2.6452,421.4950,0.2086,4.1560,22.7467,0.6208
24.8849,7.0629,2.4061,421.9510,0.2037,4.0810,21.6059,0.6209
24.9363,7.0550,2.3651,422.0830,0.1972,4.0930,21.8251,0.5683
25.1451,7.0768,2.5732,422.0530,0.1990,4.0650,22.9510,0.4958
25.4868,7.1006,3.0317,420.7200,0.1893,4.0410,22.5499,0.3955
25.1797,7.1166,3.0795,421.6150,0.1877,4.0290,23.7276,0.3818
24.9848,7.0889,2.6525,421.9990,0.1826,4.0950,21.9375,0.3651
24.8539,7.0850,2.5176,423.1000,0.1797,4.0580,22.5000,0.3362
24.8736,7.0870,2.5554,423.0400,0.1757,4.0960,22.1876,0.2982
25.2184,7.1446,3.5463,423.0410,0.1710,4.0410,21.0029,0.2389
25.2693,7.1805,3.8736,423.9250,0.1653,3.9950,21.3104,0.1848
25.1070,7.1846,3.9070,425.0100,0.1588,3.9670,21.6293,0.1692
24.8601,7.1369,3.1088,425.1910,0.1545,3.9180,20.8278,0.1530
24.7738,7.1430,3.2158,426.0590,0.1518,3.7900,19.8943,0.1550
25.0758,7.1668,3.5592,426.3260,0.1512,3.7500,19.9280,0.1391
26.2663,7.2934,5.2904,432.4350,0.1462,3.6590,19.3907,0.0984
26.4091,7.3271,5.5316,431.7100,0.1442,3.5750,20.6906,0.0863
25.9646,7.3654,5.9946,429.7970,0.1417,3.4470,20.4562,0.0713
25.7030,7.3378,5.5573,421.6360,0.1382,3.3030,19.0288,0.0619
25.5612,7.3003,5.1105,418.7770,0.1370,3.2500,19.6846,0.0605
25.5819,7.3162,5.2902,416.7790,0.1354,3.0460,19.1006,0.0497
25.7674,7.3757,6.0048,414.6340,0.1327,2.9850,19.7821,0.0405
25.6168,7.3640,5.7457,411.5070,0.1286,2.8090,20.3030,0.0537
25.4954,7.3423,5.2846,408.6210,0.1265,2.7490,20.1459,0.0612
25.3141,7.3126,4.8208,404.3810,0.1244,2.7980,19.4252,0.0695
25.0668,7.2850,4.4914,398.2470,0.1269,2.7160,19.2101,0.0847
25.0129,7.2591,4.1661,395.8690,0.1284,2.7570,19.2175,0.0905
25.2087,7.2789,4.4645,392.1390,0.1306,2.5050,20.7924,0.0879
25.3704,7.3308,5.1368,390.8210,0.1390,2.7040,20.8930,0.0910
25.2298,7.2251,3.7281,387.5750,0.1810,2.8250,22.3992,0.1933
24.7866,7.0815,1.0969,389.4900,0.3330,3.5850,21.7316,0.9454
24.4769,7.0355,1.3368,377.2620,0.3554,4.0460,25.3382,1.1692
24.6445,7.0395,2.1402,370.3840,0.2823,3.5320,30.0267,0.7117
25.2078,6.9995,1.9166,370.4420,0.2682,3.7780,39.1621,0.6131
25.4823,6.9555,2.0944,352.0960,0.2611,4.4120,59.5163,0.5362
25.4421,6.9077,1.7027,333.5040,0.2556,4.7850,68.3775,0.5017
25.5843,6.8877,1.8630,322.8600,0.2456,4.8530,66.0195,0.4374
25.7574,6.8858,1.7392,318.7010,0.2337,4.8100,62.8882,0.3747
26.0593,6.8998,1.7625,317.5550,0.2167,4.4850,55.0166,0.3328
26.7202,6.9239,2.0337,318.6480,0.2155,4.2270,47.7777,0.2900
27.1285,6.9578,2.4117,319.9860,0.2053,3.9950,43.3617,0.2397
27.0233,6.9816,2.5708,321.1940,0.1886,3.7750,38.3734,0.1837
27.0428,6.9836,2.7216,322.2340,0.1700,3.5380,32.8541,0.1394
27.1028,6.9975,2.7453,323.6710,0.1699,3.3210,32.2264,0.1126
27.2230,7.0114,2.8511,325.4790,0.1697,3.2510,32.4929,0.0982
27.3369,7.0411,3.2512,327.6800,0.1656,3.0900,32.3901,0.0888
27.3279,7.0728,3.4304,330.0400,0.1591,3.0820,31.6596,0.0848
27.0833,7.0590,3.1875,332.1200,0.1609,3.1110,29.5477,0.0934
26.8244,7.0431,2.8710,335.6050,0.1593,3.0560,27.3670,0.1060
26.5564,7.0273,2.6168,338.0410,0.1602,3.0500,26.7246,0.1160
26.3798,7.0353,2.7148,341.2210,0.1626,2.9910,27.9731,0.1143
27.5166,7.1362,4.0340,343.7980,0.1477,2.9710,26.8110,0.0940
27.7175,7.2270,5.1592,346.3530,0.1555,3.1360,26.9639,0.0830
27.0641,7.1839,4.4829,348.9320,0.1550,3.1330,28.1483,0.0789
26.6910,7.1325,3.9252,354.1590,0.1550,3.1330,24.6804,0.0789
26.4698,7.1027,3.4316,357.5750,0.1446,3.1540,23.7350,0.0880
26.3932,7.0989,3.4031,361.6180,0.1552,3.1430,24.7619,0.0957
26.9038,7.1861,4.4503,364.1440,0.1498,3.0730,24.9284,0.0914
26.7022,7.2220,4.6624,367.8940,0.1520,3.1560,26.1560,0.0876
26.4165,7.2103,4.4339,369.4940,0.1492,3.3860,24.8542,0.0886
26.2008,7.1784,3.9476,372.9180,0.1492,3.3860,22.2798,0.0886
25.9598,7.1746,3.7592,376.1160,0.1460,3.3930,22.5805,0.0966
25.8161,7.1827,3.7815,379.2300,0.1485,3.4960,23.2365,0.0966
26.0190,7.2384,4.3582,383.4210,0.1470,3.6070,24.9849,0.0892
26.6781,7.3436,5.5289,386.3570,0.1469,3.6660,23.6789,0.0789
26.2930,7.3220,5.1628,388.7350,0.1432,3.6050,24.6021,0.0763
25.9635,7.2405,4.3152,391.1220,0.1432,3.6050,23.0436,0.0763
25.6916,7.2050,3.8774,392.8520,0.1428,3.6910,22.6052,0.0880
25.7241,7.1949,3.7097,393.0430,0.1454,3.7460,23.0358,0.0923
27.1467,7.2556,4.4497,393.5570,0.1448,3.7000,22.1462,0.0939
27.4665,7.3331,5.4117,392.9230,0.1451,3.6750,22.9985,0.0887
26.8657,7.2778,4.7570,394.0780,0.1477,3.7330,23.9053,0.1049
26.5512,7.2246,4.2578,394.3010,0.1477,3.7330,22.4566,0.1049
26.2885,7.1868,3.7761,394.0370,0.1486,3.4930,21.5560,0.1089
26.6939,7.1864,3.8451,394.2310,0.1473,3.4740,21.0698,0.0978
28.1196,7.3070,4.7378,408.9250,0.1417,3.4280,20.1126,0.0885
28.4918,7.5963,7.5723,406.5850,0.1432,3.4030,22.9897,0.0895
27.7402,7.5203,6.9053,401.9820,0.1411,3.3770,23.4556,0.0976
27.2867,7.3654,5.6886,403.0960,0.1343,3.4120,22.5771,0.1002
26.9499,7.2804,4.9232,403.4550,0.1330,3.4660,20.6718,0.1040
27.4010,7.3578,5.9641,402.6400,0.1320,3.4440,18.6445,0.0959
28.6049,7.5735,8.1849,406.7390,0.1305,3.2130,21.2290,0.0384
29.1730,8.0298,10.9639,403.9980,0.1396,3.1810,20.3464,0.0356
28.2695,7.7174,8.6481,407.2550,0.1309,3.1270,21.4298,0.0394
27.9302,7.6510,7.8067,403.7380,0.1224,3.1320,20.6987,0.0424
27.6616,7.5055,6.5866,405.1080,0.1322,3.1020,19.1299,0.0484
27.8631,7.4804,6.6610,405.4270,0.1325,3.0980,19.0563,0.0449
28.9688,7.8029,9.4360,407.9010,0.1329,3.0180,18.9605,0.0480
28.7846,7.8713,9.2827,408.8420,0.1250,2.9470,19.9963,0.0482
28.2664,7.7392,8.1737,411.3120,0.1285,3.0670,20.3665,0.0609
27.9281,7.6344,7.0789,413.7620,0.1293,2.9680,18.3049,0.0689
27.7609,7.5131,6.1647,416.5080,0.1321,3.0490,18.3002,0.0843
27.9309,7.4977,6.2395,417.1530,0.1303,2.9470,16.6607,0.0777
29.7740,7.8760,9.5618,416.5130,0.1304,2.8680,17.2176,0.0555
29.5714,7.9774,9.7839,415.9070,0.1277,2.8810,17.8941,0.0562
28.7268,8.1258,9.9266,417.5040,0.1262,2.9020,18.1256,0.0637
28.1427,7.8629,7.8770,422.3450,0.1195,2.9600,17.3553,0.0664
27.8900,7.6816,6.6940,424.9220,0.1177,3.0560,17.3400,0.0783
28.2461,7.6397,6.4708,425.7630,0.1153,2.9800,15.8630,0.0762
29.2880,7.6720,7.1034,426.5270,0.1177,3.0290,16.0774,0.0742
29.3269,7.6941,7.1443,427.7510,0.1165,2.8910,18.0156,0.0739
28.8928,8.0206,8.7404,427.9820,0.1125,2.9620,17.3704,0.0737
28.6800,7.9928,8.0217,430.0770,0.1086,3.0750,15.5211,0.0743
28.3802,7.8706,7.1985,432.4700,0.1029,3.0360,16.0206,0.0830
28.3560,7.7026,6.1679,433.9740,0.1060,3.0020,14.9986,0.0927
28.5487,7.7261,6.6432,447.2020,0.1093,3.0130,15.0399,0.0943
28.3402,7.7129,6.5064,447.6320,0.1061,3.0810,17.6285,0.0975
28.1714,7.6746,6.0671,448.8550,0.1062,3.1280,15.5914,0.1085
27.9399,7.5633,5.0950,450.1290,0.1085,3.1310,15.7383,0.1358
27.6296,7.4995,4.5930,450.8470,0.1076,3.1190,15.4475,0.1491
27.4711,7.4386,4.1070,451.9480,0.1118,3.0380,15.3760,0.1612
28.5244,7.3815,3.8548,452.3860,0.1170,3.0030,16.0592,0.1626
27.9670,7.4821,4.8726,446.9640,0.1162,3.2150,17.5490,0.1525
27.8025,7.5159,5.0325,450.5950,0.1134,3.0730,17.3311,0.1439
27.4467,7.4420,4.3223,452.1060,0.1179,3.0640,17.8809,0.1556
27.1495,7.3753,3.8107,453.2930,0.1163,3.1070,17.1013,0.1611
27.3953,7.4053,4.2190,454.2370,0.1178,3.1730,16.3281,0.1523
28.6825,7.4857,5.5896,455.3840,0.1186,3.0550,16.5469,0.1256
29.1454,7.6039,6.3906,455.8450,0.1172,3.0410,16.9365,0.1100
28.1630,7.5912,6.2730,457.4190,0.1144,3.0430,19.2345,0.1104
27.7255,7.4735,5.2067,458.7750,0.1144,3.0430,19.3441,0.1104
27.4554,7.4325,4.9187,459.6850,0.1138,3.0380,18.5908,0.1254
27.5928,7.3440,4.0801,461.0350,0.1185,3.0640,18.5909,0.1424
27.5519,7.3482,4.2045,458.8000,0.1179,3.0590,19.1240,0.1506
27.4105,7.3621,4.4713,456.0650,0.1188,3.0710,21.2721,0.1594
27.2043,7.3495,4.2393,458.7750,0.1212,3.0690,21.2535,0.1683
26.9320,7.3050,3.7289,460.3440,0.1228,3.1370,21.9042,0.1863
26.6918,7.2615,3.3132,461.8890,0.1253,3.1530,20.8224,0.2115
26.9383,7.2509,3.3443,463.3610,0.1252,3.1730,19.9272,0.2131
28.6227,7.3409,4.4686,464.2110,0.1212,3.1210,17.9272,0.1893
28.5253,7.3555,4.7184,463.6230,0.1248,3.1600,18.8076,0.1844
27.7774,7.3864,5.0776,463.3370,0.1280,3.2040,21.8474,0.2108
27.3770,7.3265,4.1732,463.9210,0.1312,3.3000,21.1386,0.2315
27.2341,7.3202,4.1201,463.6630,0.1267,3.2480,20.0929,0.2169
27.4572,7.3108,4.2179,463.1990,0.1326,3.4230,19.7646,0.2139
29.3028,7.2303,5.6240,464.8360,0.1233,3.4170,28.7085,0.1363
29.1473,7.2137,5.3789,463.9250,0.1285,3.5120,22.9146,0.1385
28.3518,7.3481,6.4155,465.0180,0.1213,3.2540,20.7641,0.1310
28.0406,7.2911,5.6659,466.6080,0.1192,3.3060,20.5336,0.1312
27.7600,7.2618,5.2229,467.9150,0.1172,3.3950,18.8548,0.1249
27.9167,7.2853,5.5926,469.2280,0.1156,3.2860,18.3275,0.1119
28.8631,7.4665,7.7042,467.6810,0.1112,3.2150,18.3515,0.0750
28.7700,7.6772,9.1983,468.5390,0.1117,3.2970,19.1465,0.0815
28.6416,7.9530,10.3123,470.0010,0.1078,3.3530,18.8603,0.0831
28.1987,7.6328,7.5942,475.0180,0.1023,3.3390,18.3972,0.0983
27.8878,7.4304,5.9837,478.4700,0.0983,3.3890,17.1178,0.1120
28.0430,7.3304,5.2646,480.5040,0.1004,3.3870,17.2986,0.1243
28.9091,7.4644,6.8207,478.7360,0.1016,3.4310,16.7283,0.0984
29.4491,7.5915,7.7761,479.1310,0.1038,3.3230,17.9115,0.0864
28.7207,7.6136,7.3769,482.7630,0.0973,3.4000,17.4417,0.0965
28.4054,7.4650,6.0519,485.3980,0.0972,3.4790,16.9767,0.1036
28.0395,7.4405,5.6746,487.4560,0.0911,3.4990,16.0583,0.1104
27.9092,7.3237,4.5838,489.0780,0.0911,3.4990,16.3822,0.1104
28.3330,7.2726,4.1619,491.9210,0.1113,3.3740,19.1916,0.1528
27.8682,7.3257,4.4170,493.3980,0.1113,3.3740,19.7170,0.1528
27.6767,7.2666,3.5779,494.0160,0.1104,3.4210,19.6430,0.1708
27.6446,7.2406,3.3060,495.0090,0.1108,3.4120,18.9317,0.1762
28.0276,7.2835,3.8516,495.0010,0.1106,3.4810,20.5169,0.1708
28.5012,7.3005,4.4869,493.1470,0.1120,3.3290,19.6338,0.1499
28.2705,7.4147,5.2585,495.1800,0.1095,3.4720,20.2058,0.1411
27.9330,7.3258,4.2544,496.3340,0.1092,3.5090,20.2170,0.1525
27.6665,7.2470,3.4570,497.5340,0.1143,3.6240,19.9362,0.1639
27.7529,7.2486,3.5523,498.1700,0.1138,3.4720,19.2058,0.1546
28.4899,7.3716,5.1468,497.9810,0.1176,3.3910,18.7490,0.1189
28.8582,7.4939,6.5139,498.9680,0.1134,3.4910,19.9242,0.1027
28.3955,7.4036,5.4091,503.3940,0.1121,3.5260,20.8723,0.1106
27.9883,7.2787,4.1616,506.8280,0.1117,3.6780,20.8778,0.1186
27.7422,7.2511,3.9372,511.1490,0.1104,3.8370,19.5238,0.1167
27.9755,7.2733,4.3481,514.1990,0.1109,3.7630,18.7055,0.1036
29.3814,7.4793,6.7583,515.7760,0.1089,3.8520,18.7273,0.0789
29.4727,7.5872,7.5313,518.9020,0.1021,3.8370,19.9690,0.0770
28.8537,7.5179,6.6944,523.2070,0.1023,3.8320,20.7016,0.0849
28.6362,7.4637,6.1102,525.6850,0.0981,3.9100,19.3255,0.0832
28.3984,7.3770,5.3708,526.2220,0.0987,4.0180,17.9734,0.0814
28.7192,7.3670,5.5286,524.7640,0.1003,3.9110,17.2941,0.0745
29.8298,7.5963,8.1953,522.4360,0.1002,3.8440,16.8662,0.0665
29.8914,7.5522,7.7283,519.8540,0.0970,3.7960,18.8067,0.0693
29.4319,7.7226,8.5629,514.5840,0.0932,3.7980,19.4063,0.0746
29.1684,7.5938,7.3775,513.3980,0.0932,3.7980,18.8914,0.0746
28.9632,7.5479,6.8003,510.7360,0.0870,3.7040,17.5675,0.0755
29.2437,7.5675,7.2286,505.2960,0.0887,3.6560,16.8164,0.0690
30.5265,7.7866,9.3075,501.4120,0.0887,3.4450,17.8010,0.0687
30.7671,7.8583,10.0154,497.3440,0.0880,3.4320,18.5598,0.0708
29.9973,7.8867,9.3014,491.8240,0.0831,3.3380,18.2650,0.0794
29.7604,7.7265,7.7981,490.8400,0.0808,3.3220,17.9109,0.0876
29.5802,7.6956,7.1887,487.0540,0.0782,3.1580,16.1406,0.0874
29.7539,7.6822,7.0746,481.1570,0.0789,3.1670,15.8629,0.0851
31.0811,7.8192,8.5154,477.7480,0.0832,3.0210,16.0090,0.0795
31.0721,7.7611,8.0648,477.6030,0.0873,2.9990,17.9885,0.0869
30.5798,7.9436,8.4958,471.1380,0.0814,2.8790,18.0889,0.0848
30.2539,7.7549,6.6861,471.1850,0.0814,2.8790,17.2892,0.0848
29.8685,7.6123,5.5737,466.2330,0.0817,2.8220,16.0133,0.1157
29.7277,7.5150,4.8211,465.6710,0.0873,2.7040,15.8700,0.1257
30.8487,7.5860,5.4475,471.3440,0.0918,2.2380,16.1489,0.1153
30.7969,7.5675,5.4030,466.8660,0.0934,2.3060,18.4710,0.1223
30.4897,7.7028,6.0389,462.3590,0.0930,2.2080,18.4514,0.1125
30.4054,7.6766,5.7188,460.6660,0.0930,2.2080,17.5808,0.1125
30.1348,7.5744,5.0897,457.3470,0.0941,2.1670,16.6990,0.1141
30.1538,7.4608,4.3729,454.8550,0.0941,2.1670,16.7027,0.1141
30.8311,7.5982,5.7948,449.5830,0.1122,1.9390,18.2036,0.1181
30.4467,7.6795,6.1403,445.9050,0.1176,2.0070,19.3299,0.1090
30.1007,7.4815,4.7920,445.4420,0.1176,2.0070,18.5887,0.1090
29.8951,7.3443,3.5691,445.1510,0.1358,2.1130,18.3144,0.1873
29.5831,7.2926,3.3914,439.3010,0.1441,1.9670,18.4442,0.2191
29.4307,7.2847,3.4385,435.8630,0.1648,2.3010,20.9301,0.1921
29.4629,7.2465,3.5073,433.3880,0.1973,2.3710,21.6874,0.3128
28.4076,7.1133,0.4698,391.2100,0.5988,3.5910,69.8544,1.7323
27.5336,6.9939,0.3908,327.9010,0.7784,4.4780,115.6150,2.2581
27.7223,6.9019,0.7344,330.0650,0.5302,4.2560,73.5583,1.6964
28.2855,6.9060,1.1943,362.6830,0.3916,3.7570,48.7701,1.1727
28.1331,6.8631,1.2568,346.7910,0.3616,3.8960,64.2283,0.9518
27.6864,6.8058,1.0677,316.5800,0.3615,4.2920,84.3597,0.8886
27.3465,6.7655,1.0789,295.9300,0.3542,4.4610,96.4854,0.8577
27.0831,6.7517,1.1476,285.3160,0.3532,4.6320,104.4030,0.8308
26.8307,6.7480,1.2875,279.7910,0.3582,4.7120,114.2440,0.8110
26.6643,6.7585,1.4439,280.1030,0.3496,4.5950,107.9100,0.7730
26.4996,6.7752,1.6500,283.8710,0.3304,4.5200,97.8228,0.7123
26.2410,6.7904,1.8001,289.4170,0.3074,4.3560,82.2314,0.6329
25.9158,6.8070,1.9535,294.6810,0.2812,4.1400,71.9920,0.5490
25.5656,6.8150,2.0740,299.1340,0.2685,4.0680,64.0426,0.4694
25.5760,6.8310,2.1787,303.2050,0.2585,3.9030,61.0612,0.4035
26.2654,6.8476,2.3164,306.7290,0.2500,3.7850,55.8499,0.3478
26.4738,6.8717,2.5773,310.4400,0.2380,3.7050,52.6966,0.3117
26.0456,6.8735,2.5481,314.1200,0.2282,3.6740,49.9304,0.2991
25.6586,6.8789,2.5771,318.1220,0.2214,3.5350,44.0399,0.2830
25.3390,6.8829,2.5932,321.6760,0.2137,3.4030,40.7168,0.2531
25.5637,6.8925,2.6878,325.3810,0.2039,3.3880,41.8705,0.2275
26.3560,6.9168,2.8526,328.7930,0.2058,3.5130,40.3720,0.1967
26.7385,6.9470,3.2281,331.7610,0.2008,3.5160,39.1245,0.1734
26.2563,6.9433,3.0826,334.2610,0.2010,3.6920,40.6242,0.1650
26.0032,6.9317,2.9485,337.5310,0.1948,3.4670,38.1745,0.1575
25.8191,6.9320,2.8161,340.4760,0.1907,3.4590,35.3477,0.1492
26.0045,6.9393,2.8413,344.0670,0.1913,3.4670,34.1488,0.1575
26.8042,6.9639,3.1837,346.2390,0.1896,3.4530,34.2407,0.1490
27.0618,7.0145,3.8275,348.8050,0.1865,3.5450,31.8855,0.1405
26.6520,6.9846,3.3964,351.3150,0.1865,3.5260,32.3110,0.1439
26.5022,6.9827,3.2552,354.9280,0.1832,3.5250,30.5849,0.1488
26.4123,6.9752,3.1665,358.6740,0.1803,3.4690,28.2959,0.1406
26.3983,6.9845,3.1501,361.5670,0.1815,3.6060,27.6359,0.1530
26.7685,6.8239,3.7187,367.7860,0.1810,3.6680,26.9057,0.1407
27.2280,7.0010,4.9505,367.5620,0.1778,3.6480,25.3893,0.1120
25.5406,7.0242,3.3918,282.3840,0.3089,5.0090,137.4720,0.4183
25.6310,7.0935,3.4415,289.7150,0.3074,4.7900,108.4660,0.3536
25.6362,7.1374,3.4320,296.4880,0.2514,4.6200,90.2883,0.2783
25.7427,7.1627,3.4566,301.6400,0.2313,4.6440,81.4071,0.2333
26.3787,7.2362,3.5985,321.2190,0.2159,4.5200,86.4541,0.2065
26.5498,7.1951,3.8098,323.9630,0.2027,4.3000,69.6178,0.1799
26.4078,7.2435,3.8839,326.3870,0.1927,4.2200,63.1880,0.1575
26.4008,7.2502,3.8895,329.3160,0.1823,4.5360,63.8456,0.1409
26.3151,7.2469,3.8279,332.1680,0.1793,4.2350,53.5984,0.1313
26.4147,7.2685,3.8343,335.4150,0.1776,4.1930,63.8201,0.1313
26.3613,7.2786,3.9101,337.4430,0.1769,4.2170,65.8276,0.0690
26.1140,7.2755,3.8601,339.3200,0.1712,4.1990,58.5669,0.0619
25.8976,7.2840,3.9220,340.3880,0.1660,4.2700,55.0793,0.0587
25.6453,7.3043,4.1512,341.2410,0.1673,4.2060,51.1575,0.0571
24.9573,7.1224,3.1094,295.5620,0.3333,5.0430,97.2094,0.3068
24.6633,7.1276,3.1027,305.7750,0.3306,5.3200,90.3062,0.3304
24.4385,7.1328,3.0580,315.9450,0.3226,5.3170,74.8073,0.3200
24.2688,7.1362,3.0758,325.4370,0.3082,5.4800,68.3851,0.2765
24.4841,7.1462,3.0312,334.1460,0.3022,5.5570,73.2527,0.2424
25.2486,7.1559,3.0361,343.7350,0.3004,5.6600,73.1005,0.2182
25.4177,7.1741,3.2292,353.7970,0.2917,5.8560,71.1666,0.2004
25.0627,7.1911,3.3248,365.4110,0.2790,5.9690,64.4648,0.1917
24.9063,7.1979,3.1926,372.1280,0.2790,5.9690,54.8966,0.1917
24.7036,7.2047,3.1357,382.3100,0.2583,6.2600,43.9368,0.1665
24.6027,7.2300,3.4513,390.0950,0.2599,6.3980,55.9630,0.1664
24.5170,7.2516,3.6551,398.5190,0.2650,6.4780,50.5131,0.1651
24.5576,7.2515,3.6179,406.5040,0.2636,6.7410,52.0464,0.1675
24.4057,7.2519,3.4787,415.2370,0.2654,6.9990,47.6902,0.2098
23.9553,7.2288,2.7772,422.3530,0.2654,6.9990,39.9330,0.2098
23.5168,7.2342,2.8500,426.3760,0.3140,7.2500,38.7947,0.3856
23.4460,7.2392,2.9319,428.3730,0.3120,7.1280,48.5054,0.3255
23.9612,7.2420,3.0786,429.3170,0.3040,7.0330,48.8702,0.2753
24.0710,7.2615,3.2947,433.2700,0.2956,7.1210,47.5765,0.2694
23.6655,7.2751,3.3774,439.1030,0.2801,7.1880,41.0575,0.2313
23.3917,7.2738,3.3212,443.9770,0.2801,7.1880,34.5282,0.2313
23.1414,7.2741,3.2339,445.4490,0.2799,7.3190,32.0892,0.2605
23.2160,7.2614,3.1535,444.7590,0.2877,7.4420,35.9806,0.2395
23.8945,7.2618,3.3699,446.4560,0.2745,7.1910,37.3394,0.1964
24.2843,7.2876,3.6968,443.7170,0.2617,7.0510,38.7786,0.1507
23.9747,7.2919,3.8335,439.3020,0.2459,7.0050,37.0485,0.1260
23.7322,7.3059,3.9002,438.4390,0.2459,7.0050,33.2430,0.1260
23.5241,7.3022,3.8500,438.5340,0.2241,6.8620,32.7576,0.0859
23.7346,7.3105,3.9271,438.0240,0.2206,6.8650,35.9518,0.0712
24.2616,7.3090,4.1718,441.9170,0.2201,6.8760,38.6263,0.0712
24.6038,7.3070,4.4504,441.1050,0.2135,6.8410,39.4920,0.0654
24.3318,7.3199,4.6039,440.9090,0.2050,6.6690,37.8859,0.0560
24.0372,7.3028,4.4958,438.3590,0.2050,6.6690,33.7697,0.0560
23.7658,7.3027,4.4854,438.4760,0.1863,6.7340,32.2568,0.0435
23.9241,7.3073,4.5925,439.0050,0.1872,6.6600,34.1792,0.0387
24.7093,7.3226,4.9723,442.3070,0.1738,6.5770,36.4687,0.0372
24.4227,7.3353,5.1600,443.4940,0.1758,6.6120,38.3762,0.0314
24.0533,7.3448,5.2543,440.9140,0.1798,6.5510,37.0161,0.0277
23.6796,7.3353,5.0571,440.8930,0.1714,6.6550,34.4140,0.0258
22.7822,7.3411,5.4747,440.6890,0.1529,6.3560,31.6061,0.0290
23.2515,7.3735,6.0482,443.9930,0.1589,6.4060,34.2586,0.0557
22.9856,7.3444,5.6112,447.2090,0.1643,6.4420,32.8701,0.0927
22.6714,7.3243,5.2780,448.8170,0.1633,6.6320,30.3241,0.1001
22.5171,7.3239,5.2524,450.3730,0.1642,6.4720,30.6397,0.0937
22.6321,7.3247,5.4845,452.1910,0.1572,6.6260,30.3746,0.0674
22.6382,7.3557,5.7702,453.3420,0.1559,6.4990,31.2050,0.0596
22.4740,7.3366,5.5842,454.8390,0.1535,6.5620,33.1228,0.0575
22.3329,7.3307,5.4707,456.3870,0.1535,6.5620,32.8428,0.0575
22.1756,7.3242,5.3112,457.7730,0.1430,6.5250,31.5329,0.0505
22.2239,7.3410,5.4206,458.4880,0.1384,6.5410,29.5847,0.0439
23.1258,7.3801,5.9468,462.7550,0.1351,6.5140,28.8646,0.0356
23.5183,7.4136,6.4099,463.4650,0.1351,6.5140,28.5652,0.0356
22.8347,7.3549,5.7453,464.4890,0.1342,6.5100,33.3734,0.0337
22.5415,7.3503,5.7325,465.5250,0.1342,6.5100,31.0217,0.0337
22.3211,7.3371,5.4585,466.0240,0.1277,6.6720,30.3464,0.0308
22.5081,7.3264,5.3294,467.0670,0.1270,6.6460,29.6377,0.0303
23.8034,7.5615,6.8266,461.4160,0.1104,6.3620,26.3394,0.0254
23.7053,7.5711,6.8324,458.1710,0.1126,6.0080,29.9602,0.0525
23.3560,7.5023,6.0848,459.1490,0.1144,5.9590,29.9673,0.0936
23.1300,7.4656,5.6717,459.6720,0.1183,6.1150,31.6005,0.1141
23.2766,7.4592,5.7843,460.1300,0.1160,6.0100,27.6768,0.1151
24.2771,7.5040,6.4198,459.5690,0.1154,5.9680,28.9942,0.1211
24.5666,7.6943,8.4494,459.0720,0.1130,5.8450,26.1898,0.0815
23.9234,7.6831,8.1543,458.4610,0.1153,5.9630,29.0907,0.0740
23.4300,7.5999,7.3378,458.7600,0.1161,6.0250,30.9176,0.0829
22.8543,7.5199,6.4103,459.6320,0.1175,5.9810,32.7362,0.0959
23.0347,7.5104,6.4495,460.5750,0.1206,5.9420,28.4275,0.1132
24.5044,7.5999,7.7732,460.4510,0.1202,5.9850,26.7876,0.0920
24.8353,7.7855,9.4730,459.6790,0.1197,6.0020,26.2171,0.0727
24.3160,7.8254,9.4357,461.4970,0.1179,6.0210,28.0871,0.0575
23.8079,7.7391,8.4238,463.6650,0.1184,6.0840,29.1780,0.0550
23.3258,7.6431,7.5970,465.6210,0.1177,6.1290,29.3197,0.0618
23.3081,7.5903,7.2099,468.2470,0.1191,6.1160,26.5740,0.0613
25.0625,7.8478,10.0054,467.8920,0.1214,6.0540,23.8668,0.0284
25.0234,8.0958,11.6165,468.7280,0.1213,6.0160,26.2541,0.0265
24.1397,7.8239,9.0858,474.7710,0.1198,6.1080,29.3329,0.0497
23.6987,7.7087,7.9017,478.3700,0.1191,6.2220,30.4236,0.0483
23.4722,7.6447,7.4079,481.4930,0.1187,6.2410,30.5398,0.0460
23.5917,7.6239,7.2416,484.1800,0.1188,6.2080,26.4334,0.0433
24.3520,7.9694,9.9711,489.4320,0.1106,6.3670,27.2169,0.0317
24.1085,7.9326,9.4799,492.2830,0.1064,6.3400,27.7369,0.0271
23.7321,7.8063,8.2472,496.8720,0.1055,6.4510,27.4428,0.0301
24.1334,8.0750,9.7438,504.6800,0.0947,6.4550,26.6416,0.0257
23.7618,7.8910,8.4204,508.6920,0.0968,6.5790,33.3499,0.0393
24.5542,8.0750,9.7627,512.7050,0.0886,6.4850,25.1882,0.0286
24.1506,7.8910,8.2225,516.5330,0.0886,6.6550,27.1091,0.0405
23.9270,7.8478,7.9847,520.3780,0.0879,6.6250,25.1065,0.0389
24.1429,7.8398,8.1039,521.3620,0.0881,6.6130,22.8506,0.0313
24.6504,7.9006,8.3169,529.0900,0.0854,6.6530,26.2505,0.0349
24.3688,7.8510,7.9390,530.4070,0.0861,6.6270,24.3403,0.0390
24.2878,7.8286,7.7656,532.9190,0.0862,6.7180,23.1070,0.0360
24.3503,7.7679,7.3487,534.7300,0.0853,6.6910,21.9184,0.0347
25.6328,8.1997,11.0513,538.7800,0.0840,6.3320,21.6901,0.0260
25.0698,7.9774,9.0271,542.5180,0.0840,6.3320,22.8335,0.0260
24.6988,7.8510,7.8502,545.0690,0.0841,6.7920,26.0555,0.0405
24.6119,7.8127,7.6215,546.5750,0.0859,6.8890,22.4828,0.0308
24.6874,7.8670,8.0924,545.4240,0.0876,6.8280,21.5328,0.0281
24.3840,7.8590,7.9348,546.1450,0.0900,6.8530,27.2388,0.0312
24.0156,7.7855,7.0981,549.1640,0.0955,6.9710,28.4108,0.0522
23.7624,7.7727,6.8320,546.7320,0.0955,6.9710,49.6546,0.0522
23.3535,7.7183,6.2471,547.3970,0.1008,7.0410,29.1940,0.0738
23.1268,7.6959,6.1771,543.9960,0.1010,7.2340,24.5346,0.0647
23.2520,7.7135,6.4865,541.7390,0.1048,7.0000,28.1218,0.0785
23.1938,7.6879,6.2896,538.4400,0.1048,7.0000,27.4379,0.0785
22.9829,7.6575,6.1041,531.8510,0.1135,6.5620,29.6284,0.1046
22.5877,7.6159,5.9147,516.1910,0.1135,6.5620,50.4329,0.1046
22.1657,7.5455,5.3511,498.4160,0.1843,6.4980,30.2342,0.4701
21.6762,7.5375,5.5518,474.2930,0.2237,6.1780,35.7060,0.6080
28.5031,7.7583,8.2203,0.1661,0.2237,6.1780,9.1878,0.6080
20.2500,7.4130,6.5830,339.4000,0.1695,4.9890,51.2300,0.1893
19.6400,7.4210,6.3970,344.8000,0.1697,5.1990,49.0200,0.1960
19.1100,7.4060,6.2310,350.7000,0.1632,5.2020,45.7800,0.1883
18.6600,7.4060,6.1410,355.5000,0.1629,5.3210,46.0300,0.1899
18.6800,7.4140,6.2200,359.4000,0.1603,5.5320,44.8600,0.1844
19.6200,7.4180,6.4410,363.7000,0.1608,5.5900,44.5300,0.1739
19.6500,7.2640,6.7720,369.5000,0.1623,5.6730,85.7700,0.1702
19.0800,7.4060,6.5660,372.1000,0.1615,5.7370,44.4600,0.1737
18.9200,7.4100,6.3960,374.5000,0.1583,5.8310,45.8600,0.1761
18.8000,7.4060,6.1630,375.8000,0.1597,5.8490,44.2700,0.1802
19.0100,7.4140,6.3050,379.3000,0.1585,5.8620,91.0300,0.1791
19.8400,7.4590,6.8080,380.1000,0.1591,5.9690,42.9700,0.1747
19.6800,7.4580,6.6570,382.7000,0.1631,5.9780,47.7700,0.1799
19.3800,7.4480,6.5640,386.5000,0.1580,6.0040,46.9400,0.1918
19.0300,7.4510,6.4330,389.3000,0.1552,6.2220,43.2600,0.2076
18.6800,7.4620,6.4580,392.1000,0.1531,6.3400,43.1400,0.2147
18.7100,7.4540,6.3720,397.9000,0.1526,6.3100,42.0100,0.2024
19.0700,7.4700,6.4980,402.6000,0.1550,6.3880,46.6200,0.1977
19.0000,7.5060,6.7440,407.0000,0.1613,6.4960,45.0900,0.2081
18.5100,7.4960,6.5290,414.4000,0.1635,6.5500,45.2000,0.2333
18.1700,7.4780,6.2450,419.9000,0.1656,6.5670,44.5000,0.2625
17.8900,7.4610,6.1240,424.5000,0.1671,6.7070,53.3800,0.2890
18.1300,7.4780,6.0900,433.5000,0.1685,6.7900,39.6500,0.3177
19.1900,7.4500,6.0250,435.0000,0.1655,6.7290,40.0500,0.3099
19.2000,7.4720,6.1850,437.7000,0.1628,6.8690,38.5800,0.3119
18.8500,7.5040,6.3510,442.7000,0.1615,7.1250,36.3600,0.3102
18.6800,7.4980,6.2050,448.1000,0.1575,7.1400,36.2400,0.3181
18.4800,7.4880,6.0030,452.7000,0.1588,7.3130,35.6700,0.3134
18.6700,7.4720,5.8790,455.8000,0.1556,7.2780,34.0800,0.3054
19.8800,7.4830,6.0690,459.3000,0.1479,7.2470,29.8700,0.2743
19.8400,7.5040,6.3550,460.0000,0.1498,7.3460,31.0000,0.2698
19.2000,7.4940,5.9860,465.2000,0.1515,7.4480,34.4900,0.2732
18.8300,7.4850,5.9140,470.6000,0.1509,7.4370,31.9800,0.2755
18.5600,7.4770,5.7320,472.8000,0.1465,7.5420,33.4100,0.2747
18.8100,7.4850,5.8290,477.1000,0.1416,7.5680,30.0000,0.2519
20.3800,7.5250,6.5290,490.4000,0.1364,7.6800,27.1000,0.2197
20.2100,7.5340,6.5040,493.0000,0.1323,7.6970,29.2200,0.2081
19.6200,7.5260,6.2220,497.1000,0.1370,7.9130,31.7100,0.2043
19.3700,7.5100,6.1050,499.4000,0.1355,7.9490,33.6300,0.2133
19.2700,7.5040,5.8440,501.3000,0.1329,7.9170,32.1100,0.2171
19.4200,7.4990,5.8380,503.5000,0.1283,8.1110,28.5500,0.2216
20.8400,7.5380,6.6230,505.1000,0.1228,8.1330,24.5300,0.2068
20.9000,7.5710,7.0070,506.0000,0.1247,8.2440,24.2900,0.1951
20.1600,7.5440,6.4940,507.3000,0.1305,8.1600,29.7000,0.2001
19.7800,7.5170,6.0310,508.5000,0.1310,8.1480,29.9900,0.1961
19.6300,7.5070,5.8780,509.7000,0.1307,8.1860,30.9300,0.1984
19.7500,7.5040,5.9540,510.6000,0.1241,8.2510,27.0800,0.1799
21.1500,7.5870,7.2350,511.2000,0.1193,8.0760,25.1400,0.1512
21.2700,7.6110,7.3570,511.9000,0.1156,8.1570,25.3700,0.1502
20.7000,7.5860,6.8660,513.5000,0.1179,8.2360,30.1400,0.1482
20.3900,7.5470,6.2910,514.8000,0.1198,8.1970,33.6500,0.1631
20.2500,7.5180,5.8990,516.5000,0.1200,8.3280,32.8800,0.1616
20.4200,7.5220,6.0210,517.0000,0.1122,8.3200,27.4400,0.1492
21.8200,7.6160,7.4630,517.5000,0.1084,8.2430,24.2100,0.1221
21.8200,7.6490,7.6190,518.0000,0.1069,8.2210,26.9300,0.1184
21.2500,7.6140,7.0010,520.1000,0.1095,8.2630,30.4400,0.1169
20.9500,7.5730,6.5480,520.9000,0.1101,8.2360,31.1500,0.1277
20.9100,7.5540,6.1960,522.5000,0.1103,8.3300,31.6100,0.1235
21.0400,7.5470,6.1120,524.1000,0.1069,8.4790,28.6000,0.1208
22.1700,7.6080,6.8910,526.7000,0.1040,8.4110,26.8600,0.1090
22.2500,7.6510,7.2600,529.1000,0.1052,8.3540,28.4700,0.1009
21.8400,7.6290,6.7620,531.5000,0.1076,8.5900,31.9800,0.1044
21.6900,7.6060,6.4200,534.0000,0.1091,8.5300,32.7700,0.1067
21.5400,7.5840,6.0870,535.6000,0.1100,8.5350,32.3700,0.1158
21.6200,7.5790,6.0320,537.6000,0.1046,8.5010,29.5500,0.1074
22.3300,7.6320,6.6870,538.7000,0.1023,8.4040,27.5400,0.0919
22.4300,7.7010,7.3970,538.5000,0.1002,8.5500,27.6100,0.0841
22.0500,7.6450,6.6600,538.0000,0.1039,8.6310,32.5400,0.0884
21.8900,7.6220,6.3710,536.5000,0.1049,8.5440,31.6700,0.0893
21.7600,7.6000,6.1010,534.9000,0.1076,8.7450,32.6000,0.0991
21.4400,7.5920,5.9250,532.5000,0.1086,8.5650,29.6800,0.1196
21.3100,7.6020,6.0660,526.1000,0.1154,8.4450,30.5300,0.1378
21.2000,7.6320,6.3120,514.3000,0.1246,8.2820,33.0500,0.1533
21.0100,7.6160,6.0800,505.3000,0.1276,7.9850,36.9700,0.1548
20.8200,7.6000,5.9040,500.7000,0.1276,7.9850,37.7500,0.1548
20.6500,7.5840,5.8470,491.8000,0.1264,7.7160,37.9500,0.1555
20.7400,7.5710,5.8210,484.8000,0.1222,7.5220,34.0100,0.1455
20.8200,7.5780,5.9920,478.1000,0.1212,7.3120,35.5300,0.1391
20.1400,7.6000,6.2240,470.3000,0.1271,7.4520,42.7000,0.1470
19.4400,7.6220,6.3400,467.3000,0.1325,7.2700,47.1000,0.1561
18.7600,7.6320,6.4620,464.7000,0.1325,7.2700,47.4500,0.1561
17.9100,7.6460,6.6160,462.8000,0.1321,6.9980,45.2900,0.1836
17.4800,7.6690,6.9070,461.6000,0.1316,6.6930,45.0300,0.1912
17.5400,7.7120,7.4960,460.6000,0.1360,6.4550,46.9000,0.1544
17.1600,7.6690,7.7190,461.8000,0.1466,6.5070,54.4800,0.1669
16.2100,7.7340,7.8690,461.3000,0.1519,6.4110,56.5300,0.1838
15.6800,7.7020,7.6950,463.1000,0.1519,6.4110,53.1600,0.1838
15.2200,7.7210,7.6680,461.9000,0.1489,6.5780,51.1400,0.2191
15.1900,7.6970,7.5920,461.7000,0.1448,6.5780,44.3400,0.2314
16.1100,7.6800,7.8280,463.0000,0.1423,6.6090,41.8300,0.2226
15.5300,7.7100,8.0670,460.7000,0.1367,6.6640,49.7100,0.2205
14.9400,7.6880,7.9190,461.3000,0.1495,6.7210,52.9300,0.2491
14.3700,7.7230,7.9670,459.7000,0.1495,6.7210,53.7800,0.2491
14.0000,7.7020,7.8390,460.1000,0.1470,6.7850,48.1300,0.2747
14.3600,7.5700,7.5100,464.8000,0.1275,6.6340,39.2000,0.2365
15.3800,7.6300,7.7530,461.1000,0.1366,6.6640,37.7100,0.2529
15.0800,7.6960,8.1030,458.6000,0.1399,6.7100,41.6900,0.2629
14.3200,7.6800,7.9800,459.0000,0.1443,6.7420,48.5800,0.2744
13.9900,7.5920,7.6240,462.4000,0.1443,6.7420,44.8700,0.2744
13.3100,7.6720,7.9350,460.0000,0.1377,6.9760,46.9200,0.2765
13.4800,7.6430,7.8260,460.0000,0.1330,7.1310,41.8700,0.2737
14.9300,7.6420,7.8970,459.9000,0.1275,6.8560,37.4800,0.2529
15.2700,7.5620,7.6860,462.7000,0.1219,6.9320,38.4900,0.2359
14.1300,7.5790,7.6350,460.8000,0.1309,6.8510,45.7700,0.2510
13.7100,7.5780,7.4870,461.6000,0.1265,7.0230,48.5000,0.2413
13.4700,7.5440,7.3860,462.9000,0.1197,7.0140,44.5900,0.2363
13.6100,7.5540,7.4480,462.7000,0.1160,6.9640,43.3300,0.2280
14.7800,7.6220,7.8410,460.2000,0.1197,7.0390,44.5100,0.2437
14.9800,7.6030,7.8790,460.8000,0.1163,6.9240,40.6500,0.2253
14.5400,7.5680,7.5870,462.5000,0.1177,7.0200,42.2500,0.2249
14.2900,7.5790,7.5380,460.8000,0.1242,7.1840,46.0500,0.2355
13.9900,7.6060,7.7540,453.2000,0.1209,7.1000,43.1200,0.2540
13.9000,7.6160,7.6940,456.8000,0.1209,7.1000,48.9400,0.2540
13.8200,7.5940,7.6070,458.2000,0.1197,7.0500,44.8300,0.2402
13.2200,7.6320,7.7690,458.2000,0.1248,6.8560,50.5100,0.2528
12.7700,7.6860,8.1320,456.8000,0.1248,6.8560,53.6500,0.2528
12.8900,7.6180,7.7070,457.3000,0.1269,6.6840,44.9800,0.2473
12.7100,7.6190,7.7890,458.7000,0.1224,6.6160,43.7100,0.2535
12.6600,7.6750,8.2820,456.1000,0.1327,6.7020,40.5300,0.2805
12.3900,7.7340,8.8170,455.9000,0.1454,6.7520,50.5800,0.3062
12.1600,7.6910,8.3830,458.2000,0.1572,6.9350,47.6400,0.3694
12.3600,7.5820,7.7180,463.8000,0.1469,6.8630,39.0500,0.3543
11.9600,7.6220,7.6930,461.6000,0.1717,7.1130,43.9200,0.4427
12.3000,7.5760,7.5210,465.9000,0.1570,7.0710,35.6300,0.4200
13.5400,7.5840,7.6920,465.8000,0.1558,6.9850,30.7100,0.4382
13.3600,7.6160,7.8390,465.0000,0.1640,7.0300,33.7000,0.4824
12.5900,7.6610,7.9360,468.2000,0.1843,7.2960,41.3600,0.5839
12.3600,7.6000,7.6710,470.6000,0.1580,7.1380,39.7400,0.5035
12.1200,7.5780,7.4030,472.7000,0.1554,7.0600,34.5200,0.5151
12.1500,7.5840,7.5450,474.9000,0.1430,6.9880,34.3700,0.5162
13.7400,7.5700,7.4610,475.9000,0.1450,6.9960,28.4900,0.5260
13.8400,7.5730,7.4770,474.9000,0.1454,7.0230,31.4600,0.5147
13.0100,7.5970,7.5700,478.7000,0.1479,7.0530,40.1500,0.5461
12.8200,7.5550,7.1150,480.7000,0.1453,7.0920,41.4600,0.5356
12.3100,7.5950,7.2730,485.7000,0.1542,7.4980,40.1300,0.5835
12.4300,7.5950,7.2500,488.5000,0.1428,7.5280,30.9800,0.5759
13.7300,7.5660,7.1370,488.8000,0.1338,7.4980,25.3200,0.5455
13.7500,7.5760,7.2700,490.9000,0.1307,7.4540,26.2900,0.5085
13.3300,7.5540,7.1060,496.4000,0.1272,7.5440,30.6800,0.4763
12.9400,7.6000,7.2840,506.2000,0.1390,7.8820,36.8900,0.5409
12.8800,7.5980,7.1400,510.6000,0.1399,7.9920,34.4100,0.5318
13.0000,7.5900,6.9790,514.2000,0.1387,8.0770,30.7300,0.5583
13.4900,7.5890,6.8150,517.0000,0.1433,8.2000,25.6800,0.6179
13.7400,7.5890,6.8370,518.0000,0.1394,8.3270,21.6800,0.6028
13.4600,7.5760,6.7160,520.1000,0.1435,8.3600,26.9400,0.5884
13.3000,7.5780,6.6610,524.3000,0.1430,8.3820,31.5800,0.5547
13.2200,7.5760,6.5020,525.3000,0.1416,8.5190,34.1200,0.5501
13.3200,7.5760,6.5700,528.2000,0.1346,8.4350,27.6800,0.5102
13.9900,7.5900,6.8180,530.1000,0.1320,8.4930,22.7200,0.4667
14.3800,7.6050,6.9730,532.0000,0.1420,8.5250,22.6700,0.4256
14.1100,7.5980,6.8070,533.9000,0.1573,8.7630,30.7700,0.4210
14.0700,7.5940,6.6920,534.1000,0.1599,8.7150,31.7600,0.4083
14.1000,7.5940,6.6230,533.3000,0.1548,8.8680,32.5700,0.3823
14.0100,7.5980,6.7570,532.1000,0.1514,8.6220,30.1100,0.3662
14.4600,7.6320,7.2080,528.2000,0.1468,8.6630,31.7500,0.3348
14.3400,7.6770,7.6640,525.0000,0.1438,8.5680,33.6000,0.3116
13.8200,7.6650,7.4680,522.3000,0.1453,8.5780,41.8800,0.3017
13.4600,7.6670,7.4260,519.6000,0.1453,8.5780,38.1600,0.3017
13.1200,7.6610,7.3620,516.6000,0.1332,8.4700,35.4900,0.2865
13.1900,7.6540,7.4270,510.8000,0.1269,0.0500,33.5600,0.2624
14.2200,7.6770,7.8140,505.7000,0.1233,9.9010,31.7900,0.2364
13.8100,7.7330,8.1560,500.8000,0.1241,7.9670,35.9500,0.2217
13.3300,7.7050,7.9560,498.6000,0.1235,7.8800,38.6400,0.2158
12.9500,7.6890,7.7990,496.5000,0.1224,7.9010,39.5300,0.2228
12.6400,7.6670,7.6300,493.0000,0.1181,7.8220,36.7500,0.2158
12.7000,7.6490,7.6520,488.5000,0.1112,7.4800,30.0800,0.2096
13.8500,7.7040,8.2490,481.8000,0.1091,7.3990,28.7500,0.1802
13.8400,7.6830,8.1950,479.3000,0.1062,7.2800,28.0500,0.1765
13.2300,7.7130,8.2400,476.4000,0.1134,7.4180,37.3900,0.1778
12.8600,7.6670,7.9520,476.1000,0.1077,7.2820,33.0300,0.1782
12.4600,7.6880,8.0700,472.9000,0.1125,7.4410,34.7700,0.1719
12.4400,7.6750,8.0130,471.2000,0.1112,7.2690,33.2000,0.1688
13.9400,7.6510,8.1770,469.6000,0.1002,7.0520,25.2300,0.1563
13.7100,7.6510,8.1440,467.0000,0.1035,7.0400,30.6900,0.1629
12.9900,7.6940,8.2870,465.6000,0.1097,7.0770,36.0400,0.1658
12.7100,7.6560,8.0670,464.9000,0.1097,7.0770,33.1200,0.1658
12.4800,7.6380,7.9470,464.1000,0.1056,7.0400,31.2800,0.1683
12.4600,7.6670,8.2000,461.7000,0.1029,6.9820,32.7100,0.1651
13.7500,7.7020,8.6740,455.8000,0.1051,6.9560,31.5600,0.1488
13.8200,7.7340,8.8410,455.0000,0.1042,6.8150,33.3900,0.1476
13.3400,7.6650,8.2830,456.6000,0.1029,6.9440,31.6200,0.1460
13.0600,7.6420,8.1000,455.9000,0.1010,6.8550,34.9000,0.1494
12.8500,7.6620,8.2020,452.1000,0.1070,6.8890,36.6100,0.1403
13.1500,7.5680,7.6040,456.9000,0.0911,6.8950,23.9700,0.1378
14.4700,7.6240,8.3360,452.8000,0.0950,6.7860,30.7000,0.1274
14.3700,7.6510,8.4520,450.7000,0.0937,6.8440,33.7700,0.1288
13.7200,7.6830,8.5420,448.0000,0.1021,6.7990,33.5700,0.1227
13.4800,7.6780,8.4870,448.3000,0.1021,6.7990,30.1200,0.1227
13.2500,7.6610,8.3030,447.7000,0.0987,6.8290,34.6800,0.1166
13.3300,7.6770,8.4790,446.3000,0.0919,6.8030,29.1900,0.1075
14.8300,7.7330,9.2610,445.0000,0.0855,6.6580,21.5200,0.0946
14.4000,7.8110,9.6600,443.5000,0.0918,6.6990,29.0000,0.0874
13.5800,7.7730,9.1340,443.7000,0.0998,6.7670,35.8300,0.0940
13.1700,7.7420,8.8670,443.8000,0.0998,6.7670,39.3500,0.0940
12.8200,7.6570,8.2970,446.7000,0.0911,6.6640,30.3500,0.1045
12.9400,7.6960,8.5430,444.1000,0.0928,6.6270,29.3600,0.0971
13.9400,7.7230,9.0910,442.9000,0.0842,6.5650,22.8100,0.0911
13.8500,7.8000,9.5430,440.9000,0.0945,6.7520,37.6500,0.0876
13.0900,7.7730,9.1880,441.8000,0.0983,6.5220,40.2200,0.0925
12.7100,7.6730,8.5970,443.9000,0.0983,6.5220,32.5300,0.0925
12.3700,7.6860,8.5370,443.0000,0.0950,6.5780,32.9700,0.0917
12.4800,7.7130,8.7940,442.6000,0.0930,6.5660,31.8400,0.0814
14.2200,7.7630,9.7510,441.0000,0.0815,6.3960,21.2300,0.0750
13.8600,7.8300,10.1130,439.2000,0.0826,6.4440,24.9500,0.0798
13.1000,7.8350,9.7700,439.2000,0.0973,6.4230,36.8300,0.0815
12.7000,7.7280,9.0850,440.8000,0.0926,6.4810,29.4700,0.0864
12.4300,7.7490,9.3470,441.2000,0.0945,6.4990,31.3800,0.0895
12.6700,7.6060,8.3580,441.8000,0.0776,6.4140,17.4600,0.0932
13.7000,7.9050,10.7100,468.6000,0.0925,6.2640,26.6000,0.0770
13.9500,7.9580,10.9330,460.0000,0.0999,6.2690,33.8600,0.0799
13.3900,7.7950,9.7180,452.4000,0.1018,6.1790,32.4600,0.0877
13.2800,7.6910,9.1540,441.4000,0.1018,6.1790,27.0300,0.0877
13.1800,7.6320,8.6300,432.4000,0.0894,6.2330,23.2600,0.0837
13.2800,7.6490,8.8710,425.0000,0.0855,6.1080,21.0700,0.0813
14.5200,7.7840,10.3210,416.5000,0.0846,6.0250,22.6800,0.0748
14.5900,7.9260,10.9830,410.2000,0.0922,6.0060,27.6700,0.0776
13.8600,7.7170,9.6420,401.0000,0.0791,5.9400,25.6200,0.0929
13.6300,7.8300,9.8660,397.9000,0.0965,5.9830,31.1500,0.0878
13.3300,7.7730,9.3490,391.1000,0.0960,6.1200,31.3900,0.0984
13.2400,7.7180,9.1370,383.7000,0.0887,6.1110,24.5500,0.0990
14.4400,7.9200,10.6960,382.1000,0.0911,6.0200,26.4400,0.0949
14.2200,7.9790,10.9330,377.5000,0.0906,6.0730,25.2200,0.0956
13.1500,7.8240,9.7670,372.9000,0.0904,6.0570,24.8700,0.1099
12.7300,7.7920,9.4480,371.3000,0.0909,5.9820,28.8100,0.1159
12.3500,7.7840,9.2450,370.2000,0.0924,6.1020,29.3200,0.1210
12.3800,7.7280,9.1180,366.7000,0.0822,6.0090,21.3400,0.1145
13.9600,7.8140,10.1250,368.1000,0.0780,6.0900,17.1300,0.1122
13.5500,7.8650,10.3030,367.4000,0.0798,6.1460,18.5500,0.1151
12.6100,7.7870,9.5080,366.4000,0.0855,6.1580,23.8900,0.1238
12.2300,7.7630,9.3580,367.6000,0.0856,6.1710,22.4000,0.1272
11.8900,7.6190,8.3780,359.3000,0.0767,6.3280,15.1900,0.1248
11.8900,7.6670,8.6960,362.8000,0.0788,6.2840,16.0500,0.1276
13.1900,7.7930,9.8010,368.2000,0.0814,6.4120,16.2500,0.1291
13.2000,7.7570,9.7860,364.1000,0.0766,6.3860,12.6100,0.1260
12.5600,7.6700,8.9840,363.5000,0.0742,6.4040,12.8000,0.1288
12.0700,7.6670,8.7260,365.2000,0.0743,6.4390,12.5900,0.1380
11.9700,7.6060,8.3120,362.4000,0.0692,6.3840,10.8000,0.1305
12.1300,7.5780,8.1600,359.5000,0.0632,6.2240,7.0000,0.1229
12.7700,7.7790,9.6560,494.4000,0.0781,6.5630,77.6200,0.1689
13.4400,7.6530,9.1870,471.0000,0.0633,6.2280,22.2500,0.1338
12.7800,7.7360,9.3520,518.0000,0.0687,6.4860,13.1200,0.1498
12.7400,7.6220,8.4990,507.6000,0.0681,6.4760,10.6500,0.1503
12.3700,7.6720,8.6450,519.4000,0.0695,6.5740,13.8300,0.1595
12.6500,7.6100,8.2990,510.3000,0.0666,6.5810,8.2700,0.1547
13.1900,7.7570,9.5610,527.2000,0.0697,6.7500,12.1500,0.1595
13.3700,7.8010,9.9320,526.5000,0.0689,6.7230,12.2100,0.1530
12.8000,7.6730,8.8250,520.5000,0.0669,6.5810,10.8000,0.1550
12.3300,7.7410,8.9620,536.3000,0.0770,6.8400,16.8000,0.1731
12.0800,7.6480,8.4200,521.1000,0.0641,6.6810,10.0800,0.1535
11.7200,7.7390,8.9200,536.4000,0.0692,6.7190,12.9700,0.1614
13.0500,7.8330,10.1330,538.4000,0.0671,6.8470,9.8300,0.1450
13.0000,7.8490,10.3060,531.7000,0.0669,6.8130,10.0600,0.1414
11.8800,7.8330,9.6460,543.6000,0.0727,6.9760,13.9600,0.1444
11.5000,7.7340,8.9570,535.4000,0.0692,6.7360,12.4500,0.1433
11.2900,7.6890,8.5870,534.5000,0.0681,6.8010,12.9000,0.1479
11.3500,7.6890,8.6800,535.6000,0.0680,6.6870,11.0900,0.1461
12.0500,7.6380,8.6690,519.7000,0.0631,6.5010,6.4600,0.1335
11.5400,7.7180,9.0000,539.8000,0.0644,6.7400,7.9100,0.1423
11.6100,7.6430,8.1910,533.1000,0.0617,6.6950,7.6000,0.1465
11.4400,7.6270,8.1310,525.4000,0.0613,6.7260,6.5000,0.1712
11.0000,7.6510,8.1960,531.0000,0.0645,6.7120,7.9000,0.1696
10.6700,7.7130,8.6140,547.3000,0.0672,6.8450,10.9700,0.1726
10.9800,7.8220,9.9600,549.0000,0.0660,7.0520,10.6100,0.1675
10.9200,7.8670,10.2960,543.1000,0.0634,7.0500,8.1000,0.1677
10.1700,7.7950,9.3370,547.4000,0.0662,6.9480,9.9200,0.1801
10.0300,7.7170,8.8430,535.7000,0.0602,6.7800,7.7200,0.1644
9.3700,7.7690,9.0000,553.8000,0.0662,7.0550,11.2200,0.1914
9.7800,7.7230,8.8970,544.2000,0.0648,7.0090,6.7600,0.1852
10.8100,7.8190,10.0450,551.7000,0.0648,7.0090,7.7400,0.1852
9.1300,7.7660,9.0610,557.1000,0.0637,7.0990,7.9600,0.1906
9.9900,7.6700,8.8250,522.5000,0.0559,6.6200,3.5100,0.1536
10.8000,7.8250,10.2760,558.3000,0.0606,6.8700,6.1400,0.1867
10.7300,7.8560,10.5010,558.5000,0.0662,6.9140,5.6400,0.1984
9.8400,7.7840,9.5580,557.6000,0.0610,6.9210,6.1100,0.1918
9.4600,7.7520,9.2770,559.5000,0.0619,6.8820,6.9000,0.1953
9.1700,7.7530,9.1160,562.9000,0.0615,6.9930,7.0500,0.2019
9.3700,7.7340,9.0990,557.7000,0.0598,6.9500,5.4400,0.2039
10.4000,7.8000,10.1800,559.8000,0.0563,7.0180,5.1600,0.1476
10.5100,7.8370,10.4330,559.6000,0.0567,6.8520,5.9200,0.1468
10.0600,7.7520,9.3180,557.5000,0.0549,6.8980,6.0900,0.1538
9.9500,7.7410,9.0290,560.0000,0.0564,6.9450,6.5000,0.1609
9.9200,7.7290,8.8520,561.3000,0.0563,6.9520,6.8300,0.1660
9.9600,7.7130,8.7930,560.6000,0.0574,6.9040,6.8300,0.1682
11.1200,7.7760,10.0020,558.7000,0.0561,6.9120,6.4100,0.1625
10.8900,7.8220,10.2310,560.1000,0.0600,7.0590,7.4400,0.1793
10.2800,7.7570,9.2750,557.0000,0.0555,6.9340,5.9400,0.1716
9.7400,7.7410,8.9740,559.3000,0.0571,6.9370,6.8400,0.1785
9.3300,7.7180,8.7850,557.0000,0.0544,6.9590,6.6200,0.1709
9.2800,7.7790,9.3150,566.4000,0.0626,7.0120,9.4900,0.2110
10.6200,7.8330,10.3480,563.9000,0.0586,7.0600,6.5400,0.1973
11.0800,7.8510,10.6840,557.5000,0.0560,6.9180,6.1000,0.1774
10.1000,7.7710,9.3840,557.8000,0.0521,6.8210,6.2700,0.1663
9.6900,7.7420,8.9310,558.5000,0.0551,6.8960,6.4500,0.1811
9.5000,7.7250,8.8140,557.0000,0.0555,6.9590,7.4800,0.1794
9.4600,7.7180,8.8380,557.8000,0.0570,6.8780,6.8800,0.1839
10.4200,7.8080,9.9870,560.5000,0.0596,7.0060,7.5300,0.2046
11.0100,7.8250,10.6420,565.6000,0.0546,6.9810,5.6800,0.1877
10.6300,7.7360,9.3550,558.6000,0.0522,6.8550,4.9900,0.1797
10.4900,7.7150,8.9770,557.3000,0.0522,6.7990,5.0700,0.1885
10.3200,7.7580,9.1000,565.0000,0.0549,7.0250,6.1400,0.2209
10.3900,7.7420,8.9470,561.2000,0.0562,6.9700,5.5900,0.2256
10.6100,7.8160,9.8000,565.7000,0.0584,7.1190,6.3000,0.2372
11.0500,7.8690,10.4040,564.7000,0.0569,7.1470,4.9700,0.2268
10.7300,7.8250,9.7540,566.3000,0.0589,7.2400,6.2900,0.2422
10.6500,7.8130,9.6100,565.8000,0.0593,7.2230,6.6200,0.2405
10.6000,7.8030,9.4550,566.8000,0.0612,7.3440,6.7800,0.2501
10.6600,7.7950,9.3890,567.5000,0.0603,7.2820,6.1300,0.2497
10.8600,7.8080,9.5280,567.4000,0.0607,7.1660,5.3200,0.2467
11.2300,7.8460,10.1360,566.6000,0.0576,7.3390,4.9800,0.2340
11.1500,7.8110,9.5060,567.9000,0.0585,7.2800,5.6800,0.2392
11.0900,7.7900,9.1340,569.8000,0.0601,7.3610,7.1600,0.2455
11.3500,7.7630,8.7730,568.3000,0.0587,7.2860,7.9000,0.2353
11.5200,7.7570,8.6230,569.9000,0.0618,7.3300,7.8000,0.2528
11.1600,7.8080,9.1570,566.9000,0.0623,7.2890,7.1500,0.2581
10.3300,7.8930,9.7590,570.4000,0.0630,7.5390,8.8800,0.2527
9.4600,7.8910,9.4580,574.3000,0.0632,7.5710,11.0500,0.2647
8.7000,7.9180,9.5660,580.7000,0.0679,7.8200,13.8100,0.2937
8.0800,7.9360,9.6140,585.7000,0.0680,8.0200,15.0700,0.3129
8.0500,7.9410,9.7650,590.3000,0.0677,8.0250,14.3500,0.3208
8.9800,8.0250,10.8010,591.7000,0.0659,7.9750,13.7900,0.3150
8.9700,8.0290,10.7730,590.0000,0.0649,7.8070,11.1900,0.3239
8.0700,7.9970,9.9700,597.6000,0.0676,7.9140,13.0200,0.3682
8.0900,7.8810,9.4400,584.7000,0.0644,7.7070,10.1500,0.3469
7.8500,7.9070,9.5210,595.8000,0.0768,8.1500,10.1000,0.4456
7.6800,7.9470,9.7910,606.2000,0.0847,8.0300,12.1100,0.5006
9.2100,7.9370,10.4100,589.9000,0.0697,7.7700,7.6400,0.3916
9.2300,7.9340,10.2880,584.8000,0.0683,7.6880,5.5700,0.3803
8.7500,7.8540,9.3430,580.6000,0.0731,7.9350,5.0000,0.4198
8.5100,7.8190,9.0720,580.5000,0.0731,7.6380,5.1200,0.4185
8.0600,7.8560,9.1690,595.6000,0.0844,7.9790,6.3300,0.5050
7.7600,7.9050,9.4390,615.1000,0.1023,8.4090,8.1500,0.6348
9.2700,7.8560,9.8490,585.8000,0.0837,7.9110,4.0400,0.4864
9.3200,7.8970,10.1410,586.1000,0.0861,7.8070,4.0000,0.4886
8.0400,7.9230,9.5250,614.9000,0.1075,8.3940,8.5300,0.6578
7.8700,7.9070,9.4690,616.9000,0.1187,8.3600,9.6500,0.7188
7.8100,7.8080,8.8110,596.4000,0.0983,7.9590,5.5500,0.5901
7.7900,7.8140,9.0050,598.5000,0.1092,8.1700,5.7700,0.6474
8.3600,7.9180,10.1100,622.8000,0.1177,8.3200,7.1100,0.7034
8.5200,7.9310,10.0560,621.0000,0.1152,8.3050,6.5500,0.6939
8.5900,7.8170,9.3380,597.7000,0.0904,7.8170,4.2100,0.5156
8.0100,7.8450,9.4090,612.6000,0.1024,8.2560,5.7900,0.6262
7.9600,7.7890,9.0140,602.9000,0.0868,7.8840,4.8100,0.5168
7.9700,7.7890,9.0540,606.3000,0.0875,7.8580,4.7300,0.5150
8.4400,7.9070,9.9690,627.8000,0.0970,8.3700,6.2900,0.5760
9.4200,7.8850,10.4410,609.1000,0.0864,8.0790,5.2400,0.4844
8.2900,7.9020,9.7010,626.5000,0.0895,8.3170,6.2600,0.5347
8.0300,7.8530,9.3160,618.4000,0.0784,7.9470,4.8500,0.4659
7.7000,7.8610,9.1300,631.4000,0.0850,8.3030,5.9200,0.5215
7.6400,7.8570,9.1110,631.8000,0.0838,8.2960,5.9100,0.5152
8.4600,7.9050,10.0600,629.4000,0.0848,8.4510,5.4600,0.5128
8.6900,7.9360,10.3570,626.5000,0.0841,8.3220,4.9500,0.5112
8.2600,7.8890,9.6350,629.7000,0.0855,8.3830,5.9900,0.5366
8.0900,7.8670,9.3840,631.8000,0.0868,8.5440,7.7600,0.5654
8.0600,7.8510,9.2750,636.9000,0.0908,8.5750,7.2100,0.6123
8.0700,7.8450,9.1400,639.3000,0.0909,8.6880,6.1600,0.6331
8.5100,7.8780,9.6910,638.7000,0.0900,8.7760,6.1800,0.6291
8.8600,7.9090,10.0540,641.9000,0.0877,8.6120,5.4300,0.6278
8.4600,7.8780,9.4000,642.2000,0.0900,8.6780,6.7000,0.6380
8.2800,7.8610,9.2320,645.3000,0.0920,8.8520,7.7900,0.6602
8.2700,7.8460,9.0720,646.0000,0.0919,8.8940,7.3000,0.6546
8.2700,7.8460,9.0680,647.2000,0.0906,8.8730,6.8100,0.6472
8.6300,7.8780,9.6520,651.2000,0.0911,8.9730,6.3100,0.6360
8.8400,7.9020,9.8860,649.6000,0.0889,8.8980,5.9900,0.6198
8.8000,7.8780,9.4880,651.7000,0.0877,9.0690,6.9300,0.6142
8.7000,7.8670,9.2960,652.7000,0.0889,8.9880,7.8700,0.6046
8.6800,7.8570,9.2370,653.7000,0.0875,9.1580,7.9000,0.6024
8.5500,7.8620,9.1490,652.8000,0.0864,9.1720,6.8600,0.5829
9.3500,7.9250,10.2430,649.2000,0.0838,9.1890,5.7500,0.5529
9.1700,7.9650,10.4460,647.8000,0.0837,9.1760,6.5100,0.5340
8.6000,7.9180,9.6680,643.5000,0.0834,9.2560,8.6000,0.5358
8.3700,7.9070,9.4730,642.3000,0.0836,9.1770,9.0500,0.5273
8.1700,7.9020,9.2880,639.5000,0.0827,9.2100,8.6400,0.5046
7.9800,7.9010,9.3000,635.4000,0.0808,9.0250,7.6100,0.4791
8.6500,7.9370,9.9600,625.1000,0.0793,8.9300,6.7400,0.4426
8.8400,7.9930,10.6330,619.1000,0.0776,8.8890,5.7100,0.4158
8.4100,7.9410,9.7580,614.8000,0.0782,8.7240,8.0900,0.4095
8.1100,7.9360,9.6040,608.2000,0.0779,8.6210,8.4800,0.3860
7.9600,7.9150,9.4630,602.1000,0.0776,8.5600,8.8200,0.3703
7.9300,7.9170,9.4810,596.1000,0.0757,8.4670,7.6600,0.3524
9.0200,7.9790,10.5610,585.4000,0.0742,8.2820,6.5700,0.3229
8.9300,8.0080,10.5300,579.5000,0.0726,8.1470,6.9800,0.3167
8.5100,7.9570,9.8750,573.9000,0.0740,7.9680,10.2800,0.3144
8.4700,7.9360,9.7480,566.5000,0.0745,7.8730,10.6200,0.3169
8.3600,7.9130,9.4730,561.0000,0.0748,7.7340,9.8700,0.3143
8.3700,7.9040,9.3750,555.5000,0.0737,7.6310,9.4100,0.3185
9.1100,7.9450,10.1220,550.6000,0.0730,7.5880,7.7700,0.3098
9.5100,8.0080,10.6800,546.4000,0.0713,7.5160,7.4300,0.2917
9.0200,7.9580,9.8280,540.3000,0.0731,7.4470,10.6000,0.2850
9.0200,7.9360,9.7490,533.7000,0.0733,7.2760,11.7400,0.2747
8.8500,7.9180,9.5100,528.2000,0.0740,7.1300,12.0100,0.2705
8.8300,7.9050,9.5150,529.3000,0.0742,7.1430,11.1100,0.2779
9.6600,7.9440,10.1910,532.9000,0.0733,7.0230,9.5100,0.1799
9.5000,7.9790,10.3840,530.2000,0.0739,7.0050,10.6000,0.1848
9.0100,7.9290,9.7980,530.5000,0.0747,7.0150,12.6700,0.2039
8.7800,7.9130,9.6950,528.6000,0.0765,7.0120,14.2800,0.2290
8.3000,7.9130,9.6160,521.5000,0.0760,6.9020,13.6300,0.2591
7.9100,7.9050,9.4770,522.1000,0.0737,6.7510,12.6500,0.2492
8.3900,7.9790,10.6450,520.7000,0.0731,6.7090,10.8600,0.2859
8.1700,8.0410,10.8850,517.0000,0.0744,6.5700,10.8600,0.3065
7.5700,7.9570,9.8080,518.1000,0.0759,6.7250,13.1500,0.3393
7.1900,7.9360,9.7500,518.0000,0.0742,6.7240,11.8600,0.3269
7.0800,7.9260,9.6380,516.5000,0.0746,6.5810,11.1200,0.3248
7.3500,7.9200,9.7090,511.2000,0.0756,6.4370,10.0000,0.3158
7.4900,7.9250,9.7690,507.7000,0.0744,6.4380,10.0100,0.2913
7.4900,7.9230,9.7690,504.1000,0.0711,6.3030,8.8700,0.2958
7.3200,7.9210,9.7700,503.3000,0.0734,6.3470,9.7400,0.2911
7.2200,7.9280,9.8330,502.5000,0.0740,6.7540,10.2200,0.2858
2.4300,7.8860,11.7780,500.2000,0.1469,8.1070,8.6000,1.0173
2.2800,7.8830,11.8420,505.3000,0.1541,7.7040,19.3500,0.9914
2.1900,7.8730,11.7500,505.5000,0.1485,7.7210,16.0200,0.9878
2.1600,7.8750,11.7450,506.0000,0.1385,7.7520,8.8700,0.9670
3.2800,7.9070,12.4090,503.8000,0.1366,7.6330,8.2400,0.9599
3.0700,7.9200,12.4440,502.4000,0.1348,7.7260,8.0600,0.9536
2.5700,7.8780,11.8050,506.1000,0.1336,7.7020,8.3000,0.9503
2.6400,7.8670,11.7210,506.4000,0.1327,7.6670,10.6900,0.9419
2.6900,7.8510,11.6420,503.6000,0.1286,7.7110,10.3200,0.9411
2.3300,7.8560,11.6000,503.8000,0.1248,7.6850,8.6500,0.9234
2.3400,7.8810,11.9820,504.7000,0.1257,7.5860,7.3800,0.9291
2.2800,7.8970,12.0890,504.3000,0.1228,7.7000,8.0600,0.9110
2.0800,7.8590,11.5390,504.9000,0.1208,7.6070,8.4600,0.8958
1.9900,7.8510,11.4700,505.3000,0.1197,7.6150,8.9500,0.8890
1.8800,7.8480,11.4540,506.9000,0.1194,7.6270,9.0100,0.8984
2.0100,7.8300,11.3500,508.0000,0.1212,7.6190,11.7500,0.8854
2.7900,7.8750,12.0160,506.2000,0.1178,7.6840,9.7700,0.8952
2.0600,7.8480,11.4340,517.6000,0.1097,7.6120,7.1200,0.8687
2.0300,7.8490,11.4250,517.3000,0.1071,7.7490,5.5300,0.8898
1.9800,7.8490,11.3820,519.7000,0.1109,7.7470,9.5300,0.8862
2.6400,7.8700,11.8310,519.1000,0.1069,7.7200,6.1000,0.8730
2.4200,7.8850,11.9410,522.0000,0.1054,7.7820,5.3900,0.8673
2.1200,7.8480,11.3350,523.9000,0.1049,7.7440,5.0800,0.8745
2.0500,7.8400,11.2600,526.3000,0.1109,7.8520,10.1000,0.9082
1.8600,7.8460,11.3570,533.0000,0.1070,7.9730,7.5800,0.8817
1.9400,7.8430,11.3430,536.0000,0.1026,8.0180,4.6500,0.8882
2.3700,7.8800,11.8790,534.6000,0.1027,7.9850,5.3100,0.8883
1.9800,7.9210,12.0900,538.0000,0.1008,7.9810,3.7100,0.8817
1.6500,7.8690,11.3860,541.5000,0.1001,8.0920,5.6800,0.8993
1.5500,7.8620,11.3010,545.9000,0.0997,8.0350,6.7300,0.9053
1.5500,7.8410,11.1910,546.3000,0.0984,7.9670,6.2400,0.8775
1.5600,7.8430,11.1840,551.7000,0.1006,8.1140,5.4700,0.9219
2.2500,7.8830,11.8870,551.5000,0.1001,8.2620,5.8100,0.9348
2.3400,7.9130,12.2510,552.4000,0.0986,8.3130,5.2900,0.9200
1.9400,7.8850,11.6390,557.0000,0.1000,8.3240,5.5500,0.9344
1.8200,7.8480,11.1030,564.0000,0.1000,8.4930,5.4800,0.9881
1.8400,7.8460,10.9790,568.9000,0.1020,8.7290,5.0400,1.0847
1.7400,7.8450,10.9140,573.3000,0.1049,8.7720,5.1300,1.1725
2.0000,7.8890,11.5430,577.9000,0.1070,8.9610,6.5900,1.2330
1.8600,7.9260,11.8620,582.0000,0.1083,9.1290,5.2000,1.2978
1.4800,7.8730,11.0800,586.7000,0.1091,9.0860,6.2800,1.3238
1.4200,7.8480,10.8580,592.2000,0.1115,9.3050,11.5600,1.3961
1.3800,7.8410,10.8850,596.9000,0.1157,9.3510,14.4100,1.4815
1.4300,7.8400,10.8770,600.0000,0.1125,9.3540,6.6100,1.4893
2.0500,7.8690,11.4960,597.4000,0.1125,9.3540,4.0700,1.4893
1.9800,7.8810,11.5110,596.6000,0.1168,9.4030,6.5400,1.4443
1.7100,7.8460,10.8510,601.0000,0.1168,9.4030,6.2600,1.4443
1.6100,7.8320,10.6580,602.0000,0.1100,9.5520,5.2300,1.4032
1.5300,7.8240,10.7160,606.4000,0.1082,9.5770,6.1900,1.3740
1.5800,7.8220,10.6530,606.7000,0.1068,9.3760,6.6500,1.3294
2.0000,7.8690,11.5500,608.2000,0.1065,9.5400,4.7000,1.2767
2.0300,7.8800,11.8190,608.4000,0.1050,9.4660,4.0800,1.2349
1.6000,7.8290,11.1760,615.5000,0.1050,9.4660,4.4900,1.2349
1.6000,7.8130,11.0060,617.4000,0.1058,9.4830,4.8700,1.2304
1.5400,7.7950,10.8010,624.6000,0.1065,9.6230,3.2300,1.2196
2.1700,7.8330,11.6190,619.1000,0.1064,9.6970,2.7000,1.1998
2.1100,7.8650,11.9160,621.9000,0.1059,9.7210,2.7600,1.1839
1.6700,7.8320,11.1510,629.9000,0.1063,9.9170,3.3100,1.1904
1.6100,7.8080,10.7990,631.7000,0.1047,9.8960,4.0300,1.1962
1.5100,7.8010,10.7690,634.8000,0.1071,9.8320,3.5700,1.1958
1.5500,7.7980,10.8030,637.6000,0.1060,9.9370,2.4500,1.1929
2.2300,7.8450,11.6740,632.6000,0.1066,9.8950,2.4000,1.1744
2.2500,7.8700,11.9440,630.8000,0.1062,9.9230,2.0500,1.1619
1.8300,7.8410,11.3720,638.6000,0.1032,9.8800,3.2900,1.1552
1.7000,7.8130,10.8870,642.1000,0.1039,9.9280,6.7200,1.1519
1.6100,7.8080,10.9170,644.7000,0.1017,10.0380,3.3800,1.1465
1.6200,7.8010,10.8420,646.3000,0.0994,9.9460,2.5000,1.1364
2.0800,7.8480,11.8360,644.3000,0.0977,9.9500,7.8200,1.0798
2.0200,7.8640,11.8520,644.3000,0.0952,9.9460,2.7800,0.8582
1.7600,7.8250,11.0140,648.8000,0.0947,10.0580,2.7400,0.8643
1.6600,7.8060,10.7700,650.5000,0.0960,9.9790,4.0600,0.8906
1.6500,7.7980,10.7510,652.3000,0.0945,10.0620,2.3600,0.9070
1.6000,7.7970,10.7880,653.8000,0.0943,10.0830,1.8800,0.9516
2.1600,7.8460,11.7880,652.2000,0.0846,10.0390,1.6100,0.9707
2.1800,7.8850,12.1420,652.3000,0.0843,10.3120,1.4600,0.9726
1.6400,7.8320,11.1500,659.2000,0.0843,10.1480,2.0700,0.9819
1.5800,7.8060,10.8530,662.0000,0.0847,10.2260,2.7300,0.9867
1.5300,7.8000,10.8480,664.2000,0.0843,10.3420,2.4600,0.9755
1.5400,7.7930,10.8100,666.4000,0.0820,10.2310,1.7200,0.9688
2.0800,7.8250,11.8340,660.8000,0.0817,10.1390,3.8400,0.9341
2.0800,7.8750,12.3880,663.8000,0.0797,10.1920,0.7600,0.9021
1.6300,7.8220,11.3220,670.8000,0.0798,10.3770,2.1600,0.9044
1.5000,7.7840,10.7990,674.6000,0.0797,10.4030,2.2700,0.9093
1.4700,7.7770,10.8520,677.9000,0.0792,10.3690,2.3300,0.8938
1.4700,7.7760,10.8700,677.6000,0.0766,10.4590,1.5900,0.8756
2.0400,7.8380,12.0380,676.2000,0.0767,10.3120,1.7400,0.8387
2.0000,7.8960,12.6710,676.6000,0.0754,10.3100,0.8900,0.8274
1.6600,7.8350,11.5260,682.7000,0.0761,10.5500,2.3700,0.8282
1.5100,7.7950,11.0070,686.0000,0.0756,10.5170,1.7400,0.8388
1.4300,7.8010,11.1000,688.6000,0.0756,10.6900,1.7000,0.8275
1.4400,7.8000,11.1030,691.6000,0.0748,10.6050,1.1200,0.8171
2.0600,7.8480,12.1240,688.3000,0.0748,10.6870,0.9800,0.7941
2.1500,7.8810,12.5930,684.7000,0.0733,10.4660,0.7600,0.7731
1.7800,7.8370,11.5570,691.8000,0.0740,10.6170,1.7800,0.7735
1.6200,7.7950,10.9640,696.6000,0.0737,10.7290,1.5300,0.7910
1.5600,7.7870,10.9450,699.8000,0.0724,10.8600,1.3700,0.7964
1.5900,7.7980,11.0640,705.5000,0.0721,10.8560,1.2700,0.8005
2.1900,7.8530,12.2320,703.0000,0.0715,10.6580,0.9000,0.7883
2.0100,7.8690,12.2860,705.0000,0.0727,10.8680,0.7500,0.7870
1.7400,7.8170,11.2410,711.5000,0.0742,10.8340,1.3600,0.8031
1.6000,7.8090,11.2290,712.8000,0.0763,10.9850,1.3400,0.8068
1.5000,7.8050,11.1330,716.0000,0.0782,10.9570,1.3100,0.8262
1.4700,7.8050,11.0840,722.2000,0.0802,11.0280,1.2900,0.8490
1.8900,7.8370,11.7510,722.0000,0.0806,11.0950,0.9100,0.8620
1.7100,7.8350,11.5770,728.5000,0.0794,11.2450,0.8200,0.8710
1.5600,7.8140,11.1550,734.1000,0.0804,11.3710,1.2000,0.9106
1.4100,7.8110,11.0950,745.8000,0.0804,11.3710,1.6700,0.9106
1.3100,7.8140,11.0080,757.2000,0.0868,11.8370,1.5600,1.0563
1.3000,7.8140,11.0250,766.7000,0.0905,11.9890,1.5000,1.1193
1.8700,7.8380,11.7500,762.4000,0.0920,11.9650,2.1300,1.1194
1.7700,7.8410,11.8890,765.5000,0.0930,11.9610,2.8000,1.1259
1.4400,7.8090,11.1950,771.4000,0.0918,12.1170,1.4700,1.1271
1.3200,7.8090,11.2200,777.6000,0.0918,12.1170,1.4900,1.1271
1.2300,7.8060,11.2370,784.8000,0.0948,12.3090,1.4900,1.1710
1.2100,7.7980,11.2130,782.0000,0.0967,12.2950,1.4800,1.1891
1.8100,7.8460,12.2900,778.7000,0.0971,12.3310,1.3900,1.1673
1.9100,7.8830,12.7850,773.6000,0.0958,12.4860,1.4200,1.1619
1.4600,7.8350,11.8350,777.7000,0.0954,12.3800,2.1400,1.1427
1.3400,7.8060,11.4200,779.2000,0.0954,12.3800,2.8200,1.1427
1.2800,7.8010,11.3490,777.4000,0.0957,12.4040,2.2500,1.1502
1.2800,7.8030,11.4550,776.6000,0.0953,12.3670,2.0200,1.1511
2.0000,7.8720,12.9500,762.4000,0.0971,12.2130,1.9100,1.0108
2.0100,7.8910,13.1430,751.6000,0.0968,12.0170,2.0800,0.9826
1.6100,7.8400,12.1530,751.3000,0.0964,11.9600,2.9200,0.9003
1.4600,7.8090,11.7590,748.1000,0.0964,11.9600,3.1000,0.9003
1.2800,7.8010,11.5900,744.7000,0.0972,11.8050,2.7300,0.8879
1.3000,7.7890,11.5450,738.3000,0.0971,11.6850,2.6600,0.8789
2.0200,7.8670,12.9760,720.9000,0.0987,11.4480,2.7700,0.8668
2.0400,7.8890,13.2870,712.5000,0.1054,11.4650,5.7600,0.6262
1.6600,7.8300,12.2650,712.9000,0.1004,11.1400,4.6500,0.5908
1.5300,7.7950,11.6680,711.1000,0.1004,11.1400,4.3000,0.5908
1.3800,7.7770,11.4060,709.8000,0.0964,11.2180,3.7100,0.5446
1.3800,7.7690,11.4450,704.6000,0.0975,11.0600,3.9900,0.5223
2.0400,7.8380,12.7880,693.9000,0.1010,11.0540,6.5100,0.5048
2.1800,7.8730,13.3300,688.0000,0.0988,10.7220,4.6700,0.4809
1.7300,7.8110,12.1700,685.1000,0.0945,10.7610,4.3700,0.4621
1.5600,7.7740,11.5280,685.0000,0.0945,10.7610,4.3900,0.4621
1.4700,7.7550,11.4420,681.6000,0.0924,10.6900,4.0200,0.4358
1.4900,7.7530,11.4350,682.3000,0.0927,10.5440,3.6900,0.4240
2.2500,7.8460,13.0190,670.1000,0.0962,10.4660,3.3800,0.4027
2.2900,7.8770,13.4440,663.6000,0.1159,10.3660,17.1700,0.3888
1.8100,7.7870,11.9830,660.9000,0.0976,10.3130,7.0300,0.9988
2.3300,7.8640,13.3560,652.5000,0.0981,10.1230,10.8000,0.9514
1.8000,7.7950,12.2960,654.9000,0.0883,10.0810,4.0500,0.9290
1.6500,7.7500,11.5670,657.0000,0.0883,10.0810,3.5100,0.9290
1.6200,7.7310,11.4480,655.7000,0.0857,9.9890,3.3400,0.9034
1.6500,7.7230,11.3830,653.8000,0.0841,9.8970,3.6000,0.8780
2.2800,7.8240,12.9000,656.8000,0.0871,9.9240,4.6900,0.8776
2.3200,7.8460,13.3290,649.7000,0.0924,9.9300,7.2300,0.8594
1.9000,7.7660,12.1910,652.0000,0.0846,9.9470,4.5900,0.8509
1.7600,7.7340,11.7510,654.1000,0.0846,9.9470,4.3800,0.8509
1.6400,7.7050,11.3860,655.5000,0.0817,9.9700,3.7400,0.8381
1.8100,7.6810,11.2640,650.1000,0.0852,9.8270,3.4700,0.8378
2.3600,7.7890,12.7680,653.6000,0.1142,10.0840,14.5200,0.9309
2.3900,7.8240,13.1480,652.2000,0.1429,10.3410,9.0900,1.1394
1.9600,7.7790,12.2700,657.8000,0.1510,10.4330,6.3700,1.2232
1.8500,7.7340,11.5730,666.7000,0.1510,10.4330,4.6600,1.2232
1.6900,7.6990,10.9370,671.5000,0.2108,10.8910,4.6200,1.6549
1.6800,7.6990,10.7680,677.0000,0.2577,11.1360,5.0000,1.9197
2.4400,7.7850,12.3760,672.8000,0.2954,11.3910,8.9700,2.0693
2.5200,7.8210,12.8720,673.3000,0.3291,11.4260,6.8900,2.2312
1.9900,7.7500,11.4310,679.9000,0.3527,11.4660,6.2900,2.3896
1.7800,7.7020,10.5610,685.9000,0.3669,11.7710,6.0800,2.4620
1.8000,7.6930,10.5110,690.3000,0.3776,11.6580,6.2000,2.4916
1.7400,7.6770,10.0480,690.2000,0.3806,11.7730,5.8300,2.5001
2.0300,7.7250,10.8520,687.9000,0.3903,11.7410,10.0000,2.5381
1.9800,7.7280,10.7390,686.6000,0.3764,11.6020,16.9100,2.3914
1.7700,7.6890,9.9520,688.2000,0.3436,11.5590,6.5700,2.2569
1.6500,7.6800,9.7070,688.9000,0.3436,11.5590,10.5900,2.2569
1.5500,7.6730,9.6010,690.6000,0.3013,11.3400,21.0400,1.9984
1.6100,7.6670,9.5990,688.1000,0.2762,11.1010,12.1100,1.8695
2.3800,7.7520,11.2240,684.4000,0.2609,11.1670,6.7400,1.7480
2.4500,7.7730,11.5970,680.6000,0.2382,10.9950,7.8400,1.6026
2.0100,7.7390,10.6880,684.4000,0.2234,10.9700,6.4500,1.5517
1.7300,7.6890,9.8630,686.6000,0.2221,10.9140,29.6400,1.4759
1.7100,7.6860,9.7870,687.0000,0.2083,10.7540,28.1500,1.4153
1.6700,7.6800,9.6590,687.9000,0.1860,10.8650,9.3000,1.3401
2.4300,7.7340,11.0370,684.3000,0.1640,10.6920,5.3900,1.3559
2.4600,7.5310,11.7400,683.0000,0.1554,10.4890,5.1400,1.3017
1.9600,7.5110,10.5590,686.3000,0.1416,10.6170,4.6400,1.2435
1.8100,7.5060,10.4470,689.7000,0.1344,10.5340,4.0900,1.1973
1.6900,7.5030,10.3570,691.7000,0.1279,10.6460,3.8600,1.1417
1.6600,7.5230,10.4870,696.0000,0.1174,10.6810,3.5100,1.0697
2.2600,7.6400,11.6570,693.3000,0.1097,10.6180,3.8600,0.9842
2.0200,7.6460,11.2110,700.1000,0.1045,10.5090,3.6100,0.9501
1.8000,7.6060,10.9280,704.3000,0.0989,10.5310,3.3300,0.8961
1.6300,7.6140,11.1570,713.3000,0.0882,10.6100,3.5300,0.8128
1.5000,7.6060,10.9650,721.7000,0.0823,10.5470,2.7900,0.7624
1.4500,7.6370,11.2730,733.0000,0.0750,10.7120,2.4000,0.6970
2.0900,7.7460,12.1900,730.4000,0.0730,10.8710,2.8300,0.6341
1.9200,7.7520,12.0730,732.3000,0.0743,10.7510,4.1500,0.6457
1.6700,7.6920,11.5510,737.4000,0.0707,10.7830,2.7300,0.6321
1.4800,7.7060,11.6230,745.5000,0.0668,10.7600,3.1500,0.6147
1.3800,7.6940,11.5420,749.4000,0.0665,10.9150,3.0300,0.6269
1.3900,7.6970,11.5670,752.3000,0.0662,10.8670,2.5700,0.6395
2.0900,7.8120,12.6050,744.5000,0.0694,10.8870,4.1200,0.6404
2.1700,7.8800,12.9520,740.9000,0.0716,10.8360,5.7400,0.6377
1.8100,7.7690,12.0540,743.3000,0.0685,11.0610,3.9200,0.6544
1.8000,7.7520,11.8320,740.0000,0.0671,10.8620,2.1600,0.6840
1.7400,7.7320,11.7320,734.5000,0.0684,10.8230,3.0900,0.7036
1.7500,7.7260,11.6110,725.4000,0.0689,10.7560,2.4800,0.7357
1.9700,7.8230,12.3010,716.1000,0.0833,10.7230,8.9900,0.7575
2.1100,7.8490,12.4610,701.7000,0.0773,10.4890,8.0600,0.7797
1.8800,7.7630,11.8490,696.2000,0.0745,10.3690,3.6400,0.7867
2.0400,7.7230,11.6410,674.1000,0.0745,10.3690,3.4600,0.7867
1.7300,7.7370,11.4500,656.7000,0.0802,9.9930,4.1500,0.8647
1.9500,7.8060,12.1660,651.2000,0.0849,9.8250,4.2800,0.8909
2.0700,7.9610,12.7720,639.7000,0.0856,9.6740,6.8500,0.9063
1.4700,7.7950,11.6660,640.0000,0.0832,9.6010,4.1100,0.9230
1.2600,7.7750,11.4860,633.4000,0.0878,9.6010,7.5800,0.9690
1.3300,7.7090,11.2830,627.1000,0.0847,9.4860,6.3300,0.9536
1.3700,7.6830,11.2430,620.1000,0.0855,9.1860,11.7200,0.8282
1.5400,7.8830,12.5050,622.1000,0.1054,9.5370,20.2500,0.9058
1.4200,8.0610,13.0240,619.7000,0.0860,9.3040,5.4400,0.9831
0.8800,7.8090,11.6170,619.1000,0.0863,9.1840,4.0200,1.0246
0.9200,7.7630,11.3550,617.5000,0.0826,9.2450,3.7200,0.9934
0.9100,7.7230,11.4010,622.5000,0.0788,9.2250,3.4900,0.9296
0.9100,7.6830,11.2110,611.3000,0.0795,9.0090,4.0300,0.9020
1.3800,7.8320,12.2040,614.4000,0.0869,9.2000,4.0500,1.0419
1.4000,7.9520,13.9140,606.2000,0.0925,9.1020,4.9900,1.0873
1.2800,7.8800,13.7640,607.1000,0.0860,8.9530,4.1800,0.9926
1.2300,7.7030,12.4950,607.3000,0.0840,8.9460,3.7700,1.0086
1.2900,7.6310,12.0870,608.3000,0.0816,9.1440,3.7000,1.0121
1.3900,7.6200,12.0620,607.6000,0.0832,8.9170,3.6100,1.0403
2.1400,7.7860,13.5930,598.7000,0.0870,9.0290,3.5400,1.0525
2.3800,7.9060,14.5770,588.0000,0.0890,8.8430,3.7800,1.0349
1.9100,7.7660,13.3550,589.7000,0.0854,8.8610,4.1600,1.0403
1.8100,7.5890,12.1740,589.6000,0.0817,8.7560,4.2700,1.0035
1.8200,7.5110,11.6720,588.6000,0.0829,8.6890,4.8200,1.0339
1.8200,7.5310,11.7680,587.3000,0.0878,8.7970,3.5900,1.1328
2.3000,7.8090,13.8440,585.3000,0.1013,9.0020,4.2000,1.2333
2.5500,7.9490,14.7490,576.2000,0.1124,8.7900,9.4900,1.2828
2.0300,7.7370,13.2140,581.1000,0.1103,8.9510,5.2400,1.3735
1.8600,7.6230,12.3650,583.5000,0.1106,9.0740,4.3300,1.4258
1.7700,7.5770,12.0570,585.7000,0.1107,9.1370,4.1600,1.4701
1.8300,7.5510,11.9840,585.3000,0.1164,9.0450,4.6500,1.4796
2.5200,7.7830,13.9020,584.9000,0.1249,8.9880,6.5500,1.5287
2.7900,7.9460,15.0020,575.5000,0.1216,8.9970,5.2700,1.5026
2.2500,7.7260,13.2330,584.3000,0.1168,9.0170,4.6700,1.5243
2.0700,7.5660,12.1090,582.8000,0.1104,9.1080,4.1800,1.4893
2.0600,7.5570,12.0860,588.5000,0.1112,9.0740,3.7000,1.5190
2.1200,7.5030,11.8800,583.9000,0.1078,9.0130,2.8200,1.4870
2.7600,7.8660,14.0280,588.0000,0.1236,8.9900,10.7100,1.5718
2.9600,7.9060,14.9960,581.2000,0.1191,8.9510,11.0900,1.3998
2.4300,7.6970,13.4030,586.4000,0.1085,8.9440,5.6700,1.2368
2.2200,7.5910,12.4820,593.0000,0.1043,8.9110,3.2500,1.0244
2.1300,7.5710,12.5550,597.0000,0.1088,9.0610,3.2600,0.7969
2.1300,7.5310,12.1900,597.9000,0.1030,8.9160,4.5900,0.5860
2.6500,7.8030,14.3850,596.9000,0.1134,8.9650,7.3700,0.6122
3.4300,8.1270,16.6720,590.0000,0.1028,8.8420,4.5200,0.5059
2.4200,7.8030,14.0170,598.5000,0.1085,8.9300,3.3700,0.3790
2.2500,7.6430,12.8730,602.4000,0.1042,8.9120,3.4700,0.2864
2.1700,7.5800,12.5430,607.4000,0.1105,9.0360,2.7000,0.2048
2.2100,7.5740,12.5300,610.6000,0.1091,8.9660,3.1900,0.1297
3.1100,7.7830,14.4080,605.2000,0.1234,9.1300,3.6200,0.0796
3.4600,8.0580,16.0380,597.5000,0.1119,9.0380,2.2400,0.3732
2.9000,7.8030,14.2330,604.9000,0.1138,9.0450,3.5400,0.2809
2.6200,7.6430,12.9690,610.5000,0.1125,9.0810,2.5300,0.2113
2.6500,7.6140,12.7260,612.1000,0.1125,9.0810,2.4100,0.2113
2.6100,8.2380,16.5120,641.5000,0.1242,9.6170,3.6200,0.1279
2.0100,7.9980,15.2950,649.0000,0.1181,9.6540,2.5100,0.3180
1.8800,7.6860,13.4320,654.5000,0.1135,9.6360,2.1200,0.3979
1.8600,7.5830,12.8690,658.5000,0.1121,9.5820,2.6100,0.4406
1.9300,7.5800,12.9920,660.0000,0.1121,9.6470,1.3000,0.4491
3.1700,8.1780,17.2490,640.7000,0.1123,9.3170,5.2800,0.4171
2.6500,7.9120,15.4410,650.6000,0.1096,9.3730,2.4700,0.4098
2.4500,7.7320,14.3520,658.0000,0.1068,9.6330,1.7000,0.4060
2.4100,7.6740,14.1800,664.0000,0.1079,9.6160,1.3700,0.4079
2.4800,7.6830,14.1980,664.2000,0.1127,9.7120,4.5600,0.3927
2.9000,7.8180,15.4130,665.3000,0.1170,9.7890,14.4200,0.3749
3.2800,8.1210,17.3120,657.2000,0.1090,9.5700,10.4600,0.3540
2.7700,7.9720,16.0930,664.4000,0.1008,9.6050,3.2200,0.3438
2.4800,7.7550,14.5770,672.8000,0.0962,9.7130,1.4300,0.3497
2.4100,7.7030,14.3880,678.3000,0.1025,9.8120,4.1500,0.3439
2.3000,7.6540,14.0720,684.1000,0.0967,9.8190,1.5900,0.3421
3.2500,8.0810,17.0090,674.9000,0.1064,9.8200,1.0300,0.3199
3.5700,8.3410,18.5370,666.7000,0.0948,9.6150,0.4500,0.3008
2.8600,8.1380,17.0370,670.6000,0.0930,9.5120,1.4300,0.2786
2.5400,7.8490,15.4660,677.1000,0.0929,9.6910,2.2700,0.2864
2.6700,7.7970,15.5140,681.0000,0.0976,9.7960,1.4800,0.2814
2.7400,7.8090,15.6800,682.0000,0.0986,9.9260,2.6000,0.2731
3.3600,8.0350,17.2560,677.1000,0.0974,9.7210,5.7800,0.2537
3.8800,8.4070,19.7590,661.2000,0.1041,9.6830,11.3000,0.2521
3.1600,8.2300,18.1490,668.0000,0.0939,9.4890,6.2200,0.2341
3.1100,7.9490,16.7340,676.7000,0.0917,9.7760,1.4600,0.2302
2.9500,7.8120,15.8140,676.8000,0.0858,9.7980,1.2500,0.2328
2.9500,7.7830,15.7000,676.1000,0.0860,9.8120,1.1200,0.2164
3.7200,8.1120,17.9580,670.3000,0.0952,10.1800,5.8600,0.2921
4.1200,8.4100,19.3940,661.5000,0.0925,9.7230,6.1800,0.5466
3.3200,8.2840,18.2440,668.0000,0.0879,9.6710,4.4000,0.6244
2.9200,7.9860,16.7010,674.5000,0.0890,9.7890,6.9500,0.6503
2.7800,7.8460,16.0670,682.1000,0.0839,9.8640,3.7700,0.6561
2.9900,7.8630,16.5120,687.5000,0.0833,9.8860,1.5400,0.6527
3.8300,8.0690,17.9670,678.7000,0.1040,10.0010,14.9400,0.6567
4.5000,8.4700,20.6990,667.2000,0.0837,9.7420,1.6000,0.5970
3.5100,8.3210,19.1230,675.8000,0.0821,9.6830,2.1500,0.5665
3.1800,8.0580,17.4840,683.4000,0.0821,9.6830,1.6900,0.5665
3.0300,7.9090,16.6860,689.1000,0.0789,9.9800,1.9200,0.5672
3.0000,7.9010,16.6590,692.9000,0.0816,9.8830,1.6700,0.5627
4.0800,8.2440,16.1620,689.2000,0.0857,10.0100,3.4800,0.6206
4.7000,8.5850,17.6750,678.3000,0.0872,9.9580,0.9600,0.8666
3.6700,8.3990,17.4460,685.1000,0.0808,9.9840,1.4400,0.8667
3.2500,8.1440,16.2830,689.7000,0.0805,9.8890,2.7900,0.8641
3.5200,8.1520,16.5110,696.2000,0.0911,10.3050,1.2700,0.8591
3.3800,8.1750,16.3690,696.6000,0.0949,10.1410,2.6800,0.8412
4.0400,8.5270,17.6050,692.7000,0.0962,10.2060,1.5000,0.8278
3.9500,8.6850,17.9490,684.2000,0.0896,10.2130,1.1500,0.7667
3.2900,8.4190,16.8480,691.2000,0.0815,10.0730,1.2900,0.7672
3.1200,8.2270,16.4720,697.1000,0.0792,10.0820,1.2300,0.7949
2.9500,8.1180,16.1120,700.5000,0.0767,10.1430,0.9400,0.8021
2.9500,8.1300,16.1810,702.8000,0.0796,10.3770,1.2500,0.8143
3.6100,8.5130,18.0690,695.2000,0.0818,10.2780,0.9900,0.7807
4.5600,8.7510,17.6270,678.3000,0.0798,10.0780,1.0200,0.7405
3.3900,8.6070,18.1360,700.1000,0.0784,10.1290,1.3400,0.7457
3.2300,8.3700,17.1810,707.5000,0.0793,10.2720,1.8200,0.7569
3.2100,8.2810,16.9410,712.0000,0.0783,10.4190,1.6300,0.7511
3.1000,8.2530,16.8030,716.1000,0.0790,10.3650,1.2600,0.7410
4.0700,8.6420,19.1340,707.3000,0.0780,10.3520,1.0600,0.6916
3.2800,8.4240,17.6180,711.1000,0.0680,10.4230,1.7500,0.6897
3.3500,8.4300,17.8470,712.6000,0.0693,10.5580,1.1500,0.6817
4.2300,8.7620,20.1540,706.7000,0.0692,10.3830,0.9800,0.6577
4.7900,8.9310,21.3340,694.5000,0.0653,10.2780,0.7000,0.6466
3.8400,8.7110,19.3720,712.3000,0.0703,10.4500,1.3100,0.6906
3.5000,8.5420,18.5100,717.4000,0.0694,10.7060,1.3200,0.7098
3.3400,8.4240,17.8450,720.8000,0.0709,10.7120,1.1000,0.7196
3.3400,8.3790,17.6780,722.3000,0.0709,10.8120,1.0900,0.7144
3.9700,8.6760,19.5670,713.3000,0.0693,10.6580,0.9200,0.6705
4.5800,8.8940,21.3250,703.8000,0.0681,10.5890,0.9300,0.6448
3.7200,8.7130,19.6500,712.1000,0.0657,10.6560,2.1000,0.6562
3.2700,8.5100,18.2350,719.1000,0.0660,10.5830,2.1600,0.6616
3.1600,8.3930,17.6990,724.3000,0.0646,10.9200,1.2200,0.6564
3.2700,8.4100,17.8250,725.7000,0.0671,11.0270,1.1600,0.6521
4.1900,8.6730,18.7010,711.5000,0.0668,10.5270,7.8500,0.6115
4.7600,8.8420,20.1280,699.2000,0.0651,10.4010,2.2900,0.5907
3.8500,8.6620,18.8200,706.3000,0.0596,10.4610,1.7100,0.5938
3.4900,8.4760,17.5990,713.4000,0.0608,10.5220,3.1200,0.5984
3.3000,8.3760,16.9830,714.6000,0.0575,10.6120,3.1900,0.5977
3.3200,8.3790,17.1000,715.9000,0.0605,10.6820,4.5600,0.6029
4.2700,8.6620,18.8410,704.4000,0.0599,10.5320,1.4000,0.5610
4.9400,8.8340,19.5880,691.2000,0.0605,10.4270,0.8400,0.5517
3.8300,8.6390,18.3970,704.4000,0.0604,10.7040,1.8600,0.5686
3.4100,8.4670,17.6020,709.5000,0.0598,10.4990,2.5200,0.5785
3.3700,8.3930,17.3110,711.9000,0.0611,10.6480,2.2100,0.5836
3.3900,8.3790,17.2070,710.9000,0.0618,10.5810,1.1400,0.5782
3.6600,8.5790,18.0370,701.9000,0.0672,10.4820,0.8300,0.5440
4.2500,8.7850,19.8350,693.4000,0.0627,10.3450,0.6900,0.5269
3.8100,8.6560,18.7160,696.2000,0.0571,10.4570,1.1400,0.5424
3.5700,8.4470,17.5310,703.5000,0.0587,10.3770,1.4400,0.5639
3.5300,8.3810,17.2760,704.6000,0.0602,10.5570,0.9400,0.5683
3.4500,8.3560,17.0760,703.8000,0.0618,10.4290,0.9600,0.5728
3.7400,8.5500,18.0280,697.4000,0.0626,10.5000,0.6600,0.5559
4.1000,8.7510,19.2510,690.3000,0.0632,10.4680,1.3400,0.5398
3.5200,8.5820,18.0610,699.9000,0.0617,10.5590,1.1300,0.5598
3.2600,8.4330,17.3040,701.8000,0.0605,10.3250,0.9300,0.5654
3.2100,8.3760,17.2410,703.9000,0.0596,10.4270,0.8100,0.5654
3.1600,8.3360,16.8050,703.1000,0.0627,10.4480,0.9400,0.5744
3.9200,8.6020,18.1610,694.9000,0.0678,10.4910,1.7700,0.5709
4.5500,8.7650,18.5000,685.2000,0.0707,10.3850,19.3700,0.5747
3.8400,8.5790,17.5300,681.4000,0.0653,10.4260,1.9000,0.6025
3.5800,8.4100,17.0770,687.1000,0.0664,10.4870,1.4700,0.6247
3.5000,8.2840,16.5580,685.7000,0.0652,10.5320,1.1000,0.6379
3.4800,8.2730,16.5200,687.2000,0.0662,10.4930,1.0100,0.6552
3.8000,8.4300,16.9450,681.3000,0.0765,10.7030,3.4100,0.6609
3.8400,8.5960,17.7800,676.7000,0.0786,10.4790,6.3600,0.6694
3.4000,8.4560,17.1540,682.2000,0.0683,10.4040,2.1900,0.6760
2.8800,8.2670,16.1540,689.4000,0.0724,10.3720,1.5600,0.7325
2.4800,8.1810,15.6670,692.2000,0.0727,10.4250,1.3000,0.7513
2.6700,8.2350,16.1940,694.1000,0.0823,10.5860,1.5000,0.8173
3.4400,8.4760,16.5850,682.8000,0.0886,10.6080,4.2400,0.8048
3.7100,8.5560,16.7410,678.0000,0.0886,10.6080,3.7400,0.8048
3.3100,8.4990,16.3890,681.2000,0.0851,10.4400,3.0800,0.8944
2.9400,8.2700,16.0630,689.3000,0.0851,10.4400,2.5900,0.8944
2.8600,8.1840,15.7580,691.6000,0.1118,10.8790,2.7200,1.0406
2.9100,8.2300,15.9480,692.3000,0.1473,10.8720,3.6000,1.1605
4.4500,8.5650,16.7440,674.1000,0.1447,10.7620,5.3000,1.1086
3.6100,8.4360,16.2200,681.8000,0.1656,10.9420,4.6300,1.2312
3.1300,8.1350,15.3450,693.0000,0.2228,11.2000,3.8800,1.4415
2.9600,8.0460,14.9010,698.4000,0.2399,11.2880,3.8300,1.5021
3.0500,8.0210,14.7020,698.3000,0.2675,11.3240,3.8700,1.5263
3.9700,8.2040,15.5940,695.5000,0.2603,11.1900,5.9500,1.3576
5.0000,8.4240,16.8900,679.6000,0.2503,11.0930,4.9000,1.3291
3.7900,8.2550,15.7660,684.9000,0.2571,11.0470,5.5400,1.3684
3.2100,8.0350,14.7560,691.3000,0.2571,11.0470,3.7600,1.3684
3.1200,7.9890,14.7300,693.2000,0.2524,11.1410,3.2900,1.3745
3.2400,8.0010,14.8430,693.6000,0.2573,11.0680,3.0100,1.3485
4.1400,7.9920,15.4020,697.4000,0.2414,10.9850,3.7600,1.2993
4.5500,8.2640,16.3030,685.9000,0.2531,10.8490,3.4000,1.3648
3.9100,8.0580,15.2040,693.7000,0.2654,11.0920,4.3100,1.4408
3.5200,7.8660,14.4200,696.9000,0.2730,11.0960,3.8000,1.5265
3.3300,7.7800,13.9950,698.7000,0.2739,11.1450,3.8100,1.5631
3.3600,7.8120,14.1840,696.9000,0.2795,11.1340,3.1900,1.5591
4.3500,7.9350,14.8500,685.0000,0.2665,11.0210,3.8200,1.5481
4.9300,8.1520,15.8330,680.1000,0.2593,10.7560,3.3500,1.4977
4.2700,8.0320,15.1170,683.0000,0.2494,10.8560,3.7800,1.5169
3.7200,7.8630,14.3090,686.9000,0.2382,10.7430,3.4800,1.4859
3.6100,7.7630,13.8360,688.5000,0.2278,10.7510,2.5700,1.4627
3.5800,7.7550,13.7340,682.8000,0.2186,10.5820,2.1900,1.4221
4.0300,7.8750,14.4300,678.4000,0.2090,10.6370,4.2300,1.3499
4.0600,8.0120,15.1410,679.3000,0.2012,10.5770,2.6900,1.3218
3.8400,7.9180,14.6960,679.4000,0.1906,10.4650,3.9700,1.3100
3.3700,7.8000,13.9840,680.8000,0.1906,10.4650,2.7500,1.3100
3.0100,7.7520,13.5970,684.1000,0.1684,10.5030,1.5400,1.2610
3.1600,7.8200,14.3940,685.3000,0.1726,10.3640,2.2400,1.2503
4.5500,7.9520,15.2640,665.9000,0.1528,10.0270,3.5800,1.1094
4.5500,8.1920,15.8170,668.9000,0.1549,10.1650,1.9400,1.1890
3.8700,8.1070,15.3520,674.0000,0.1506,10.3070,2.7500,1.1813
3.4300,7.9350,14.7330,676.7000,0.1489,10.3040,2.4700,1.1691
3.2600,7.8630,14.3410,678.0000,0.1406,10.1750,2.2000,1.1555
3.4600,7.9350,14.9040,673.5000,0.1421,10.3540,2.7900,1.1446
4.2600,8.1150,15.3950,668.1000,0.1365,10.0710,3.5200,1.1134
4.4200,8.2960,15.7050,659.7000,0.1283,9.9600,4.1500,1.0417
3.6500,8.2010,15.0690,665.6000,0.1249,10.0100,5.0500,1.0531
3.2000,7.9890,14.7240,671.7000,0.1206,10.1390,3.2800,1.0642
3.0500,7.9350,14.5470,674.5000,0.1176,10.0430,2.7100,1.0615
3.1300,7.9380,14.5530,675.6000,0.1178,10.0420,2.8500,1.0482
4.5400,8.1040,15.8000,668.9000,0.1122,10.0380,2.4800,0.9979
5.1200,8.3640,16.7650,657.3000,0.1087,9.7840,3.0200,0.9467
4.1900,8.2040,15.7920,661.9000,0.1064,9.8430,5.1100,0.9590
3.6000,8.0180,15.0550,671.3000,0.1007,9.8970,3.0400,0.9618
3.4400,7.9630,14.8750,673.2000,0.0980,9.9330,1.8800,0.9756
3.5300,7.9230,14.7760,675.5000,0.1020,10.0820,1.6400,0.9685
4.5300,8.1670,16.0540,667.1000,0.1012,9.7950,1.7600,0.9077
5.1100,8.3240,16.3770,654.9000,0.0961,9.6140,4.7000,0.8850
4.3600,8.2150,15.8060,661.9000,0.0970,9.7110,6.3200,0.9155
3.6800,8.0550,15.2960,669.4000,0.0937,9.7030,2.4000,0.9472
3.5000,7.9780,14.9240,671.3000,0.0879,9.8010,1.2500,0.9320
3.5200,7.9750,14.9580,671.5000,0.0901,9.9190,1.1300,0.9350
5.2200,8.0720,15.1950,657.0000,0.0912,9.5690,5.8400,0.9016
5.3400,8.2700,15.9740,649.7000,0.0928,9.5770,3.0200,0.8974
4.3700,8.1670,15.6740,654.8000,0.0910,9.6010,4.2800,0.8865
3.7600,8.0240,15.3120,662.4000,0.0871,9.5200,2.5700,0.8955
3.5700,7.9260,14.6990,665.1000,0.0828,9.5170,1.7200,0.8831
3.7700,7.9840,15.1130,664.3000,0.0864,9.5970,3.3300,0.8695
4.8700,8.1500,15.6560,652.3000,0.0881,9.4570,4.5500,0.8073
5.0500,8.3210,15.9940,648.4000,0.0876,9.4410,3.5800,0.8002
4.2500,8.2500,15.1410,651.0000,0.0855,9.4680,6.3500,0.7831
3.7800,8.0320,14.7730,657.8000,0.0855,9.4680,3.4400,0.7831
3.5500,7.9720,15.1950,658.9000,0.0794,9.3170,1.8600,0.7835
3.6100,7.9350,15.0310,661.7000,0.0818,9.4740,2.0500,0.7679
5.1600,8.2210,16.1870,648.3000,0.0831,9.2840,2.8800,0.7310
5.5100,8.3700,16.6550,645.8000,0.0808,9.3770,3.6400,0.7005
4.6900,8.2960,15.9010,646.5000,0.0826,9.1800,4.9400,0.6802
3.7900,8.0810,15.5120,654.8000,0.0826,9.1800,2.7100,0.6802
3.7200,7.9840,15.4230,656.7000,0.0742,9.2120,2.2000,0.7106
3.9200,7.9750,15.4050,656.8000,0.0760,9.2680,2.9700,0.7029
5.6200,8.1180,16.1940,647.7000,0.0751,9.2780,3.3900,0.6697
5.9600,8.3960,17.2410,642.6000,0.0718,9.0920,2.0800,0.6393
4.8300,8.2610,16.4930,647.6000,0.0751,9.2540,2.2000,0.6418
4.0600,8.0950,15.8960,651.9000,0.0720,9.0410,2.4900,0.6386
3.7800,7.9980,15.4610,652.4000,0.0708,9.1430,2.2200,0.6434
3.8400,7.9610,15.3210,655.6000,0.0691,9.0890,2.3900,0.6367
5.9600,8.2330,16.6750,641.2000,0.0703,8.9480,2.0500,0.6114
6.1200,8.4160,17.1670,638.8000,0.0708,8.9580,1.1200,0.5945
5.1400,8.3130,16.4610,640.7000,0.0709,9.0600,1.8000,0.5897
4.5100,8.0210,15.5980,632.0000,0.0709,9.0600,1.8100,0.5897
4.1100,8.0320,15.5590,647.6000,0.0666,8.8890,1.7100,0.5763
3.9900,7.9920,15.2950,649.1000,0.0663,8.9610,2.3600,0.5675
5.6700,8.2100,16.5890,639.5000,0.0688,8.9130,4.0600,0.5616
6.1200,8.4410,17.6180,633.0000,0.0712,9.0760,1.7500,0.5584
5.2100,8.2840,16.5010,639.8000,0.0692,8.6810,2.8900,0.5600
4.3400,8.1120,15.8070,641.7000,0.0668,9.0190,2.4200,0.5728
3.9300,7.9950,15.2910,646.0000,0.0655,8.9410,2.4400,0.5724
3.8100,7.9430,14.9840,646.1000,0.0634,8.9580,2.3400,0.5670
6.3300,8.2070,16.5970,631.8000,0.0679,8.8260,3.7000,0.5686
6.0400,8.3760,15.9030,623.0000,0.0730,8.7370,3.2200,0.5736
5.3300,8.2470,15.2830,627.9000,0.0674,8.7910,2.0300,0.5537
4.2600,8.0690,15.0360,638.5000,0.0648,8.8090,2.3400,0.5689
3.9100,7.9550,14.8100,639.5000,0.0634,8.8520,3.0100,0.5794
3.9500,7.8920,14.6930,637.4000,0.0633,8.6640,2.7900,0.5753
6.2000,8.1700,15.6440,628.1000,0.0666,8.8040,5.3500,0.5463
6.4900,8.4210,16.2420,622.5000,0.0655,8.7550,2.9900,0.5608
5.2400,8.2730,15.5500,628.1000,0.0641,8.6700,3.1500,0.5552
4.3100,8.0920,15.2060,634.3000,0.0640,8.7450,2.1400,0.5651
4.0900,8.0040,14.9170,632.7000,0.0617,8.6670,2.7100,0.5515
4.0200,7.9210,14.6730,633.2000,0.0613,8.5690,4.1300,0.5395
5.9400,8.1270,15.5390,619.0000,0.0616,8.4360,3.4900,0.5049
6.8700,8.3930,16.2770,619.4000,0.0652,8.5710,4.2500,0.5344
5.2700,8.2530,15.9020,622.5000,0.0626,8.5570,3.1300,0.5631
4.7600,8.0750,15.3100,625.5000,0.0626,8.5570,2.5200,0.5631
4.4000,8.0040,15.0050,628.4000,0.0593,8.4500,2.6500,0.5509
4.4100,7.9290,14.5080,628.7000,0.0589,8.5010,3.2200,0.5342
5.4700,8.1180,15.2350,620.9000,0.0624,8.4370,6.1100,0.5337
5.9800,8.2040,15.2000,615.4000,0.0673,8.3870,8.8700,0.5147
5.5300,8.0890,14.7310,616.5000,0.0642,8.4500,7.0300,0.5401
5.1400,7.9120,14.1690,618.9000,0.0594,8.4360,4.2800,0.5481
4.9900,7.8290,14.1010,617.4000,0.0568,8.3860,4.5700,0.5394
4.9800,7.8320,14.0420,616.2000,0.0589,8.3650,4.0400,0.5501
5.8700,8.0210,14.9650,611.3000,0.0584,8.2270,4.1600,0.5215
6.5200,8.2780,15.7170,608.5000,0.0585,8.2180,3.3600,0.5043
5.8100,8.1670,15.0160,610.5000,0.0605,8.4630,3.3100,0.5229
5.1000,7.9750,14.2140,612.8000,0.0607,8.1730,3.1200,0.5518
4.9500,7.8350,13.8910,611.1000,0.0621,8.2980,3.3600,0.5650
4.9800,7.8320,13.8640,611.9000,0.0629,8.2850,2.5600,0.5838
6.9600,8.0440,15.1160,600.6000,0.0629,8.2850,3.0400,0.5838
5.6300,7.7600,13.4480,584.4000,0.0595,7.4460,3.1800,0.5902
7.4600,8.0440,14.5950,577.2000,0.0587,7.2660,2.8400,0.5645
7.5400,8.2270,15.1420,573.7000,0.0610,7.3120,3.0200,0.5724
7.2900,8.1180,14.5100,575.4000,0.0587,7.2990,3.3600,0.5532
7.0700,7.8320,13.1070,573.1000,0.0563,7.0970,3.7500,0.5106
6.5800,7.7120,12.6140,574.2000,0.0564,7.0750,3.8200,0.5225
7.0500,7.8230,13.1070,577.2000,0.0632,7.2030,3.0400,0.4997
7.2600,8.0150,13.6000,574.6000,0.0601,7.1950,4.5200,0.4811
6.2300,7.7030,12.2610,572.8000,0.0535,7.0310,3.0200,0.5064
6.9900,8.0440,13.6220,567.8000,0.0535,7.0310,2.8300,0.5064
7.1500,8.0840,13.7320,566.2000,0.0525,7.0540,2.6200,0.4677
6.5100,7.8690,12.8670,566.3000,0.0566,7.0900,2.6400,0.5074
6.1700,7.7430,12.3020,569.8000,0.0566,7.0900,3.0300,0.5074
4.9300,7.7260,11.9550,571.3000,0.0623,6.8580,4.5300,0.5380
6.6100,8.0490,13.5000,566.4000,0.0607,6.9240,5.8700,0.4927
7.0000,8.1780,13.5920,566.1000,0.0729,6.8640,11.4800,0.5781
5.7000,7.9230,12.3340,569.9000,0.0707,6.9550,13.2600,0.6411
4.3400,7.6200,10.9830,575.6000,0.0736,6.8280,11.1100,0.6643
4.9600,7.6520,11.6390,568.2000,0.0745,6.8480,9.5300,0.6732
6.5300,7.9380,12.9180,563.9000,0.0774,6.8300,9.0100,0.6887
6.7600,7.9920,12.8870,564.4000,0.0802,6.8680,11.4400,0.7606
6.1900,7.8660,12.1650,563.9000,0.0806,6.8980,9.3600,0.7413
5.7300,7.6830,11.1580,568.2000,0.0751,7.0240,8.1600,0.7163
5.2300,7.5600,10.5800,569.1000,0.0727,6.8520,7.5600,0.7030
5.5100,7.5600,10.9120,564.6000,0.0736,6.9710,7.1000,0.7064
7.9400,7.7490,12.4810,552.4000,0.0717,6.6810,10.7400,0.6265
7.9600,7.9980,12.9090,557.3000,0.0788,6.8310,7.7200,0.7099
7.3600,7.8030,11.9410,558.9000,0.0757,6.7970,7.6100,0.7204
7.0800,7.6460,10.9180,559.1000,0.0727,7.0140,7.4100,0.6783
6.7000,7.6310,11.1930,559.8000,0.0752,6.7920,8.4200,0.6976
6.1500,7.6430,11.1270,562.7000,0.0744,6.7240,9.3700,0.6617
7.5000,7.9750,12.6590,553.2000,0.0715,6.6180,8.5000,0.6328
8.0700,8.1270,13.0600,553.0000,0.0726,6.7630,8.5800,0.6272
7.1800,7.9120,12.0300,556.5000,0.0716,6.7190,8.7800,0.6290
6.5600,7.7400,11.3980,556.0000,0.0712,6.7470,9.1500,0.6161
5.9600,7.6370,10.9600,554.9000,0.0675,6.7380,9.2800,0.5778
6.2800,7.7170,11.3730,558.4000,0.0688,6.7250,8.4100,0.5934
7.5900,8.0260,12.8770,551.7000,0.0690,6.7310,9.1100,0.5620
8.0400,8.2180,13.4160,549.2000,0.0690,6.7310,8.0100,0.5620
7.2700,7.9780,12.2810,552.0000,0.0641,6.7020,6.8200,0.5405
6.5300,7.8320,11.7540,551.8000,0.0641,6.5590,7.1900,0.5082
6.0700,7.7750,11.6220,551.8000,0.1567,6.5090,6.7700,0.4892
6.2300,7.8000,11.8510,550.0000,0.0636,6.6400,6.0900,0.4819
8.1800,8.0150,13.2940,542.6000,0.0627,6.4360,7.8500,0.4371
8.0900,8.2810,13.7250,542.9000,0.0627,6.4870,5.7500,0.4622
7.1800,8.0720,12.7040,546.2000,0.0622,6.4920,5.9200,0.4590
6.9500,7.8950,11.9130,546.2000,0.0616,6.4890,6.7700,0.4536
6.7400,7.7600,11.4760,545.7000,0.0620,6.6320,7.2800,0.4596
6.8600,7.8090,11.8630,545.7000,0.0634,6.4880,6.1300,0.4558
8.7200,8.0320,13.2960,537.7000,0.0653,6.4880,6.7200,0.4088
8.9700,8.4070,14.0990,563.9000,0.0598,7.2140,5.0400,0.4089
8.1800,8.1780,12.8920,566.9000,0.0592,7.3380,5.0900,0.4113
7.3500,7.9750,11.9730,567.9000,0.0604,7.1290,6.0500,0.4011
7.0100,7.8180,11.5870,568.1000,0.0614,7.3310,7.4600,0.4149
7.4400,7.9120,12.0960,567.8000,0.0609,7.2900,5.1300,0.4075
9.3800,7.8490,13.4210,540.8000,0.0510,6.8230,5.0900,0.2959
9.6400,8.4730,14.5130,560.0000,0.0570,7.3550,4.8900,0.3584
8.8500,8.2150,12.9750,561.7000,0.0590,7.1690,6.4000,0.3582
8.2900,8.0350,12.2540,565.2000,0.0724,7.0770,7.4900,0.3576
8.2600,7.9090,11.9320,565.5000,0.0631,7.0210,8.5900,0.3476
8.5200,8.0380,12.5930,566.0000,0.0603,7.1880,5.6600,0.3420
9.8400,7.9550,13.4110,538.7000,0.0540,6.6560,6.2700,0.2589
10.0700,8.4700,14.3090,548.1000,0.0529,6.9380,5.3100,0.2618
9.2100,8.3130,13.1710,563.8000,0.0544,6.9050,6.6200,0.2848
8.8400,8.0670,12.0410,567.1000,0.0544,6.9050,8.8600,0.2848
8.3900,7.9610,12.0190,567.9000,0.0588,6.9720,9.2300,0.2797
8.6000,8.0240,12.4070,566.5000,0.0394,4.5640,6.6100,0.1472
9.4500,8.1580,13.4480,549.6000,0.0517,6.7610,7.0400,0.2115
9.9200,8.5420,14.3490,552.5000,0.0551,6.8360,7.0400,0.2139
9.1600,8.3300,13.3830,550.7000,0.0531,6.7420,8.9000,0.1889
8.7000,8.0640,12.1010,563.9000,0.0531,6.7420,9.5300,0.1889
8.5900,7.9490,11.6800,567.9000,0.0575,6.8820,9.2700,0.2301
8.4400,7.8520,11.3640,565.2000,0.0531,6.7680,7.0700,0.2086
8.9900,8.2580,12.7430,572.6000,0.0545,6.7690,6.5200,0.2050
9.6600,8.4410,13.7500,550.4000,0.0504,6.5470,6.4900,0.1595
9.0700,8.3300,12.7400,571.1000,0.0574,6.6370,6.8200,0.1974
8.7200,8.0810,11.7680,575.3000,0.0574,6.6370,11.6900,0.1974
8.4300,7.9810,11.6170,578.5000,0.0538,6.8810,8.8000,0.2030
8.5500,8.0720,12.0770,578.2000,0.0541,6.7650,6.6000,0.1927
9.8600,8.4440,13.2990,572.5000,0.0562,6.6000,7.8800,0.1662
10.3700,8.6730,13.6140,570.3000,0.0535,6.6970,7.8700,0.1463
9.2200,8.4410,12.6200,575.5000,0.0520,6.7780,8.7900,0.1520
8.5900,8.1920,11.6650,579.6000,0.0545,6.7070,11.9900,0.1600
8.2500,8.0720,11.4090,580.5000,0.0527,6.6770,10.2000,0.1530
8.2400,8.1240,11.6550,583.2000,0.0521,6.7130,8.5100,0.1610
9.1100,8.4130,12.9380,576.2000,0.0486,6.6240,6.4800,0.1323
9.7400,8.6450,13.5240,576.3000,0.0530,6.5430,9.5700,0.1172
8.8300,8.4670,12.6200,581.9000,0.0503,6.5640,8.9800,0.1222
7.9400,8.2670,11.7490,580.6000,0.0503,6.5640,9.7300,0.1222
7.6700,8.1180,11.3790,587.2000,0.0533,6.6300,9.2000,0.1309
7.7700,8.1870,11.7310,590.4000,0.0526,6.6860,7.6500,0.1301
8.9600,8.4160,13.0040,581.1000,0.0460,6.4090,5.7500,0.1175
9.3200,8.6960,13.8220,583.3000,0.0480,6.6000,7.1700,0.1047
7.3200,8.2730,11.7860,594.6000,0.0552,6.7150,7.8100,0.1029
7.6200,8.3840,12.3660,596.1000,0.0557,6.6190,6.3100,0.0931
9.1400,8.6450,13.8470,590.1000,0.0541,6.4950,6.0700,0.0830
10.1100,8.8990,14.9130,596.8000,0.0541,6.4950,4.8400,0.0830
8.9500,8.7420,13.7820,603.6000,0.0507,6.5690,5.0700,0.0625
7.9600,8.5530,12.8070,609.7000,0.0620,6.6650,6.6900,0.0597
7.4500,8.4330,12.3050,614.4000,0.0602,6.6760,7.6600,0.0575
7.8800,8.5040,13.1230,605.6000,0.0569,6.5690,5.2300,0.0395
9.2700,8.6570,14.3010,603.6000,0.0513,6.4750,4.4600,0.0346
9.2800,8.7500,14.3480,608.0000,0.0516,6.4040,6.2700,0.0284
8.1700,8.5500,12.8740,618.1000,0.0630,6.5190,8.4400,0.0354
8.5500,8.5710,13.3140,618.6000,0.0605,6.5490,5.9600,0.0336
10.1300,8.5820,14.5610,588.8000,0.0605,6.5490,4.1100,0.0336
10.0400,8.5840,13.2620,623.4000,0.0884,6.8790,10.7500,0.2296
12.3600,8.7020,14.8330,604.9000,0.0745,6.5010,9.1600,0.1803
12.7700,9.0080,17.7070,610.1000,0.0884,6.7660,12.3200,0.1833
11.7600,8.9330,16.4860,623.2000,0.0926,6.8510,11.1500,0.2325
11.1800,8.7930,14.7650,622.8000,0.0926,6.8510,15.2100,0.2325
10.6000,8.7050,14.6140,626.1000,0.0970,6.8190,13.2700,0.2263
10.9300,8.7820,15.3390,626.6000,0.0959,6.8430,9.4300,0.2043
13.0000,8.9040,16.5670,603.3000,0.0809,6.4230,9.6600,0.1480
13.6700,9.1400,19.0690,605.1000,0.0809,6.4230,12.2000,0.1480
12.6500,9.0700,17.9030,618.2000,0.0950,6.7040,14.7300,0.0994
11.4600,8.8750,15.7670,623.1000,0.0970,6.6670,17.6700,0.0701
11.7700,8.9430,16.7010,620.4000,0.0895,6.6900,14.6200,0.0392
13.4800,9.0080,17.4450,595.4000,0.0829,6.3900,15.6000,0.0730
13.3200,9.1470,18.5960,609.1000,0.0904,6.6360,19.6300,0.0300
12.3300,8.9700,16.4780,608.1000,0.0904,6.6360,22.7300,0.0300
12.1300,8.9360,16.7470,615.7000,0.0938,6.4380,20.6300,0.0280
12.3300,8.9670,17.4630,612.7000,0.0819,6.5220,13.5000,0.0270
14.4700,9.0540,18.3820,599.1000,0.0843,6.3420,15.9400,0.0378
14.9200,9.2420,20.7860,594.3000,0.0743,6.4500,15.1900,0.0288
13.9400,9.1240,19.3860,598.1000,0.0817,6.4440,17.8700,0.0327
13.1400,8.9290,16.5160,596.5000,0.0817,6.4440,24.8400,0.0327
12.9800,8.9360,17.1490,608.0000,0.0847,6.3840,17.1200,0.0330
14.6600,8.9930,17.5540,588.0000,0.0797,6.1350,18.1000,0.0403
15.0100,9.0740,18.0960,570.7000,0.0774,6.0080,18.6000,0.0412
14.1900,9.0540,17.9850,585.5000,0.0808,6.0290,19.9700,0.0431
13.6100,8.9470,16.3430,595.7000,0.0914,6.1240,23.1300,0.0531
13.3100,8.8560,15.6710,602.1000,0.0902,6.0520,23.7300,0.0445
13.0800,8.8390,15.8060,601.4000,0.0913,6.2460,20.3200,0.0407
13.0500,8.8860,15.8440,603.5000,0.0912,5.9980,20.9300,0.0566
11.8500,8.7360,12.4020,581.0000,0.0843,5.9420,19.5800,0.0956
11.5800,8.4490,10.5940,575.9000,0.1010,5.8420,44.5900,0.1085
11.3300,8.2630,9.9840,612.1000,0.0870,5.9500,28.0200,0.1097
11.6300,8.5190,11.2320,609.3000,0.0863,5.9750,23.1800,0.0840
11.4700,8.5550,11.0140,620.1000,0.0878,6.2080,23.5100,0.0625
11.2800,8.4280,10.5200,625.6000,0.0863,6.1260,24.8000,0.0722
11.2900,8.1000,9.9490,620.0000,0.1607,6.7980,25.8900,0.4905
11.0200,7.9390,9.0150,625.2000,0.1943,6.9830,27.6100,0.6136
10.5500,7.8620,8.5190,628.8000,0.1926,7.0480,23.7200,0.6323
10.3400,7.9340,9.0950,632.6000,0.1829,7.0420,20.1400,0.6053
12.0500,8.1170,10.6140,628.3000,0.1738,6.9900,20.3900,0.5708
12.4500,8.2580,11.3380,631.5000,0.1720,6.9550,20.5900,0.6083
10.9100,8.1090,10.4980,633.4000,0.1581,6.9980,19.7700,0.6170
10.6000,7.9820,9.5910,651.9000,0.1666,7.1640,25.9100,0.7541
10.5200,7.9480,9.4540,653.7000,0.1564,7.1440,21.2400,0.7183
12.8100,8.1880,11.5400,648.0000,0.1500,7.0470,17.1900,0.6743
12.9000,8.2720,11.5900,646.2000,0.1394,7.2300,12.2000,0.7585
12.0200,8.1900,10.9710,646.3000,0.1293,7.0430,13.7500,0.7292
11.6000,8.0820,10.4410,650.4000,0.1293,7.0430,19.5200,0.7292
11.4500,8.0230,10.2620,647.5000,0.1436,7.2490,18.9900,0.8522
11.7700,8.0990,10.9020,642.7000,0.1382,7.2900,13.5800,0.7936
13.3100,8.2810,11.8900,640.7000,0.1315,7.1520,13.7100,0.7682
13.7000,8.3850,12.3030,637.6000,0.1205,6.9580,11.8000,0.7327
13.0600,8.2630,11.2150,636.9000,0.1144,6.8740,19.3900,0.6925
12.3700,8.0990,10.3060,637.9000,0.1136,6.8860,19.7300,0.6713
12.0400,7.9910,9.8020,634.8000,0.1138,6.8450,20.7700,0.6509
12.2100,8.0380,10.2410,640.4000,0.1197,6.8470,18.9600,0.6229
14.0900,8.4170,13.1520,618.5000,0.1081,6.7200,15.2700,0.5039
14.4300,8.6030,14.4820,608.5000,0.1004,6.4140,15.3900,0.4162
13.5100,8.4580,12.3740,631.3000,0.1056,6.6930,18.5500,0.4917
13.2500,8.3030,11.2520,640.5000,0.1141,6.7530,20.0200,0.5194
12.9000,8.1200,10.2520,640.2000,0.1121,6.7180,21.0500,0.5110
13.0100,8.1970,10.8080,637.5000,0.1188,6.6160,20.1300,0.4903
14.0700,8.5870,13.1810,634.9000,0.1124,6.6870,18.4500,0.4435
14.0800,8.6960,13.4300,630.3000,0.1021,6.6370,19.8500,0.4353
12.6800,8.5530,12.7070,614.9000,0.1147,6.4670,19.9300,0.3611
12.1100,8.2940,10.9970,631.3000,0.0904,6.5230,20.7900,0.4260
11.7200,8.1590,10.2960,633.8000,0.0928,6.5860,21.4800,0.4725
12.2600,8.2950,11.3660,629.2000,0.1024,6.5930,19.0400,0.4823
13.5200,8.5660,13.2180,628.9000,0.0964,6.6960,20.8900,0.4770
13.9500,8.6120,13.1870,625.1000,0.0794,6.6130,18.5500,0.4882
13.4200,8.5710,12.8030,612.5000,0.0855,6.3800,23.4800,0.4036
12.5900,8.3510,11.1240,629.3000,0.0918,6.6460,22.7700,0.5089
12.4600,8.2540,10.8060,624.8000,0.0909,6.8190,21.6000,0.4939
12.7300,8.3380,11.4380,623.5000,0.1011,6.6960,21.7800,0.4970
13.8300,8.6980,15.6530,569.4000,0.1011,6.6960,17.3100,0.4970
14.1100,8.6980,13.7510,616.8000,0.0906,6.8080,24.7000,0.5103
13.5800,8.5670,12.4660,609.4000,0.0855,6.6200,23.0100,0.4613
12.8100,8.3870,11.2420,615.1000,0.0855,6.6200,23.5000,0.4613
12.4400,8.3040,10.7260,616.3000,0.0944,6.8480,22.4400,0.5070
12.5500,8.4600,11.6030,619.4000,0.1156,6.8190,22.6100,0.4660
14.3400,8.9020,15.6160,598.7000,0.1056,6.6450,21.4000,0.3454
14.4800,8.9630,17.1250,562.7000,0.0839,6.4690,18.2900,0.2418
13.9600,8.8360,14.6790,591.4000,0.0924,6.5100,22.1100,0.2830
13.4400,8.6640,12.7190,605.5000,0.1088,6.7710,21.8300,0.3369
13.0200,8.5710,12.0980,608.0000,0.1069,6.7400,21.3500,0.3373
13.2400,8.7630,14.2910,596.1000,0.1032,6.6880,18.6600,0.2741
14.4700,8.9650,16.7140,599.0000,0.0868,6.6320,24.1600,0.2830
15.0500,9.1040,17.1180,594.6000,0.0909,6.7450,19.8800,0.2232
14.1600,8.9290,15.9450,567.1000,0.0876,6.2620,24.2600,0.1677
13.3400,8.8220,13.6600,597.2000,0.0876,6.2620,20.9300,0.1677
13.1300,8.7910,13.4350,601.6000,0.1061,6.7120,20.8500,0.2032
13.6900,8.9650,15.8380,592.1000,0.1005,6.7580,19.2600,0.1570
14.9000,9.1370,18.0820,582.5000,0.1126,6.8760,23.9600,0.1205
15.5100,9.2010,18.4940,576.8000,0.0887,6.6520,20.1000,0.0944
14.5000,9.0380,16.3530,547.9000,0.0917,6.3410,23.3700,0.0730
13.8600,8.9760,14.7720,580.0000,0.1019,6.6080,22.3000,0.0809
13.6100,8.8540,13.7080,585.9000,0.1057,6.8440,21.6300,0.0831
13.8700,8.9560,15.0200,581.0000,0.1143,6.8940,20.5200,0.0549
14.7000,9.1380,17.7070,548.2000,0.0995,6.4170,20.3600,0.0397
14.4600,9.1420,16.8410,548.8000,0.1135,6.4730,27.1600,0.0479
13.6500,8.9560,13.6290,576.0000,0.1046,6.5670,24.3500,0.0680
13.3300,8.8130,12.4230,580.7000,0.1071,6.6840,25.0300,0.0762
12.9700,8.6550,11.3120,580.6000,0.1102,6.6470,24.5300,0.0877
13.8500,8.8930,13.2540,579.5000,0.1102,6.6470,24.1400,0.0877
15.7400,9.1130,16.4500,571.6000,0.1158,6.6480,29.3100,0.0663
15.9900,9.1780,15.6230,567.3000,0.0983,6.8610,19.7100,0.0256
14.6700,8.9680,13.1150,579.8000,0.1013,6.7150,20.6900,0.0466
14.4300,8.8450,11.8080,581.0000,0.1013,6.7150,32.5600,0.0466
13.9800,8.7730,12.1330,578.4000,0.1001,6.5970,22.1500,0.0450
14.7200,8.9490,14.0630,568.6000,0.0923,6.5480,19.4800,0.0299
16.7900,9.1400,16.1330,560.4000,0.1093,6.6020,29.8600,0.0407
16.5700,9.1850,15.2990,561.2000,0.0872,6.4320,18.2300,0.0303
15.1400,8.8790,12.4300,575.8000,0.0872,6.4320,19.0200,0.0303
14.8500,8.7970,12.0330,564.2000,0.0883,6.4680,23.5000,0.0591
14.7900,8.7410,11.6630,568.1000,0.0856,6.3190,19.4500,0.0512
14.7600,8.7340,11.9960,563.0000,0.0856,6.3190,17.6700,0.0512
16.1400,9.0850,13.9100,555.0000,0.0971,6.3080,25.8100,0.0298
14.1700,8.7930,12.3000,531.9000,0.0887,5.9400,22.3400,0.0466
14.0900,8.6750,10.0690,564.3000,0.0887,5.9400,22.5400,0.0466
13.7800,8.5100,9.3140,570.0000,0.0781,6.1700,22.2700,0.0629
13.0700,8.4330,9.2630,569.2000,0.0946,6.2140,24.9500,0.0726
14.7800,8.8570,12.3420,561.6000,0.0872,6.1090,22.5300,0.0474
15.2400,8.9970,12.3230,554.9000,0.1021,6.1020,31.2400,0.0274
13.9300,8.7270,12.6810,527.1000,0.0794,5.6650,22.9900,0.0424
13.0600,8.6350,9.7320,558.7000,0.0784,6.1560,21.2100,0.0377
14.1000,8.8860,13.4470,533.1000,0.0826,5.7730,20.9200,0.0265
15.2400,9.0290,13.9250,535.7000,0.0667,5.7620,16.7500,0.0343
14.5400,8.9180,13.0840,528.2000,0.0722,5.6590,19.7000,0.0318
13.6700,8.7770,11.8340,533.3000,0.0722,5.6590,21.9300,0.0318
13.1000,8.8340,10.7060,549.7000,0.0807,5.9160,17.9300,0.0390
13.7900,9.0090,12.4310,545.0000,0.0799,5.8650,15.9200,0.0280
15.1100,9.0450,14.6980,514.1000,0.0662,5.5200,13.8900,0.0264
14.2700,8.9760,13.8360,517.7000,0.0636,5.5460,21.5800,0.0394
13.0200,8.8470,11.2350,538.1000,0.0689,5.7000,16.8900,0.0463
13.5900,9.0310,13.1040,536.5000,0.0796,5.7580,15.0700,0.0261
15.6500,9.1060,15.0310,517.0000,0.0759,5.5730,15.6900,0.0351
14.8000,9.0380,13.5630,522.7000,0.0635,5.4240,18.0500,0.0338
13.7200,8.8020,11.5880,532.8000,0.0604,5.4380,14.6100,0.0611
13.8500,8.8450,13.3760,518.2000,0.0693,5.4080,13.7800,0.0438
14.0300,8.7790,13.3460,528.1000,0.0757,5.4620,14.9400,0.0333
13.1700,8.4980,10.7430,530.4000,0.0552,5.2320,17.5300,0.0440
12.8100,8.6610,10.5290,545.7000,0.0552,5.2320,16.4200,0.0440
14.0100,8.7430,11.9820,525.1000,0.0535,5.0500,15.9100,0.0318
13.3300,8.6610,10.6570,537.6000,0.0535,5.0500,15.4400,0.0318
13.8500,8.9360,12.8870,532.1000,0.0599,5.1320,11.5300,0.0283
13.4900,8.7820,11.7220,533.6000,0.0616,5.0820,12.5400,0.0374
13.1500,8.6090,10.2050,539.9000,0.0537,5.0270,11.2500,0.0524
13.0400,8.5030,9.4830,545.8000,0.0571,5.1710,11.0000,0.0628
13.1100,8.4530,9.8850,538.0000,0.0571,5.1710,10.1300,0.0628
13.5600,8.7110,11.7390,531.8000,0.0574,4.9690,11.2000,0.0494
13.4500,8.7730,12.1730,529.7000,0.0540,5.0280,11.9300,0.0389
12.9000,8.6090,11.2720,529.4000,0.0527,4.9600,10.2500,0.0475
12.4700,8.4330,9.9110,539.5000,0.0527,4.9600,12.1000,0.0475
12.0900,8.2970,9.3350,543.2000,0.0575,4.9950,12.1100,0.0568
12.7800,8.4980,11.1080,532.4000,0.0612,4.9240,11.7300,0.0361
14.7400,8.9400,11.8980,550.8000,0.0612,4.9240,15.5000,0.0361
15.4000,9.0220,12.2270,547.1000,0.0621,5.0600,12.7000,0.0284
14.9500,8.8950,11.9770,530.6000,0.0559,4.8640,11.1800,0.0267
13.8700,8.7930,10.5890,542.2000,0.0559,4.8640,10.0400,0.0267
13.4700,8.6890,10.0510,545.7000,0.0559,4.8640,10.7000,0.0267
16.0600,9.0490,13.7550,530.9000,0.0567,4.7530,9.0900,0.0300
14.4100,8.8570,10.4120,544.5000,0.0618,4.7830,9.7200,0.0266
15.6900,9.0490,13.5370,524.9000,0.0652,4.7720,9.1700,0.0280
15.4000,8.8990,12.0350,524.1000,0.0561,4.7210,9.1200,0.0297
14.6200,8.7730,10.5330,534.5000,0.0561,4.7210,8.8400,0.0297
13.9400,8.5600,9.4560,540.1000,0.0606,4.7090,8.8800,0.0490
14.4400,8.7680,10.7040,543.7000,0.0608,4.6740,10.0200,0.0288
15.4900,8.4990,8.8790,537.9000,0.0525,4.6130,7.3500,0.0472
15.3600,8.5170,9.0560,540.8000,0.0565,4.5780,9.1000,0.0376
15.7800,8.7140,10.5830,532.3000,0.0615,4.5380,8.8000,0.0420
15.9500,8.7610,10.8770,517.7000,0.0560,4.4960,8.1900,0.0445
15.5900,8.5300,9.4610,519.9000,0.0547,4.4940,8.7100,0.0491
15.4600,8.1630,8.4350,517.2000,0.0547,4.4940,10.0900,0.0491
15.3700,8.0130,8.1580,514.6000,0.0498,4.2810,9.3500,0.0812
15.4300,8.0450,8.3020,518.9000,0.0498,4.2810,9.6200,0.0812
15.9400,8.2880,9.4860,513.8000,0.0595,4.2550,9.4800,0.0623
17.1700,8.5410,9.8490,524.1000,0.0613,4.3300,12.4700,0.0620
16.2900,8.4980,9.1530,529.2000,0.0668,4.4090,12.7800,0.0559
15.7400,8.3960,8.7170,530.4000,0.0668,4.4090,12.4600,0.0559
15.2600,8.2700,8.3370,533.3000,0.0687,4.5370,12.3600,0.0591
15.6200,8.4870,9.4380,533.6000,0.0819,4.5180,15.4200,0.0464
17.2300,8.7630,11.4790,529.1000,0.0824,4.4620,14.5400,0.0352
18.1100,8.9770,12.4300,529.2000,0.0918,4.5180,16.1900,0.0408
16.8400,8.6250,10.2460,541.9000,0.0918,4.5180,18.2800,0.0408
16.9000,8.4670,9.7010,547.2000,0.1476,4.9180,17.2100,0.2208
16.4700,8.1340,8.4750,557.4000,0.1941,5.3960,15.7400,0.5193
16.7900,8.2520,9.2430,559.1000,0.1941,5.3960,14.6100,0.5193
18.2200,8.6340,11.3870,559.5000,0.1656,5.2190,14.2500,0.4508
18.5900,8.8380,12.5640,558.0000,0.1342,5.1640,13.7200,0.3665
18.0000,8.6320,11.1410,564.5000,0.1097,5.0210,11.9600,0.3338
17.6800,8.4060,10.1510,568.8000,0.1097,5.0210,13.2500,0.3338
17.1000,8.0680,8.7890,575.4000,0.1017,4.9580,13.1000,0.3351
17.5800,8.1180,9.1620,575.8000,0.0988,5.1420,12.5100,0.4722
18.9800,8.3420,10.6060,573.6000,0.0988,5.1420,11.3400,0.4722
19.1700,8.3690,10.8480,574.1000,0.1096,5.8040,12.5400,0.7184
18.9300,8.2540,10.3340,573.6000,0.1096,5.8040,12.1500,0.7184
20.4800,8.5260,11.7000,445.4000,0.0930,4.3830,14.9800,0.2099
19.2000,8.1920,9.8410,423.1000,0.0823,3.9460,14.8800,0.1090
19.4700,8.2760,10.3320,415.1000,0.0823,3.9460,15.0300,0.1090
20.9700,8.7360,12.9080,403.8000,0.0858,3.7830,14.0000,0.0402
21.0300,8.8470,13.2620,395.9000,0.0821,3.6280,15.2300,0.0294
20.2900,8.6530,11.4420,389.3000,0.0857,3.4910,18.1700,0.0331
19.5400,8.2350,9.3400,387.2000,0.0781,3.4010,16.2600,0.0459
19.7000,8.3420,9.9420,385.4000,0.1544,3.3060,14.3800,0.0254
19.3100,8.2400,8.8390,364.1000,0.0655,2.3040,12.6800,0.0325
19.0000,8.0180,7.9540,364.8000,0.0692,2.3050,12.6600,0.0389
19.1900,8.3100,9.1120,360.9000,0.0699,2.1640,10.7100,0.0273
18.9500,8.1700,8.7160,360.3000,0.0670,2.2230,10.4400,0.0342
18.6900,8.0110,8.0890,360.4000,0.0670,2.1750,10.8800,0.0391
18.6400,7.9890,7.9840,360.7000,0.0670,2.1750,9.5900,0.0391
19.1900,8.0310,8.1350,358.2000,0.0664,2.0770,11.5600,0.0255
19.2100,8.0520,8.3120,358.7000,0.0662,2.0710,10.2600,0.0303
19.2500,8.0610,8.4290,356.3000,0.0711,2.0280,12.0000,0.0319
20.7900,8.3420,9.8760,354.6000,0.0776,2.2230,11.6100,0.0362
21.2800,8.5070,10.4930,351.7000,0.0680,2.1910,8.0400,0.0345
20.2300,8.2060,9.1190,353.9000,0.0680,2.1910,10.6600,0.0345
20.1000,8.1270,8.7540,354.6000,0.0691,2.1340,12.5000,0.0382
20.6300,8.3060,9.3340,354.7000,0.0703,2.0900,10.7700,0.0311
20.5600,8.2990,9.1620,354.9000,0.0688,2.1060,10.9400,0.0271
20.3900,8.2330,8.6980,354.7000,0.0732,2.0830,13.1200,0.0277
21.0600,8.4510,9.9030,352.8000,0.0813,2.1180,15.3400,0.0334
20.7100,8.5890,10.2710,353.2000,0.0734,2.0520,12.6800,0.0262
19.9700,8.1700,8.5760,356.7000,0.0700,2.0470,14.8400,0.0537
19.8000,8.2010,8.5330,356.5000,0.0706,2.1190,14.4500,0.0484
19.6100,8.1270,8.3500,358.6000,0.0739,2.1180,14.9200,0.0489
20.1300,8.3870,9.2440,356.0000,0.0840,2.1030,16.6800,0.0336
20.8300,8.6440,10.3790,354.2000,0.0853,2.0690,15.5800,0.0299
20.4300,8.7730,10.2890,353.0000,0.0762,1.9100,15.2100,0.0361
20.2000,8.7200,9.9790,353.3000,0.0751,2.0750,16.9200,0.0271
19.5300,8.4890,8.9510,356.4000,0.0767,2.0890,18.2800,0.0345
21.6500,8.9520,11.7430,350.7000,0.0863,2.0880,15.5300,0.0286
21.5600,9.0950,12.1980,347.9000,0.0785,1.9490,12.7000,0.0321
20.5000,8.8820,10.4320,351.5000,0.0824,1.9640,17.2300,0.0435
19.8600,8.7460,9.5390,352.9000,0.0786,1.9470,15.3600,0.0473
19.6500,8.8230,9.6130,351.1000,0.0763,1.9460,17.7000,0.0422
20.5300,8.9470,10.5160,349.3000,0.0864,2.0700,14.5100,0.0306
22.3200,9.0200,11.3870,346.9000,0.0926,1.9880,19.5000,0.0493
21.8300,9.1870,12.4210,345.5000,0.0813,1.9040,11.9800,0.0342
20.9100,9.0220,10.7490,348.3000,0.0793,1.9170,13.4700,0.0426
20.2500,8.7250,8.8560,349.6000,0.0747,1.9110,15.6400,0.0652
19.9000,8.6350,8.5370,350.9000,0.0757,1.8260,17.0600,0.0635
20.7200,8.7610,9.2410,350.0000,0.0860,1.8690,14.5100,0.0487
21.5100,8.7290,9.3080,349.3000,0.0975,1.9340,22.3200,0.0744
21.8800,8.8520,9.9740,349.0000,0.0793,1.9140,11.0500,0.0623
20.8900,8.4460,7.9180,355.7000,0.0764,1.8530,14.9000,0.0960
20.4400,8.1720,6.7340,354.4000,0.0744,1.8720,14.6300,0.1072
20.1000,8.1270,6.7680,355.3000,0.0802,1.9560,16.3400,0.1072
19.9900,8.0660,6.5810,355.9000,0.0780,1.8140,16.9200,0.1153
20.2900,8.0450,6.8780,355.8000,0.0852,1.8140,19.8600,0.1431
20.4100,8.1200,7.5680,355.7000,0.0824,1.7830,16.5400,0.1571
19.7900,7.8410,6.2420,360.0000,0.0843,1.8900,18.7400,0.1892
19.3900,7.7730,5.7500,360.5000,0.0797,1.8310,15.5000,0.1941
19.0700,7.6960,5.2900,361.2000,0.0869,1.8840,19.6200,0.2126
19.5900,7.7070,5.5110,360.9000,0.0942,1.7880,17.4000,0.2143
20.6100,7.7410,5.7980,361.1000,0.0992,1.8670,20.2200,0.2250
21.4100,7.8270,6.2600,359.9000,0.0873,1.7700,12.1500,0.2171
20.4200,7.7870,5.7830,360.6000,0.0874,1.7990,13.0500,0.2058
20.1900,7.7550,5.8210,360.8000,0.0811,1.7370,14.0000,0.1936
19.9300,7.7530,5.7160,360.7000,0.0824,1.7910,14.4900,0.1969
19.7500,7.7460,5.7800,361.5000,0.0862,1.7420,15.1600,0.2002
19.7300,7.8100,6.3220,359.5000,0.0866,1.7760,14.5400,0.1941
19.5300,7.7620,6.1450,358.7000,0.0894,1.7860,16.7500,0.2192
19.1400,7.6690,5.5570,362.4000,0.0894,1.7700,15.6600,0.2459
19.0300,7.6100,5.0170,365.2000,0.0914,1.7340,17.3800,0.2714
18.9400,7.5510,4.4090,366.8000,0.0993,1.7660,19.0100,0.2927
19.0100,7.5650,4.8850,367.0000,0.1023,1.7580,19.4700,0.2861
20.0500,7.6010,4.9980,365.8000,0.1024,1.7930,20.0700,0.2972
20.9700,7.6570,5.4310,364.7000,0.0901,1.7400,11.2700,0.2722
20.1600,7.5780,4.6480,366.8000,0.0960,1.7350,13.8400,0.2805
19.9700,7.5380,4.3150,368.3000,0.0957,1.7380,17.1800,0.2789
19.7600,7.5120,4.2120,370.4000,0.0982,1.8390,18.3900,0.2706
20.2400,7.5580,4.8430,370.5000,0.1023,1.7740,19.6100,0.2585
22.3800,7.7140,5.7620,367.9000,0.0986,1.8050,17.5100,0.2364
23.7000,7.9290,6.7980,365.6000,0.0907,1.6640,10.6100,0.1909
23.1300,7.9180,6.5200,365.7000,0.0913,1.6400,14.8100,0.1699
22.5100,7.8070,5.9670,366.8000,0.0943,1.6080,17.8100,0.1725
21.8100,7.6920,5.4310,368.2000,0.0943,1.6080,25.3300,0.1725
21.7200,7.7640,5.8580,367.6000,0.1047,1.6610,21.4500,0.1661
22.3800,7.8320,6.1860,367.3000,0.1047,1.6610,28.6700,0.1661
22.7100,8.1040,7.4070,366.3000,0.1007,1.6750,15.0800,0.1164
22.2500,8.0270,6.8710,367.4000,0.1007,1.6750,17.8100,0.1164
21.7500,7.8270,6.0900,368.7000,0.1038,1.6410,19.1400,0.1232
21.3600,7.7940,5.8590,370.2000,0.1011,1.6520,20.2000,0.1322
21.7400,7.9480,6.6740,369.8000,0.1011,1.6520,23.4800,0.1322
22.7000,8.4120,8.3790,369.0000,0.1164,1.6160,18.0400,0.1190
22.4600,8.3370,8.0360,370.6000,0.1080,1.6140,14.9000,0.1376
21.7300,7.9840,6.4960,373.0000,0.1081,1.5300,15.1000,0.1513
21.1900,7.8440,5.6620,373.8000,0.1086,1.4250,20.8900,0.1297
21.5500,7.8570,5.7470,373.7000,0.1279,1.4640,25.4800,0.1355
22.6900,8.2190,7.2960,372.6000,0.1279,1.4640,22.4200,0.1355
22.4500,8.0790,6.8750,376.6000,0.1147,1.5550,15.2100,0.1479
22.1400,7.9860,6.0350,374.5000,0.1004,1.5320,18.8800,0.1365
21.4200,7.6400,4.3230,375.4000,0.1121,1.2630,19.5600,0.1248
22.1500,8.0770,6.4530,373.8000,0.1315,1.2700,24.7900,0.0893
23.5900,8.3830,7.8890,374.1000,0.1330,1.3240,23.8600,0.0838
24.2300,8.5850,8.5880,373.1000,0.1232,1.2580,20.8500,0.0793
23.1300,8.3560,7.7170,374.8000,0.1022,1.3150,17.4100,0.0860
22.4600,8.0230,6.3520,376.5000,0.1022,1.3150,21.1600,0.0860
22.3500,7.8800,5.9650,378.9000,0.1331,1.2700,26.3300,0.1142
24.4600,8.2830,8.1280,381.2000,0.1443,1.3360,21.7200,0.1170
23.5200,8.2690,7.5770,381.4000,0.1228,1.3420,20.8600,0.1073
22.1600,7.7660,5.0560,383.4000,0.1071,1.1750,21.1300,0.1064
22.5900,7.8860,5.8250,383.1000,0.1071,1.1750,28.3200,0.1064
24.5200,8.2170,7.5250,383.2000,0.1349,1.3170,24.3100,0.1018
23.5100,8.0180,6.4490,385.5000,0.1109,1.1580,18.4400,0.1043
23.0500,7.9200,5.8980,385.4000,0.1109,1.1580,22.1200,0.1043
22.3000,7.7480,4.9830,386.4000,0.1219,1.0660,28.8200,0.1161
23.0300,7.9790,6.2790,385.7000,0.1496,1.0830,29.4700,0.0878
24.4100,8.1740,7.6360,385.0000,0.1691,1.2600,27.2600,0.0867
24.9300,8.0910,7.3750,387.1000,0.1338,1.3830,18.7700,0.1279
24.3500,7.9860,6.0610,389.1000,0.1171,0.9870,17.8800,0.1386
23.5300,7.6640,4.4250,388.8000,0.1171,0.9870,21.8500,0.1386
23.0900,7.6600,4.5410,390.1000,0.1236,1.0100,23.5500,0.1509
23.5500,7.8160,5.7590,389.8000,0.1601,1.1200,30.4800,0.1260
26.0100,8.3780,8.4880,387.0000,0.1664,1.0690,27.5300,0.0772
27.4000,8.7590,10.1570,384.1000,0.1194,0.9720,19.6300,0.0552
25.8000,8.5260,8.1600,385.1000,0.1207,0.8390,18.8100,0.0704
24.5000,8.2240,7.0530,390.1000,0.1207,0.8390,26.8400,0.0704
23.4800,7.7730,5.0900,392.6000,0.1358,0.9730,25.0400,0.1025
24.0800,8.2790,7.9340,389.9000,0.1765,1.0460,27.7200,0.0507
25.2700,8.5390,9.1400,387.8000,0.1620,0.9850,27.0300,0.0485
25.3700,8.7340,9.7280,386.2000,0.1431,0.9530,25.0000,0.0502
24.4100,8.6270,8.7080,390.6000,0.1341,0.9310,23.7600,0.0517
23.8300,8.0090,6.0290,395.1000,0.1341,0.9310,23.3300,0.0517
23.4100,7.9410,5.6050,397.9000,0.1334,0.9680,25.3100,0.0946
23.6900,8.0500,6.4100,397.6000,0.1863,0.9970,31.3100,0.0746
25.4300,8.5600,8.7200,395.1000,0.1877,1.0130,34.9600,0.0641
26.4700,8.9740,11.2750,390.1000,0.1724,0.9280,24.0600,0.0319
24.7400,8.4730,8.2400,395.5000,0.1548,1.1120,25.9400,0.0688
24.0600,8.2490,7.0970,398.6000,0.1548,1.1120,23.5700,0.0688
23.3300,7.7080,4.5770,400.6000,0.1557,0.8860,22.3400,0.0907
23.9400,8.2870,7.5590,400.3000,0.1831,1.0040,27.7700,0.0515
26.1200,8.5250,7.8580,1.8000,0.1795,0.9360,2.8000,0.0438
26.4400,8.7200,7.8650,1.7000,0.1500,0.8110,0.3000,0.0494
25.9100,8.5140,7.7670,1.2000,0.1527,0.9700,0.0100,0.0711
25.1600,8.5640,9.3550,405.3000,0.1693,0.9160,33.7400,0.0474
25.7700,8.9630,11.7750,402.0000,0.1562,0.8340,26.1400,0.0464
24.5900,8.7480,9.6430,405.8000,0.1616,0.8990,26.9600,0.0552
23.9800,7.9300,5.6430,409.1000,0.1616,0.8990,23.1900,0.0552
23.4300,8.0740,5.9630,413.8000,0.1584,0.8240,26.5900,0.0842
23.5500,8.2020,6.9270,413.3000,0.1918,0.8780,25.2600,0.0606
24.9200,8.6680,9.5530,410.3000,0.1923,0.8590,29.4500,0.0524
24.1700,8.4140,7.9620,410.3000,0.1600,0.7870,23.9300,0.0816
23.7200,8.5080,8.0870,412.1000,0.1601,0.9130,23.3500,0.0706
22.9100,8.0630,6.1640,415.5000,0.1601,0.9130,23.5200,0.0706
22.3700,7.9500,5.5190,417.7000,0.1429,0.8450,23.0800,0.1100
23.0700,8.0790,6.3920,418.2000,0.1761,0.8670,24.0300,0.0993
24.9400,8.5910,9.0240,416.1000,0.1780,0.9120,24.8900,0.0829
24.3800,8.5080,8.2200,414.7000,0.1654,0.8720,24.4400,0.1021
23.4600,8.0520,6.1640,417.6000,0.1472,0.8870,26.7300,0.1312
22.9000,7.8750,5.3610,419.2000,0.1472,0.8870,21.6000,0.1312
22.5200,7.8440,5.2360,420.6000,0.1648,0.8650,28.8700,0.1174
23.2500,8.1560,6.6680,421.1000,0.1780,0.8400,22.3500,0.0863
25.6400,8.8000,10.2150,417.7000,0.1642,0.7990,20.2800,0.0559
24.4500,8.4330,8.1030,417.7000,0.1540,0.8680,26.6500,0.0940
23.8800,8.4050,7.4900,420.5000,0.1435,0.9540,25.7900,0.0985
23.4400,8.2900,6.8180,424.9000,0.1435,0.9540,20.3400,0.0985
22.8400,7.9090,5.2460,428.6000,0.1506,0.8500,18.6900,0.0991
23.1800,8.0650,6.2520,429.5000,0.1596,0.7950,19.6700,0.0799
25.2400,8.7910,9.6910,427.9000,0.1595,0.9350,22.5500,0.0687
25.0100,8.8310,9.8570,427.0000,0.1471,0.9290,23.7100,0.0889
24.1800,8.7000,8.4040,430.3000,0.1448,0.8460,22.9100,0.0841
23.5300,8.2720,6.0820,436.2000,0.1500,0.8880,26.6000,0.0912
24.1700,8.4740,6.9080,438.4000,0.1648,0.8020,24.0500,0.0810
25.2900,8.6590,8.7560,439.5000,0.1651,0.8270,25.2900,0.0851
25.4000,8.7020,9.1820,438.3000,0.1513,0.9290,23.8000,0.0962
24.8600,8.7200,8.6730,439.9000,0.1485,0.7930,22.4600,0.0828
24.4500,8.4530,7.0440,443.0000,0.1443,0.7470,20.7500,0.0783
23.9300,7.9860,5.0540,447.1000,0.1501,0.7590,18.8600,0.0886
24.4100,8.3010,6.6050,447.8000,0.1655,0.7890,20.7200,0.0731
25.6200,8.8020,9.6050,446.5000,0.1634,0.7970,24.3300,0.0491
25.8500,8.8230,9.5730,447.4000,0.1553,0.7660,24.1800,0.0887
25.7300,8.8630,9.5600,449.5000,0.1429,0.7260,19.9300,0.0646
25.2600,8.6300,7.7220,453.7000,0.1363,0.7030,18.8000,0.0726
24.5900,8.0630,5.2970,459.6000,0.1441,0.7010,17.8800,0.0808
24.9800,8.3100,6.8260,463.6000,0.1610,0.7430,20.8000,0.0548
26.2900,8.8360,10.1050,462.1000,0.1536,0.7250,22.1400,0.0497
27.2000,9.0290,11.9840,459.0000,0.1447,0.6780,22.1100,0.0556
26.0800,8.6930,8.6470,463.8000,0.1400,0.7260,21.9100,0.0744
25.5900,8.4120,6.9330,470.2000,0.1325,0.6830,19.9300,0.0748
24.8600,7.7840,4.0200,474.5000,0.1392,0.7060,17.7400,0.0963
24.9700,7.8590,4.6010,480.8000,0.1638,0.7130,20.4700,0.0826
26.8500,8.7030,9.3070,479.7000,0.1548,0.6750,25.4600,0.0475
27.3700,8.8750,11.1520,476.6000,0.1575,0.7270,21.9900,0.0565
26.1100,8.4150,7.6750,478.1000,0.1492,0.8510,25.3900,0.0853
25.7600,8.3220,7.1000,486.5000,0.1410,0.6730,21.2700,0.0648
25.3200,7.9660,5.2290,489.0000,0.1512,0.6380,22.3300,0.0690
25.5200,8.0040,5.4830,492.2000,0.1689,0.6860,25.6400,0.0615
26.6000,8.5230,8.5450,490.1000,0.1729,0.7090,29.1900,0.0477
26.6300,8.5660,9.0980,486.1000,0.1621,0.6980,31.2800,0.0528
25.6500,8.0340,6.0280,487.4000,0.1627,0.7500,32.8700,0.0867
25.4000,8.0560,5.5900,495.6000,0.1467,0.6760,25.3400,0.1137
24.7700,7.8680,4.8210,497.1000,0.1475,0.6740,24.4500,0.1062
24.5700,7.8390,4.5890,495.9000,0.1729,0.7380,27.0900,0.1181
24.5400,7.8320,4.8880,493.8000,0.1831,0.7240,28.0800,0.1272
24.4700,7.8250,5.1050,494.7000,0.1854,0.6930,28.4700,0.1418
24.0400,7.6570,3.7220,494.5000,0.1802,0.7540,30.7000,0.1957
23.8700,7.5980,3.0470,497.9000,0.1689,0.7750,24.4300,0.2422
23.7200,7.5670,2.7890,499.8000,0.1635,0.8230,20.3800,0.2725
23.8800,7.5800,2.9600,502.2000,0.1845,0.8650,22.8200,0.2708
26.0000,7.9300,5.6880,503.0000,0.1761,0.8540,22.9700,0.2454
26.0100,8.0200,6.8930,491.6000,0.1681,0.9890,26.5300,0.2052
25.3700,7.9980,6.3050,501.2000,0.1664,0.8460,31.3300,0.2135
24.9700,7.7230,4.6260,504.6000,0.1664,0.8460,26.7000,0.2135
24.6700,7.9210,5.7190,507.2000,0.1466,0.8180,26.9200,0.1576
25.4000,8.0700,6.7440,509.8000,0.1563,0.7800,22.9100,0.1192
26.9700,8.5820,10.4880,505.5000,0.1790,0.7910,26.4800,0.0761
27.2100,8.6370,10.2380,506.0000,0.1618,0.7680,25.0500,0.1013
26.2600,8.3600,8.0060,508.7000,0.1743,0.7990,31.5900,0.1215
25.8600,8.0630,6.5950,510.6000,0.1743,0.7990,29.1900,0.1215
25.6300,8.2470,7.2600,510.3000,0.1560,0.6800,30.7700,0.0684
27.4000,8.7450,10.4690,503.4000,0.1600,0.5890,31.6500,0.0313
26.2300,8.5010,8.7090,504.8000,0.1532,0.6010,31.1700,0.0413
25.8300,8.5080,8.4030,505.6000,0.1378,0.5890,27.7600,0.0299
27.2100,8.9740,11.8800,504.4000,0.1508,0.5790,33.2000,0.0256
26.5200,8.6610,9.0960,506.7000,0.1481,0.5670,34.1900,0.0276
26.0600,8.3780,7.2660,510.2000,0.1401,0.5500,28.2600,0.0261
27.8000,8.8680,11.2490,505.8000,0.1565,0.6140,33.2300,0.0256
26.7200,8.5780,9.0040,511.0000,0.1435,0.5570,30.9900,0.0382
26.3400,8.6430,9.0560,510.3000,0.1435,0.5570,33.0200,0.0382
25.9900,8.4510,7.6140,514.6000,0.1282,0.5350,25.2800,0.0503
25.9500,8.3080,6.9440,516.4000,0.1522,0.6340,22.9900,0.0435
25.5400,8.1760,6.7930,503.9000,0.1627,0.6800,26.9800,0.0772
25.4500,8.1630,6.6470,504.8000,0.1610,0.6310,34.3300,0.1150
24.9200,7.8520,4.8490,509.1000,0.1390,0.6850,27.2900,0.1797
24.6300,7.7440,4.0770,512.9000,0.1429,0.7480,23.0500,0.2371
24.4200,7.7210,3.8340,513.0000,0.1441,0.8300,18.5200,0.2532
25.0600,7.7730,4.2970,513.9000,0.1508,0.7870,20.1800,0.2571
25.8000,7.8530,4.8770,513.7000,0.1587,0.8010,25.2200,0.2660
26.1800,8.0180,5.9610,514.3000,0.1555,0.8160,25.7100,0.2477
26.0700,8.0790,6.2130,516.5000,0.1424,0.7600,22.5800,0.2196
25.7600,8.0000,5.6240,518.0000,0.1427,0.7840,20.4700,0.2302
25.4600,7.9180,5.1040,518.6000,0.1446,0.8170,19.2000,0.2311
25.3800,7.9230,5.1950,518.2000,0.1500,0.8860,19.3300,0.2249
25.7800,8.0540,6.2470,517.2000,0.1561,0.8580,20.6100,0.2070
25.6800,8.0900,6.6730,516.7000,0.1620,0.8630,22.6600,0.2124
25.3900,8.0470,6.3350,516.5000,0.1654,0.9680,21.8400,0.2445
25.2400,8.0130,6.0230,516.0000,0.1654,0.9680,20.0200,0.2445
24.9800,7.8660,5.0270,515.5000,0.1782,1.1890,19.4500,0.3663
25.2800,7.8930,5.3880,515.8000,0.1906,1.2770,20.3100,0.3770
25.7400,8.0410,6.5650,515.4000,0.1986,1.2560,22.1000,0.3593
26.7700,8.4670,9.3690,512.6000,0.1928,1.2130,22.4600,0.3091
26.3000,8.2610,8.1540,510.1000,0.1932,1.2390,26.9400,0.2831
25.8800,8.1590,7.1310,515.8000,0.1785,1.2180,20.7700,0.2871
25.6000,8.0520,6.4110,517.7000,0.1771,1.2610,19.0700,0.3032
26.0600,8.2400,7.8300,517.4000,0.1961,1.3120,21.6800,0.2591
27.6200,8.6320,11.0010,511.0000,0.1954,1.2570,25.5300,0.1959
27.7100,8.8140,12.2890,510.3000,0.1949,1.2830,27.1000,0.2260
27.2400,8.8540,12.7480,509.3000,0.1917,1.2530,25.8100,0.1603
26.8900,8.6890,10.9550,510.0000,0.1761,1.1460,21.9200,0.1348
26.6500,8.5370,10.6180,506.1000,0.1612,1.2000,19.0100,0.1181
27.4200,8.7930,13.0950,502.2000,0.1641,1.1960,19.3300,0.0621
29.1100,9.1490,18.6670,493.8000,0.1776,1.1580,21.9400,0.0674
28.8400,9.1030,16.2350,498.8000,0.1792,1.2620,25.9900,0.1224
27.3000,8.6300,10.6580,505.6000,0.1939,1.3840,31.1400,0.2019
26.8300,8.1240,7.7450,506.6000,0.1939,1.3840,25.6500,0.2019
26.9600,8.2150,8.5720,498.2000,0.1689,1.2070,22.7300,0.1717
27.1800,8.3350,9.5080,494.0000,0.1642,1.1830,20.8000,0.1208
28.1000,8.8970,13.9670,486.1000,0.1663,1.1010,22.5700,0.0603
28.9900,9.1800,16.8500,482.0000,0.1568,1.1230,25.9800,0.0485
27.7300,8.8270,11.5660,490.1000,0.1584,1.0960,27.6600,0.0972
27.2300,8.5190,8.8190,496.9000,0.1584,1.1930,24.5700,0.1420
26.8800,8.2400,6.9510,501.9000,0.1614,1.1910,22.8500,0.1617
27.0300,8.2950,7.6180,503.4000,0.1771,1.2580,22.3900,0.1289
27.9700,8.8660,12.3530,495.9000,0.1706,1.1910,24.8200,0.0478
28.0900,9.0200,13.8150,492.3000,0.1632,1.1310,27.8300,0.0554
27.4200,8.7910,10.9910,497.1000,0.1688,1.1180,29.6700,0.0773
27.1200,8.5850,9.1340,500.4000,0.1688,1.1180,26.1700,0.0773
26.7900,8.2350,6.7730,505.5000,0.1696,1.1600,24.4900,0.1463
26.5900,8.1080,6.2020,506.8000,0.1735,1.2010,24.0300,0.1567
26.4500,8.0810,6.2760,505.2000,0.1815,1.2650,27.4500,0.1719
26.2500,8.0230,6.0840,493.6000,0.1844,1.2480,27.0000,0.2214
26.0800,7.8480,4.7820,494.1000,0.1844,1.2480,26.1000,0.2214
25.6100,7.6980,3.7410,498.9000,0.2004,1.4010,29.2300,0.4108
25.2800,7.6550,3.2700,498.6000,0.2000,1.4230,25.1000,0.4566
25.6900,7.7250,3.6980,501.1000,0.2000,1.4230,21.9800,0.4566
26.3500,7.7730,4.0410,500.3000,0.2302,1.6730,30.2400,0.5258
26.5800,7.7890,4.4550,480.8000,0.3558,2.5060,68.2400,0.7231
26.3600,7.7620,4.3510,473.6000,0.3731,2.9290,60.4400,0.8250
26.2900,7.7260,4.2630,469.8000,0.3777,2.9550,48.2600,0.9074
26.1000,7.6780,3.9950,470.3000,0.3777,2.9550,42.4800,0.9074
26.4900,7.7210,4.5390,470.7000,0.3743,3.2160,36.5600,1.0629
27.7700,8.0400,7.2440,471.0000,0.3578,3.1460,36.6400,0.9724
27.6500,8.0410,6.9910,471.3000,0.3518,3.1310,35.1900,0.9974
27.4300,8.0160,6.3290,473.3000,0.3518,3.1310,28.8500,0.9974
26.9300,7.8050,4.8000,475.4000,0.3156,2.9850,24.9300,1.0205
26.7400,7.8300,4.7240,477.0000,0.3071,2.8810,23.8900,0.9519
26.9200,7.8030,5.0670,479.2000,0.3116,2.8850,24.8800,0.9296
28.0300,8.1860,8.2780,474.6000,0.2962,2.8430,26.2600,0.7929
28.2400,8.5280,10.3670,470.2000,0.2910,2.7340,27.3800,0.6580
27.7000,8.3960,8.6420,475.1000,0.2747,2.6240,27.5500,0.6010
26.7800,7.9380,5.5590,479.1000,0.2747,2.6240,24.8800,0.6010
26.3500,7.8100,4.7820,475.3000,0.2682,2.6060,24.1900,0.7377
26.6900,7.9460,5.9230,475.5000,0.2695,2.6350,24.3300,0.6566
27.0800,8.2720,7.8330,474.8000,0.2691,2.5880,26.7300,0.5549
27.1400,8.6030,10.4080,471.1000,0.2614,2.4630,27.7600,0.4737
26.7000,8.3550,8.6500,473.2000,0.2487,2.4370,27.0500,0.4440
26.4800,8.1720,7.3030,475.3000,0.2437,2.4450,24.2900,0.4681
26.2500,7.9290,5.8120,476.7000,0.2440,2.4280,23.6000,0.4946
26.1900,7.8100,5.1840,478.0000,0.2462,2.4890,23.6500,0.5368
26.2900,7.8770,5.8750,477.7000,0.2460,2.4700,25.1100,0.5041
26.9400,8.3080,8.9040,474.9000,0.2342,2.3740,23.3600,0.4355
26.6900,8.1670,7.8060,476.7000,0.2234,2.4110,23.6000,0.4472
26.3200,7.8030,5.2180,479.3000,0.2136,2.3970,20.7200,0.5109
26.1600,7.6980,4.4630,480.2000,0.2103,2.3800,19.0300,0.5345
26.2200,7.6490,3.9850,481.5000,0.2274,2.4090,19.0900,0.5653
27.5000,7.8160,5.4770,481.0000,0.2146,2.3740,19.7100,0.5457
27.9100,8.0930,7.4470,479.8000,0.2086,2.3820,19.4500,0.4955
27.1800,7.9200,6.1280,481.4000,0.2079,2.3170,20.1700,0.4585
27.2100,7.8620,5.4390,481.7000,0.1987,2.3000,18.5900,0.4520
27.0700,7.7910,4.7880,482.4000,0.1887,2.2610,16.0900,0.4277
26.9400,7.7570,4.6000,482.9000,0.2025,2.2990,15.4500,0.4187
28.6200,7.9160,6.4660,483.5000,0.1975,2.2010,14.2400,0.3621
28.4700,8.1790,7.7980,481.7000,0.1971,2.3600,20.1600,0.3228
28.0900,8.1150,7.2800,482.1000,0.1942,2.2560,22.2100,0.3078
27.6900,8.0400,6.4080,484.4000,0.1942,2.2560,17.7800,0.3078
27.4600,7.9570,5.6160,485.8000,0.1853,2.2960,15.0100,0.2830
27.4300,7.9320,5.3550,486.8000,0.1894,2.2980,13.9700,0.2941
27.7900,8.0650,6.2400,486.9000,0.1900,2.3390,14.8100,0.2836
27.7200,8.1970,6.8220,486.7000,0.1967,2.3500,19.8000,0.2615
27.3600,7.8620,4.9050,488.5000,0.1926,2.2870,20.5900,0.3033
27.1600,7.8120,4.2750,490.0000,0.1926,2.2870,17.5300,0.3033
26.9400,7.7640,3.8560,491.1000,0.1860,2.2730,15.8300,0.3257
26.7400,7.7210,3.6290,491.4000,0.1955,2.2690,15.7600,0.3521
26.6700,7.7080,3.6440,490.4000,0.2053,2.2990,16.9700,0.3877
26.3600,7.6920,3.6920,490.2000,0.2091,2.3080,19.7400,0.4115
26.2700,7.6530,3.1840,493.5000,0.2056,2.3930,19.9200,0.4542
26.1600,7.6150,2.7580,494.2000,0.2049,2.3660,19.2800,0.4724
26.0900,7.5870,2.4130,494.5000,0.2044,2.3250,16.6400,0.5062
26.0600,7.5650,2.1500,495.0000,0.2065,2.3290,13.6200,0.5624
26.3700,7.6010,2.5760,495.1000,0.2127,2.3660,15.6100,0.5425
27.0000,7.6240,2.7030,496.4000,0.2030,2.3240,18.3700,0.5433
26.6600,7.6370,3.0630,495.2000,0.2050,2.3560,20.8900,0.5096
26.4800,7.6230,2.8120,499.2000,0.2050,2.3560,19.7800,0.5096
26.3200,7.6030,2.5940,499.9000,0.2007,2.3450,16.9700,0.5285
26.5100,7.6420,3.0850,499.6000,0.1999,2.3560,16.3100,0.5051
27.2100,7.7760,4.5680,499.9000,0.2118,2.3770,18.8800,0.4502
27.7200,8.0020,6.4030,500.3000,0.2093,2.3820,23.6400,0.3903
27.0500,8.0130,6.5710,496.4000,0.2033,2.3340,25.1600,0.3229
26.7300,7.9390,5.7650,502.0000,0.2033,2.3340,22.0000,0.3229
26.4000,7.8570,5.0670,502.4000,0.1851,2.2910,20.7900,0.3088
26.8000,7.9300,5.8540,500.9000,0.1925,2.2710,18.9400,0.2785
28.2200,8.3330,9.5270,501.5000,0.1973,2.2470,20.8000,0.2085
29.2800,9.2350,18.7760,488.1000,0.2019,2.2700,26.2400,0.0505
28.5000,9.1440,16.9200,485.0000,0.1796,2.1440,26.8500,0.0408
27.9100,9.0180,15.9580,477.6000,0.1796,2.1440,22.4600,0.0408
27.3900,8.7950,13.1470,481.9000,0.1594,2.0680,19.8400,0.0336
27.6600,8.9860,15.8550,480.9000,0.1879,2.1170,19.9700,0.0346
29.1000,9.2510,21.7970,464.6000,0.1643,2.1780,27.7200,0.0281
28.1400,9.0090,18.1130,468.1000,0.1815,2.2250,27.1500,0.0345
27.8000,8.7360,15.2880,464.0000,0.1815,2.2250,23.8300,0.0345
27.3300,8.4670,13.0900,465.0000,0.1488,2.0810,19.6500,0.0411
29.4100,9.1870,21.0940,455.6000,0.1525,2.0120,26.8300,0.0431
28.2800,8.9000,16.3910,460.0000,0.1600,2.0400,24.6100,0.0552
27.9500,8.6750,14.9770,452.2000,0.1600,2.0400,22.2600,0.0552
27.5300,8.3970,12.7440,454.6000,0.1309,1.9140,19.2700,0.0565
27.9600,8.4490,12.2190,462.1000,0.1649,2.0540,18.4400,0.0496
29.2400,8.9410,16.9130,454.7000,0.1546,1.9280,21.4000,0.0354
29.8400,9.1490,19.1340,454.7000,0.1566,1.9090,22.9500,0.0387
29.5000,9.1260,19.8180,440.7000,0.1373,1.7300,23.5900,0.0261
29.0300,8.8990,17.1350,436.0000,0.1373,1.7300,19.8800,0.0261
28.6400,8.5910,14.1970,438.0000,0.1234,1.6840,17.0300,0.0448
29.0500,8.7450,15.5440,438.2000,0.1310,1.7330,17.0000,0.0276
30.4800,9.1760,18.9270,432.1000,0.1201,1.5090,22.6900,0.0322
29.4900,8.6590,12.7360,443.1000,0.1201,1.5090,20.8600,0.0322
28.8700,8.3350,10.5140,450.9000,0.1145,1.5680,16.0900,0.0943
29.2700,8.3600,10.4080,452.9000,0.1164,1.5700,14.2700,0.0776
30.6000,8.9240,13.8100,445.0000,0.1243,1.5210,18.6000,0.0284
29.9200,8.8840,12.2710,449.2000,0.1215,1.4690,21.3500,0.0498
29.2300,8.5140,9.1480,458.2000,0.1215,1.4690,19.0500,0.0498
28.7400,8.1760,7.1180,461.5000,0.1185,1.4580,16.8100,0.1034
28.1200,7.9000,5.4920,461.8000,0.1216,1.5020,16.3500,0.1514
27.7600,7.7300,4.6020,464.0000,0.1448,1.5540,17.1000,0.2364
27.0800,7.7250,5.0920,442.2000,0.1445,1.5820,18.3500,0.5114
27.1100,7.5920,3.5690,459.6000,0.1668,1.7210,24.8700,0.4477
26.9800,7.5920,3.1880,468.5000,0.1668,1.7210,20.2700,0.4477
26.5200,7.4470,2.5040,449.8000,0.2601,2.5270,63.8200,0.6187
26.0700,7.3540,1.0870,406.1000,0.4751,5.5240,113.2500,1.2176
26.3000,7.2900,0.9370,372.4000,0.5606,32.2010,123.8700,1.9420
26.7100,7.3270,1.4780,372.8000,0.4896,4.8270,92.4900,1.9493
26.6700,7.3490,1.8240,384.3000,0.4034,4.5050,58.9300,1.9186
26.8000,7.3940,2.1030,415.3000,0.4034,4.5050,39.1100,1.9186
26.9100,7.4560,2.3800,466.0000,0.2552,3.4710,30.1000,1.4162
27.0100,7.4540,2.1530,475.3000,0.2792,3.6370,25.8700,1.4233
27.7400,7.4740,2.5580,471.4000,0.3229,4.0070,26.5100,1.4558
27.9500,7.4650,2.7850,453.5000,0.3232,4.2300,31.1500,1.4074
27.5100,7.4110,2.4880,430.5000,0.3095,4.4180,36.0900,1.2922
27.3600,7.3860,2.3840,413.0000,0.3095,4.4180,33.1100,1.2922
27.3600,7.3770,2.4560,396.7000,0.2719,4.3300,33.7300,1.0660
29.0300,7.5940,4.6820,352.5000,0.0880,2.8050,38.3300,0.5161
28.7000,7.5890,4.7330,351.1000,0.0879,2.7810,32.8100,0.4628
28.4500,7.5170,4.4050,351.1000,0.0879,2.7810,28.2600,0.4628
28.1400,7.4960,3.9630,351.9000,0.0858,2.6330,26.1700,0.4691
28.3200,7.5040,4.1480,353.8000,0.0825,2.6700,27.5100,0.4517
29.2100,7.5890,5.0590,354.3000,0.0806,2.7070,30.3800,0.4231
29.7300,7.6890,5.9800,355.8000,0.0790,2.6000,32.6200,0.3801
29.3100,7.6490,5.7430,358.5000,0.0782,2.5010,34.6100,0.3462
29.1000,7.6080,5.1200,359.8000,0.0782,2.5010,29.6300,0.3462
28.8300,7.5490,4.5590,361.9000,0.0750,2.5540,25.5900,0.3217
28.8000,7.5580,4.6890,364.6000,0.0738,2.4920,24.5500,0.3053
28.5700,7.5830,4.9930,364.5000,0.0722,2.5600,27.8500,0.2944
28.6100,7.6300,5.4300,366.5000,0.0595,2.5670,30.9100,0.2856
28.4600,7.5800,4.8330,369.6000,0.0639,2.5910,29.6800,0.3000
28.3300,7.5240,4.2570,374.2000,0.0623,2.5790,27.9700,0.3082
28.1900,7.4850,3.7440,376.6000,0.0643,2.5560,22.0600,0.3105
28.2900,7.5120,3.9550,382.5000,0.0644,2.6870,21.0000,0.2861
28.5400,7.6080,5.1030,385.2000,0.0542,2.6810,21.7000,0.2236
28.9000,7.7820,6.6510,393.5000,0.0588,2.7370,24.0500,0.1733
28.6100,7.6910,5.6240,401.6000,0.0701,2.7350,28.8300,0.1866
28.4600,7.6580,5.2090,405.4000,0.0701,2.7350,23.8800,0.1866
28.2300,7.6080,4.6490,416.7000,0.0686,2.5950,19.3100,0.1913
28.2800,7.6060,4.6080,425.9000,0.0690,2.8150,18.9200,0.1875
28.6000,7.6920,5.4750,433.9000,0.0986,2.8090,19.1600,0.1749
29.0700,7.8140,6.6490,439.0000,0.1012,2.7840,22.6200,0.1572
28.7300,7.7500,5.8970,450.1000,0.0972,2.8940,25.3700,0.1781
28.4500,7.6760,5.0830,455.9000,0.0972,2.8940,22.2500,0.1781
28.1900,7.6210,4.5510,457.4000,0.0917,2.9490,19.0200,0.2070
28.4200,7.6260,4.7370,459.1000,0.1575,3.1220,16.6400,0.1833
29.5700,7.7390,6.2880,460.9000,0.0760,3.0310,19.2000,0.1557
29.0700,7.7680,6.3920,457.8000,0.1973,3.0700,24.1900,0.1596
28.8200,7.7500,6.0790,456.7000,0.1973,3.0700,22.0600,0.1596
28.6500,7.7260,5.6480,456.2000,0.1819,3.1810,18.5000,0.1583
28.9800,7.8090,6.7730,453.3000,0.1954,3.0360,16.4900,0.1012
30.0700,7.9500,8.2690,452.6000,0.1849,2.9860,18.9900,0.0846
30.2900,8.3460,10.7350,448.5000,0.1885,2.8310,20.5000,0.0707
29.6400,8.2720,9.1490,448.0000,0.1820,2.8500,21.0700,0.1066
29.4000,8.1630,7.9420,448.0000,0.1769,2.8450,19.7100,0.1067
29.1300,8.0630,7.1320,447.0000,0.1732,2.7320,17.1300,0.1003
29.3900,8.1680,7.9820,444.9000,0.1768,2.7170,15.2300,0.0587
29.9500,8.3510,9.3280,442.6000,0.1693,2.6510,17.5400,0.0600
30.3700,8.7210,12.1300,436.2000,0.1673,2.6980,18.1700,0.0519
29.8700,8.5230,9.6170,439.6000,0.1546,2.5270,16.6500,0.0762
29.6900,8.6460,9.6170,436.4000,0.1546,2.5270,14.9500,0.0762
29.3200,8.4010,7.6430,438.2000,0.1506,2.3680,13.7700,0.1047
29.6400,8.5080,8.5620,436.7000,0.1634,2.5460,13.3400,0.0700
30.6100,8.6910,10.4420,432.8000,0.1521,2.3190,14.3400,0.0648
30.5700,8.9200,12.5770,427.0000,0.1524,2.2760,15.6500,0.0558
30.2500,8.8570,10.9420,427.8000,0.1456,2.1800,15.1400,0.0762
30.2400,8.8250,10.6310,423.3000,0.1456,2.1800,12.7000,0.0762
29.9200,8.6180,8.3340,426.3000,0.1299,2.1530,11.2200,0.1126
29.3100,8.2490,6.4140,410.5000,0.1331,2.0200,11.4300,0.1718
29.3600,8.2510,5.9740,421.3000,0.1474,2.1560,21.9900,0.2120
29.6700,8.4080,7.0500,420.7000,0.1507,2.1940,17.5000,0.1996
29.5500,8.3310,6.2910,419.2000,0.1349,2.0860,15.1300,0.2069
29.0600,8.0630,4.7930,422.0000,0.1349,2.0860,12.8000,0.2069
28.5500,7.9340,4.0820,423.1000,0.1396,2.1700,13.6600,0.2762
28.4900,7.9570,4.5130,425.6000,0.1396,2.1700,12.7900,0.2762
29.3200,8.2790,6.8180,426.2000,0.1767,2.3030,14.4100,0.2503
29.2800,8.4530,8.1490,426.9000,0.2465,2.7650,18.0600,0.4246
28.2800,8.0900,5.8000,428.5000,0.2911,3.0330,17.1600,0.6481
27.6800,7.8370,4.3430,428.1000,0.2911,3.0330,17.1800,0.6481
27.1200,7.6830,3.4350,426.7000,0.3584,3.3740,17.5200,1.1118
27.2100,7.7100,4.1200,425.1000,0.3830,3.4250,14.6100,1.1752
28.2400,8.0340,7.0520,421.8000,0.3842,3.5160,17.5800,1.0575
29.1300,8.3650,9.3990,420.1000,0.3654,3.3700,20.6000,0.8585
28.5200,8.1360,7.7860,424.4000,0.3289,3.1140,18.7200,0.7379
28.0900,7.9950,6.7880,429.7000,0.3289,3.1140,16.6100,0.7379
27.7500,7.8950,5.8700,431.9000,0.2975,2.9840,17.4900,0.5917
28.0500,7.9790,6.8400,431.6000,0.2932,2.8490,17.6700,0.5081
29.5500,8.5590,11.1830,428.5000,0.2824,2.8620,18.8200,0.3633
30.0800,8.9180,14.3480,425.7000,0.2653,2.7990,22.3100,0.2357
28.8300,8.3490,8.7720,438.1000,0.2473,2.6710,20.2600,0.2831
28.5300,8.3850,8.2960,440.8000,0.2473,2.6710,18.0000,0.2831
28.2200,8.2690,7.1930,443.3000,0.2344,2.7770,17.2900,0.2649
28.5500,8.3690,8.4690,445.5000,0.2374,2.7710,16.2200,0.1821
29.9300,8.9630,14.6010,436.7000,0.2302,2.7700,19.5700,0.0619
30.3800,9.1830,18.3110,433.4000,0.2302,2.7700,22.3400,0.0619
29.8400,8.9400,13.3480,438.6000,0.2188,2.5900,21.9400,0.1186
29.5200,8.8840,13.7380,429.3000,0.2188,2.5900,18.2900,0.1186
28.7400,8.6230,10.3070,442.8000,0.1840,2.5500,16.6900,0.1423
28.9200,8.6780,10.5600,443.3000,0.1899,2.5980,15.3500,0.1097
29.7500,8.9950,13.0300,440.8000,0.1935,2.6510,20.8400,0.0485
29.7400,9.1460,15.2750,436.9000,0.1865,2.5750,22.7900,0.0518
28.8800,9.0400,12.7540,441.9000,0.1806,2.5050,23.2600,0.0634
28.2900,8.8430,10.1230,447.0000,0.1806,2.5050,20.3600,0.0634
27.6100,8.6860,8.2700,450.5000,0.1771,2.5130,20.4300,0.1136
27.6400,8.7390,8.7540,449.1000,0.1860,2.5360,20.5300,0.0800
28.5000,8.9840,11.6630,445.0000,0.1891,2.5860,24.1800,0.0513
28.5300,9.0880,12.8230,444.2000,0.1852,2.5220,27.6700,0.0498
28.0100,8.9630,10.8140,447.7000,0.1821,2.7110,27.5500,0.0581
27.6800,8.8390,9.1260,453.4000,0.1821,2.7110,23.4000,0.0581
27.3300,8.6000,7.2880,457.9000,0.1740,2.4740,21.8000,0.0999
27.4900,8.5620,7.1590,460.0000,0.1713,2.6610,19.2300,0.1054
28.1400,8.8880,10.5260,453.1000,0.1743,2.5910,21.7300,0.0573
27.8500,8.8480,9.8620,453.9000,0.1797,2.7620,25.6200,0.0720
27.2800,8.6500,7.7750,452.9000,0.1669,2.7330,23.0500,0.1100
26.9100,8.4570,6.6270,444.1000,0.1639,2.5830,23.4100,0.1501
25.6500,7.7100,3.3140,379.7000,0.3937,3.4990,127.8600,0.5572
25.4100,7.5280,2.6160,362.8000,0.4497,3.8180,137.5200,0.7176
25.3000,7.4850,2.5780,375.8000,0.5040,4.3180,105.0100,1.0388
25.0100,7.4130,2.3440,361.7000,0.5056,4.4030,102.2000,1.1376
24.7200,7.3510,2.2600,342.2000,0.4840,4.2600,110.9500,1.1068
24.3900,7.2920,2.0330,328.4000,0.4606,4.3100,110.9100,1.0877
24.4900,7.2660,1.8420,325.1000,0.4635,4.5990,99.6500,1.1445
24.8300,7.2750,1.9320,330.5000,0.4488,4.8190,79.2400,1.1835
25.1800,7.2990,2.2600,337.6000,0.4502,5.0460,64.1200,1.2019
24.9500,7.3040,2.1910,348.3000,0.4427,5.2070,54.1400,1.2213
24.7600,7.3000,2.1570,360.4000,0.4427,5.2070,40.8300,1.2213
24.6300,7.3180,2.1950,376.5000,0.4237,5.4290,36.5400,1.2400
24.8100,7.3330,2.2560,389.2000,0.4214,5.5940,41.7000,1.2121
25.5700,7.3670,2.5800,401.1000,0.4084,5.6580,42.2900,1.1550
26.1100,7.4190,3.1310,411.0000,0.3935,5.7780,41.0000,1.0849
25.7700,7.4100,3.0240,416.0000,0.3750,5.7350,39.0000,1.0293
25.6500,7.4060,2.9350,423.7000,0.3466,5.5970,28.5800,0.9437
25.6300,7.4110,2.9230,428.7000,0.3358,5.6580,28.6300,0.8866
25.9000,7.4150,2.9440,433.9000,0.3302,5.5820,31.2100,0.8178
27.0600,7.4670,3.5730,440.1000,0.3302,5.5820,30.4800,0.8178
27.1100,7.4990,3.8750,444.0000,0.3023,5.6270,29.4200,0.6921
26.9300,7.5190,4.1660,447.1000,0.3061,5.5210,31.1800,0.6406
26.5500,7.4810,3.5560,451.2000,0.3061,5.5210,26.2100,0.6406
26.4400,7.4700,3.3170,453.9000,0.3041,5.5810,24.9400,0.6369
26.8100,7.4790,3.4150,456.0000,0.3090,5.5440,24.3300,0.6021
27.9600,7.3240,4.8860,458.6000,0.3094,5.6970,24.9700,0.4983
28.3000,7.4470,5.7100,458.2000,0.2851,5.5330,23.6100,0.4487
27.5800,7.4490,5.4500,458.5000,0.2760,5.5420,25.6900,0.4186
27.4900,7.4080,5.0170,459.8000,0.2760,5.5420,23.0600,0.4186
27.3100,7.3470,4.4180,460.8000,0.2529,5.4750,22.7300,0.3284
27.6400,7.3890,4.8960,461.5000,0.2573,5.4930,19.9900,0.2766
28.4900,7.5220,6.0930,461.4000,0.2499,5.4920,21.1200,0.2140
28.6500,7.5430,6.2390,462.1000,0.2345,5.3220,22.5300,0.2085
28.1900,7.5820,6.1200,462.5000,0.2373,5.3130,26.3000,0.1726
28.0700,7.5680,6.0770,462.8000,0.2373,5.3130,25.0300,0.1726
27.9800,7.5570,5.9330,464.4000,0.2252,5.2050,22.6500,0.1122
28.1100,7.5570,5.8110,467.0000,0.2362,5.2860,23.3300,0.0937
28.8100,7.7590,7.2360,470.2000,0.2325,5.2450,24.2400,0.0671
29.0000,7.8880,7.7890,475.6000,0.2207,5.1990,27.5000,0.0769
28.6900,7.7760,6.8610,481.7000,0.2069,5.1770,26.0900,0.0817
28.4600,7.6200,5.6760,481.9000,0.2069,5.1770,21.0800,0.0817
28.2500,7.5360,5.0120,475.5000,0.1924,4.7860,20.4100,0.0826
28.2200,7.4910,4.7060,462.9000,0.2065,4.5560,24.2400,0.0802
28.5100,7.5380,5.2610,449.4000,0.2029,4.2730,24.4800,0.0631
28.6400,7.6010,5.8690,437.4000,0.1976,3.9920,26.7600,0.0606
28.4600,7.5640,5.6180,426.5000,0.1949,3.7190,26.9900,0.0642
28.2400,7.4890,5.0440,417.6000,0.1834,3.3560,23.3100,0.0653
28.1800,7.4260,4.5140,410.5000,0.1808,3.1120,21.9800,0.0729
28.1400,7.3940,4.2900,400.0000,0.1892,3.0900,22.9100,0.0737
27.9800,7.4150,4.5580,389.2000,0.1825,2.6850,24.7100,0.0836
27.9600,7.4420,4.7640,384.5000,0.1834,2.5890,28.0500,0.0884
27.7200,7.4100,4.4480,384.1000,0.1828,2.5740,30.3600,0.1010
27.4100,7.3700,4.2050,383.3000,0.1828,2.5740,25.8200,0.1010
27.2300,7.3560,4.0770,383.0000,0.1740,2.6170,25.5200,0.1172
27.2300,7.3520,4.0880,386.7000,0.1931,2.7740,26.9200,0.1451
27.5600,7.3800,4.2700,392.0000,0.2355,3.1160,25.8700,0.2575
27.7300,7.4520,4.9300,393.1000,0.2739,3.5250,24.8300,0.4230
27.0600,7.3190,4.0040,388.7000,0.2739,3.5250,28.7700,0.4230
26.7000,7.2540,3.5390,381.6000,0.3124,3.7960,24.4600,0.6511
26.3900,7.2230,3.2820,379.4000,0.3414,4.1530,22.6300,0.7827
26.4800,7.2260,3.3250,378.4000,0.3326,3.6880,22.5500,0.7112
27.4500,7.3310,4.4190,378.2000,0.3227,3.5610,24.1200,0.6208
28.1000,7.5330,6.2030,379.2000,0.3028,3.3970,23.8700,0.4493
27.6400,7.5120,5.9610,380.8000,0.2807,3.2590,24.3500,0.3498
27.0800,7.4120,5.1160,383.9000,0.2807,3.2590,23.0400,0.3498
26.5800,7.3490,4.5880,388.0000,0.2514,3.2830,22.4200,0.2580
26.6400,7.3610,4.6680,391.7000,0.2486,3.2160,21.1700,0.2154
27.8600,7.5520,6.6030,394.3000,0.2457,3.1570,22.5200,0.1714
28.1400,7.7220,7.7640,398.5000,0.2346,3.1780,21.5700,0.1418
27.5800,7.6710,7.2740,401.9000,0.2271,3.1570,24.2500,0.1317
27.1500,7.6410,6.8950,406.4000,0.2271,3.1570,22.4700,0.1317
26.5700,7.4890,5.7530,412.6000,0.2213,3.3170,21.5300,0.1339
26.7900,7.5450,6.1540,416.8000,0.2409,3.4910,19.6900,0.1113
27.7000,7.6310,7.0600,422.5000,0.2284,3.5340,21.4100,0.1030
27.7100,7.6970,7.5030,424.7000,0.2248,3.5690,23.0900,0.0929
27.4100,8.1440,9.3040,426.7000,0.2226,3.5890,22.2000,0.0584
27.2500,8.2440,9.6950,430.1000,0.2226,3.5890,21.3900,0.0584
26.6800,7.9250,7.9130,432.6000,0.2121,3.7030,20.7100,0.0489
26.8300,7.9480,8.3840,434.6000,0.2178,3.6800,18.7600,0.0326
27.4900,8.4000,11.2420,435.0000,0.2194,3.6290,22.3400,0.0365
27.2800,8.3580,10.7030,440.6000,0.2135,3.8140,25.1100,0.0431
26.6500,8.0270,8.6840,445.1000,0.2002,3.7990,24.0400,0.0506
26.2800,7.8760,7.7140,452.9000,0.2002,3.7990,22.0600,0.0506
26.0100,7.7500,6.6450,460.7000,0.1828,4.1880,20.3600,0.0637
25.9700,7.7270,6.4640,468.6000,0.1863,4.0230,20.8600,0.0541
26.4900,7.8810,7.3710,476.9000,0.1863,4.0230,21.8400,0.0541
26.4200,7.9850,8.0830,483.7000,0.1816,4.4400,22.2500,0.0430
26.1000,7.8620,7.1140,489.7000,0.1743,4.6770,22.5000,0.0539
25.7900,7.7130,6.0480,489.9000,0.1705,4.6100,22.4200,0.0701
25.5500,7.6380,5.4980,484.6000,0.1670,4.5940,20.8600,0.0729
25.3200,7.5960,5.1810,475.1000,0.1701,4.4310,21.6100,0.0783
25.1500,7.6100,5.3780,464.8000,0.1675,4.1810,22.8700,0.0776
24.7100,7.6200,5.5330,448.7000,0.1662,3.8500,24.6300,0.0886
24.3700,7.5940,5.4550,432.1000,0.1615,3.5270,26.0200,0.0960
24.1900,7.5680,5.3000,423.0000,0.1582,3.2280,24.7800,0.1021
23.9300,7.5380,5.1480,414.2000,0.1556,3.1760,22.8800,0.1071
23.8600,7.5500,5.2950,409.4000,0.1582,3.0370,25.0300,0.1093
24.1700,7.6360,5.9790,403.3000,0.1567,2.9580,23.8700,0.1042
24.1900,7.7220,6.5510,396.1000,0.1636,2.8540,26.2200,0.1195
23.6400,7.6550,6.1660,392.2000,0.1749,2.9420,27.5200,0.1778
23.2500,7.5780,5.7050,390.0000,0.1802,2.8710,26.7400,0.2445
22.8800,7.5190,5.3610,389.0000,0.1927,2.9200,23.9300,0.3300
23.0600,7.5120,5.3030,387.9000,0.2049,2.8950,23.1800,0.3792
23.9400,7.5730,5.7120,387.7000,0.2044,2.9020,22.3700,0.3847
24.2600,7.6480,6.2940,386.9000,0.2081,2.9310,24.9600,0.3917
23.7300,7.5940,6.0150,386.1000,0.2033,2.9660,23.2900,0.3936
23.4000,7.5260,5.6210,386.9000,0.2030,2.9420,24.1100,0.3803
23.0700,7.4630,5.1930,388.0000,0.2001,2.8930,24.0300,0.3814
23.3200,7.4540,5.0740,389.2000,0.1937,2.9690,20.5500,0.3546
23.6900,7.4820,5.4170,387.5000,0.1845,2.9650,18.9100,0.3213
24.1800,7.5710,5.9860,389.6000,0.1815,3.0020,19.7500,0.2889
23.7000,7.5240,5.6350,391.0000,0.1769,3.0000,23.4800,0.2637
23.3500,7.4730,5.3390,392.6000,0.1769,3.0000,24.4500,0.2637
23.0600,7.4330,4.9990,392.9000,0.1773,3.0140,25.5800,0.2326
23.2800,7.4220,4.8810,395.5000,0.1786,3.0520,22.4600,0.2329
24.4400,7.4820,5.4870,397.2000,0.1806,3.0460,21.8300,0.2220
24.3700,7.5170,5.6850,398.5000,0.1843,3.1490,21.1600,0.2279
23.9800,7.5080,5.5860,401.4000,0.1911,3.2340,24.3800,0.2241
23.6500,7.4730,5.4540,404.2000,0.2006,3.3100,25.0000,0.2307
23.3500,7.4360,5.1290,406.8000,0.1997,3.3950,24.3200,0.2321
23.7600,7.4800,5.4910,407.9000,0.1987,3.3100,18.5400,0.2100
25.2300,7.6710,7.0710,409.2000,0.1965,3.4050,15.4400,0.1577
25.2400,7.7200,7.4610,408.7000,0.1850,3.3390,15.8500,0.1519
24.3300,7.6270,6.5110,409.1000,0.1829,3.4060,18.9100,0.1436
24.0800,7.6100,6.4110,409.4000,0.1808,3.4020,19.3600,0.1249
23.7900,7.5920,6.3500,409.8000,0.1763,3.4340,20.2900,0.1103
24.0500,7.5800,6.3150,410.1000,0.1732,3.4060,15.7600,0.0905
25.3900,7.8640,8.6530,409.1000,0.1726,3.4060,15.5900,0.0579
25.3300,7.8130,7.8850,410.2000,0.1681,3.5910,18.3600,0.0711
24.8100,7.9740,8.7410,410.8000,0.1585,3.3100,16.6200,0.0661
24.4000,7.8290,7.7830,412.3000,0.1585,3.3100,17.9700,0.0661
24.1400,7.8500,7.7820,413.1000,0.1530,3.2750,18.1700,0.0660
24.3800,7.8620,8.0290,413.8000,0.1540,3.2560,15.0400,0.0489
25.8700,8.5870,12.0680,410.6000,0.1560,3.2040,13.2500,0.0386
26.1600,8.8920,13.0420,407.2000,0.1490,3.2740,14.6800,0.0473
25.3000,8.6330,11.3090,413.3000,0.1455,3.2510,15.2400,0.0548
24.9400,8.4050,9.9350,415.3000,0.1455,3.2510,16.3300,0.0548
24.6800,8.3470,9.5830,416.8000,0.1366,3.1300,16.2200,0.0590
25.0000,8.3630,9.8120,417.4000,0.1410,3.1660,13.0300,0.0423
26.4100,8.9950,13.7940,415.9000,0.1538,3.2420,12.5800,0.0692
27.2600,9.5960,19.4720,409.8000,0.1594,3.2330,15.4700,0.0468
26.6200,9.4440,17.0240,411.8000,0.1391,3.0940,14.1800,0.0552
26.2200,9.2250,14.4220,413.8000,0.1391,3.0940,13.5100,0.0552
25.7100,8.9760,12.3400,417.8000,0.1337,3.2850,14.0500,0.0623
25.7700,8.9430,12.2230,418.9000,0.1393,3.1620,11.6300,0.0463
27.1600,9.4470,17.0690,413.6000,0.1422,3.1020,12.4000,0.0464
27.7600,9.1350,19.2180,412.8000,0.1364,3.1700,16.1600,0.0577
27.0900,8.9990,18.8660,406.5000,0.1263,3.0780,13.4200,0.0594
26.6200,8.8610,16.0000,412.0000,0.1263,3.0780,10.5800,0.0594
25.9800,8.6920,13.5340,418.3000,0.1215,3.1110,10.4300,0.0686
26.1200,8.7230,13.7630,420.5000,0.1273,3.1970,8.9900,0.0515
27.5200,9.0110,18.4910,417.7000,0.1397,3.1880,11.0200,0.0347
27.6300,9.0890,19.5930,417.0000,0.1337,3.2250,13.2400,0.0416
26.6200,8.8220,14.7430,424.0000,0.1262,3.1650,11.0300,0.0606
26.3600,8.6070,12.3010,428.5000,0.1262,3.1650,10.2500,0.0606
25.9600,8.3510,9.9100,436.0000,0.1191,3.2250,9.8900,0.0940
26.1800,8.4020,10.4680,436.0000,0.1248,3.2390,8.4900,0.0788
27.3200,8.6730,13.2970,434.1000,0.1281,3.2570,8.8000,0.0516
27.3400,8.7690,13.8700,433.4000,0.1281,3.2570,11.8200,0.0516
26.7300,8.4590,10.3170,441.8000,0.1186,3.2870,10.2300,0.1137
26.5400,8.3740,9.3770,446.0000,0.1186,3.2870,9.9800,0.1137
26.2300,8.0640,7.4510,452.5000,0.1205,3.3990,9.6200,0.1951
26.4100,8.1220,7.7250,456.1000,0.1218,3.4380,8.1300,0.1913
27.4300,8.3610,9.7740,455.8000,0.1207,3.4980,8.7700,0.1408
27.7400,8.5920,11.6750,452.5000,0.1214,3.4370,11.1900,0.0998
27.0400,8.1970,8.0660,459.2000,0.1169,3.4810,11.1600,0.1526
26.7900,8.2250,8.1340,460.9000,0.1154,3.5100,9.6200,0.1594
26.4900,8.1350,7.4030,464.5000,0.1101,3.6070,8.9000,0.2002
26.2000,7.9360,6.2320,468.1000,0.1186,3.5960,8.8200,0.2596
26.7900,7.9860,6.9940,470.2000,0.1189,3.7270,8.9000,0.2667
26.9300,8.1510,8.1710,474.4000,0.1183,4.0220,10.7900,0.2507
26.5600,8.0210,7.1050,477.8000,0.1114,3.9550,12.5900,0.2979
26.1900,7.8460,5.7670,480.5000,0.1074,3.8540,10.9100,0.3839
25.8100,7.7080,4.5340,483.5000,0.1098,3.9590,11.1100,0.5110
26.0300,7.6820,4.3530,484.2000,0.1140,4.0340,10.0100,0.5338
26.9600,7.7740,5.6710,486.0000,0.1104,3.9990,10.8200,0.5324
26.7000,7.7720,5.5280,487.8000,0.1120,4.1470,13.2700,0.5332
26.3200,7.7150,4.9910,489.4000,0.1089,4.0680,13.9700,0.5282
26.1600,7.7290,5.0960,492.0000,0.1089,4.0680,11.9300,0.5282
25.8900,7.6760,4.6040,494.5000,0.1126,3.9890,12.3000,0.5766
25.6300,7.6600,4.6170,497.2000,0.1083,4.3380,11.8500,0.5879
26.5300,7.8440,7.0030,497.5000,0.1083,4.3380,13.3700,0.5879
26.8600,8.1310,9.3160,498.8000,0.1241,4.0450,14.9300,0.4556